-- MySQL dump 10.13  Distrib 5.7.17, for Win64 (x86_64)
--
-- Host: 116.62.108.248    Database: coach_station
-- ------------------------------------------------------
-- Server version	5.6.50-log

/*!40101 SET @OLD_CHARACTER_SET_CLIENT=@@CHARACTER_SET_CLIENT */;
/*!40101 SET @OLD_CHARACTER_SET_RESULTS=@@CHARACTER_SET_RESULTS */;
/*!40101 SET @OLD_COLLATION_CONNECTION=@@COLLATION_CONNECTION */;
/*!40101 SET NAMES utf8 */;
/*!40103 SET @OLD_TIME_ZONE=@@TIME_ZONE */;
/*!40103 SET TIME_ZONE='+00:00' */;
/*!40014 SET @OLD_UNIQUE_CHECKS=@@UNIQUE_CHECKS, UNIQUE_CHECKS=0 */;
/*!40014 SET @OLD_FOREIGN_KEY_CHECKS=@@FOREIGN_KEY_CHECKS, FOREIGN_KEY_CHECKS=0 */;
/*!40101 SET @OLD_SQL_MODE=@@SQL_MODE, SQL_MODE='NO_AUTO_VALUE_ON_ZERO' */;
/*!40111 SET @OLD_SQL_NOTES=@@SQL_NOTES, SQL_NOTES=0 */;

--
-- Table structure for table `article`
--

DROP TABLE IF EXISTS `article`;
/*!40101 SET @saved_cs_client     = @@character_set_client */;
/*!40101 SET character_set_client = utf8 */;
CREATE TABLE `article` (
  `article_id` int(11) NOT NULL AUTO_INCREMENT,
  `title` varchar(50) DEFAULT NULL COMMENT '文章标头',
  `content` longtext COMMENT '文章内容',
  `html_content` longtext COMMENT '文章内容HTML',
  PRIMARY KEY (`article_id`)
) ENGINE=InnoDB AUTO_INCREMENT=3 DEFAULT CHARSET=utf8;
/*!40101 SET character_set_client = @saved_cs_client */;

--
-- Dumping data for table `article`
--

LOCK TABLES `article` WRITE;
/*!40000 ALTER TABLE `article` DISABLE KEYS */;
INSERT INTO `article` VALUES (1,'疫情防控人人参与','1.接受温度检测就是对家人最大的保护！2.为了您和家人的健康安全，请自觉接受体温检测。','1.接受温度检测就是对家人最大的保护！2.为了您和家人的健康安全，请自觉接受体温检测。'),(2,'疫情期退票规则','各位旅客，办理全额退票请及时致电4008583030。为配合国家有关部门全力做好新型冠状病毒感染的肺炎疫情防控工作，凡在2020年1月28日0时之前在本平台各渠道已购买道路客运班线客票的旅客，且自愿改变行程需退票的，在发车时间【前两小时】本平台予以免费办理，票款将在7个工作日内回退，如需办理退票请致电4008583030。',NULL);
/*!40000 ALTER TABLE `article` ENABLE KEYS */;
UNLOCK TABLES;

--
-- Table structure for table `car`
--

DROP TABLE IF EXISTS `car`;
/*!40101 SET @saved_cs_client     = @@character_set_client */;
/*!40101 SET character_set_client = utf8 */;
CREATE TABLE `car` (
  `car_id` int(11) NOT NULL AUTO_INCREMENT COMMENT '车辆ID',
  `car_model` varchar(15) DEFAULT '-1' COMMENT '车辆型号',
  `car_color` varchar(10) DEFAULT '-1' COMMENT '车颜色',
  `car_number` varchar(10) DEFAULT '-1' COMMENT '车牌号',
  `contractor_name` varchar(10) DEFAULT '-1' COMMENT '承包商名称',
  PRIMARY KEY (`car_id`)
) ENGINE=InnoDB AUTO_INCREMENT=3 DEFAULT CHARSET=utf8;
/*!40101 SET character_set_client = @saved_cs_client */;

--
-- Dumping data for table `car`
--

LOCK TABLES `car` WRITE;
/*!40000 ALTER TABLE `car` DISABLE KEYS */;
INSERT INTO `car` VALUES (1,'中型高一30','白色','陕A3122','-1'),(2,'大型高一30','紫色','陕A3242','-1');
/*!40000 ALTER TABLE `car` ENABLE KEYS */;
UNLOCK TABLES;

--
-- Table structure for table `contact_person`
--

DROP TABLE IF EXISTS `contact_person`;
/*!40101 SET @saved_cs_client     = @@character_set_client */;
/*!40101 SET character_set_client = utf8 */;
CREATE TABLE `contact_person` (
  `person_id` int(11) NOT NULL AUTO_INCREMENT COMMENT '联系人ID',
  `phone_number` varchar(11) NOT NULL COMMENT '电话号码',
  `name` varchar(30) DEFAULT '-1' COMMENT '真实姓名',
  `user_id` int(11) NOT NULL COMMENT '用户ID',
  `email` varchar(20) DEFAULT '' COMMENT 'email',
  `is_delete` int(1) NOT NULL,
  PRIMARY KEY (`person_id`)
) ENGINE=InnoDB AUTO_INCREMENT=114 DEFAULT CHARSET=utf8;
/*!40101 SET character_set_client = @saved_cs_client */;

--
-- Dumping data for table `contact_person`
--

LOCK TABLES `contact_person` WRITE;
/*!40000 ALTER TABLE `contact_person` DISABLE KEYS */;
INSERT INTO `contact_person` VALUES (10,'18082529080','蔡依林',1,'1360222948@qq.com',0),(11,'10225090802','陈奕迅',2,'1360222948@qq.com',0),(13,'18082511202','高宁宇',1,'1360222948@qq.com',0),(15,'18825121232','周杰伦',1,'1360222948@qq.com',0),(18,'18082501083','袁嘉',1,'123123@qq.com',0),(26,'18082509081','侯思彤',1,'1645234689@qq.com',0),(34,'18082501082','侯思彤',1,'-',1),(35,'18082501082','侯思彤',1,'-',1),(36,'18082501082','侯思彤',1,'-',1),(37,'18082501082','侯思彤',1,'-',1),(38,'18082501082','侯思彤',1,'-',1),(39,'18082509082','侯思彤',1,'-',1),(40,'18082509082','侯思彤',1,'-',1),(41,'18082509082','侯思彤',1,'-',1),(42,'18082509082','侯思彤',1,'-',1),(43,'18082509082','侯思彤',1,'-',1),(44,'18082509082','侯思彤',1,'-',1),(45,'18082509082','侯思彤',1,'-',1),(46,'18082509082','侯思彤',1,'-',1),(47,'18082509082','侯思彤',1,'-',1),(48,'18082509082','侯思彤',1,'-',1),(49,'18082509082','侯思彤',1,'-',1),(50,'18082509082','侯思彤',1,'-',1),(51,'18082509082','侯思彤',1,'-',1),(52,'18082509082','侯思彤',1,'-',1),(53,'18082509082','侯思彤',1,'-',1),(54,'18082509082','侯思彤',1,'-',1),(55,'18082509082','侯思彤',1,'-',1),(56,'18082509082','侯思彤',1,'-',1),(57,'18082509082','侯思彤',1,'-',1),(58,'18082509082','侯思彤',1,'-',1),(59,'18082509082','侯思彤',1,'-',1),(60,'18082509082','侯思彤',1,'-',1),(61,'18082509082','侯思彤',1,'-',1),(62,'18082509082','侯思彤',1,'-',1),(63,'18082509082','侯思彤',1,'-',1),(64,'18082509082','侯思彤',1,'-',1),(65,'18082509082','侯思彤',9,'-',1),(66,'18082509082','侯思彤',1,'-',1),(68,'18082509082','侯思彤',3,'-',1),(69,'18082509082','侯思彤',3,'-',1),(70,'18082509082','侯思彤',1,'-',1),(71,'18082509082','侯思彤',12,'-',1),(72,'18082509082','侯思彤',1,'-',1),(73,'18082509082','侯思彤',1,'-',1),(86,'18825121232','周杰伦',1,'1360222948@qq.com',1),(87,'18825121232','周杰伦',1,'1360222948@qq.com',1),(90,'18825121232','周杰伦',1,'1360222948@qq.com',1),(92,'18082511202','高宁宇',1,'1360222948@qq.com',1),(93,'18082511202','高宁宇',1,'1360222948@qq.com',1),(94,'18825121232','容祖儿',1,'1360222948@qq.com',1),(107,'18082511202','高宁宇',1,'1360222948@qq.com',1),(111,'17688829531','王瑞',1,'',0),(112,'18791039910','wangxingxing',14,'',0),(113,'18791039910','wxx',1,'',0);
/*!40000 ALTER TABLE `contact_person` ENABLE KEYS */;
UNLOCK TABLES;

--
-- Table structure for table `order_info`
--

DROP TABLE IF EXISTS `order_info`;
/*!40101 SET @saved_cs_client     = @@character_set_client */;
/*!40101 SET character_set_client = utf8 */;
CREATE TABLE `order_info` (
  `order_id` int(11) NOT NULL AUTO_INCREMENT COMMENT '订单ID',
  `order_number` varchar(22) DEFAULT NULL COMMENT '订单编号，唯一识别订单',
  `order_type` int(1) DEFAULT '-1' COMMENT '订单类型: 1主单，2子单',
  `trading_number` varchar(30) DEFAULT '-1' COMMENT '交易流水号，主单维度',
  `slave_order_quantity` int(1) DEFAULT '-1' COMMENT '子单数量',
  `order_status` int(1) DEFAULT '-1' COMMENT '订单状态: 1预订,2待支付,3已支付,4已换纸质票（主单维度）,5部分退款（主单维度）,6已退款（主单维度全部退款或子单维度单个退款）,7已完成,8已取消',
  `user_id` int(11) NOT NULL COMMENT '用户id',
  `from_online` int(1) DEFAULT '-1' COMMENT '是否来自网络购票,1是,2否',
  `passenger_id` int(11) DEFAULT '-1' COMMENT '乘客id',
  `person_id` int(11) DEFAULT '-1' COMMENT '联系人ID',
  `create_time` bigint(15) NOT NULL COMMENT '订单创建时间',
  `ride_code` varchar(10) DEFAULT '-1' COMMENT '乘车码',
  `ticket_type` int(1) DEFAULT '-1' COMMENT '票种:1成人票,2携童票,3半票',
  `insurance_status` int(1) DEFAULT '-1' COMMENT '子单购保状态',
  `shuttle_shift_id` int(11) NOT NULL COMMENT '班次id',
  `total_amount` decimal(7,2) NOT NULL COMMENT '订单总价',
  `refund_amount` decimal(7,2) DEFAULT '0.00' COMMENT '退款金额',
  `master_order_number` varchar(22) DEFAULT '-1' COMMENT '主订单号',
  `is_delete` int(1) DEFAULT '0' COMMENT '软删除，0在使用，1已删除',
  PRIMARY KEY (`order_id`),
  UNIQUE KEY `order_number_UNIQUE` (`order_number`),
  KEY `user_id` (`user_id`)
) ENGINE=InnoDB AUTO_INCREMENT=466 DEFAULT CHARSET=utf8;
/*!40101 SET character_set_client = @saved_cs_client */;

--
-- Dumping data for table `order_info`
--

LOCK TABLES `order_info` WRITE;
/*!40000 ALTER TABLE `order_info` DISABLE KEYS */;
INSERT INTO `order_info` VALUES (1,'234122',1,'-1',1,8,2,-1,3,1,1640794611,'-1',1,0,1,18.00,0.00,'-1',0),(6,'1231231231231231234123',1,'-1',2,8,1,-1,NULL,-1,1640794611,'-1',1,0,1,56.00,0.00,'-1',0),(7,'123412',2,'-1',-1,8,1,-1,2,9,1640794611,'qweas',1,2,2,28.00,0.00,'1231231231231231234123',0),(8,'123432',2,'-1',-1,8,1,-1,2,8,1640794611,'asdqw',1,1,1,28.00,0.00,'1231231231231231234123',0),(9,'123123',1,'cd1231231231',1,5,1,-1,1,8,1640794611,'123123',1,0,1,21.00,0.00,'-1',0),(34,'rf123123200000034202',2,'2022011919073901',-1,8,1,1,43,39,1642590284025,'83c2cf',1,2,2,32.00,0.00,'rf123123200000036202',0),(35,'rf123123200000035202',2,'2022011919073901',-1,8,1,1,49,39,1642590284032,'83c2cf',3,1,2,30.00,0.00,'rf123123200000036202',0),(36,'rf123123200000036202',1,'2022011919073901',2,8,1,1,-1,39,1642590284032,'83c2cf',-1,-1,2,62.00,0.00,'-1',0),(37,'rf123123200000037202',2,'2022011919113001',-1,5,1,1,43,40,1642590666650,'8dfba3',1,2,2,32.00,0.00,'rf123123200000039202',0),(38,'rf123123200000038202',2,'2022011919113001',-1,5,1,1,50,40,1642590666650,'8dfba3',3,1,2,30.00,0.00,'rf123123200000039202',0),(39,'rf123123200000039202',1,'2022011919113001',2,5,1,1,-1,40,1642590666650,'8dfba3',-1,-1,2,62.00,0.00,'-1',0),(40,'rf12312322200000040202',2,'2022011919155501',-1,5,1,1,43,41,1642590945187,'17acf7',1,2,2,32.00,0.00,'rf12312322200000042202',0),(41,'rf12312322200000041202',2,'2022011919155501',-1,5,1,1,51,41,1642590945187,'17acf7',3,1,2,30.00,0.00,'rf12312322200000042202',0),(42,'rf12312322200000042202',1,'2022011919155501',2,5,1,1,-1,41,1642590945187,'17acf7',-1,-1,2,62.00,0.00,'-1',0),(49,'rf12312322200000049202',2,NULL,-1,8,1,1,43,44,1642768588944,'49fd61',1,2,2,32.00,0.00,'rf12312322200000051202',0),(50,'rf12312322200000050202',2,NULL,-1,8,1,1,54,44,1642768588944,'49fd61',3,1,1,30.00,0.00,'rf12312322200000051202',0),(51,'rf12312322200000051202',1,NULL,2,8,1,1,-1,44,1642768588944,'49fd61',-1,-1,1,62.00,0.00,'-1',0),(52,'rf12312322200000052202',2,NULL,-1,8,1,1,43,45,1642837280710,'8a01b4',1,2,2,32.00,0.00,'rf12312322200000054202',0),(53,'rf12312322200000053202',2,NULL,-1,8,1,1,55,45,1642837280711,'-1',3,1,2,30.00,28.50,'rf12312322200000054202',0),(54,'rf12312322200000054202',1,NULL,2,8,1,1,-1,45,1642837280711,'8a01b4',-1,-1,2,62.00,0.00,'-1',0),(55,'rf12312322200000055202',2,'-1',-1,8,1,1,14,46,1645501466573,'-1',1,2,2,32.00,0.00,'rf12312322200000057202',0),(56,'rf12312322200000056202',2,'-1',-1,8,1,1,56,46,1645501466576,'-1',3,1,2,30.00,0.00,'rf12312322200000057202',0),(57,'rf12312322200000057202',1,'-1',2,8,1,1,-1,46,1645501466576,'-1',-1,-1,2,62.00,0.00,'-1',0),(58,'rf12312322200000058202',2,'-1',-1,7,1,1,14,47,1645503755585,'-1',1,2,2,32.00,0.00,'rf12312322200000060202',0),(59,'rf12312322200000059202',2,'-1',-1,7,1,1,57,47,1645503755593,'-1',3,1,2,16.00,0.00,'rf12312322200000060202',0),(60,'rf12312322200000060202',1,'-1',2,7,1,1,-1,47,1645503755593,'-1',-1,-1,2,48.00,0.00,'-1',0),(61,'rf12312322200000061202',2,'-1',-1,3,1,1,14,48,1645504500636,'ds12ss',1,2,2,32.00,0.00,'rf12312322200000063202',0),(62,'rf12312322200000062202',2,'-1',-1,5,1,1,58,48,1645504500636,'-1',3,1,2,16.00,16.00,'rf12312322200000063202',0),(63,'rf12312322200000063202',1,'-1',2,5,1,1,-1,48,1645504500636,'-1',-1,-1,2,48.00,16.00,'-1',0),(64,'rf12312322200000064202',2,'2022022222001474040501477519',-1,3,1,1,14,49,1645505247976,'dac00f',1,2,2,32.00,0.00,'rf12312322200000066202',0),(65,'rf12312322200000065202',2,'2022022222001474040501477519',-1,3,1,1,59,49,1645505247976,'dac00f',3,1,2,16.00,0.00,'rf12312322200000066202',0),(66,'rf12312322200000066202',1,'2022022222001474040501477519',2,3,1,1,-1,49,1645505247976,'dac00f',-1,-1,2,48.00,0.00,'-1',0),(67,'610100XPO2200000067202',2,'2022031522001474040501488148',-1,3,1,1,14,50,1647351428338,'460f97',1,2,2,18.50,0.00,'610100XPO2200000069202',0),(68,'610100XPO2200000068202',2,'2022031522001474040501488148',-1,3,1,1,62,50,1647351428339,'460f97',3,1,2,9.50,0.00,'610100XPO2200000069202',0),(69,'610100XPO2200000069202',1,'2022031522001474040501488148',2,3,1,1,-1,50,1647351428339,'460f97',-1,-1,2,28.00,0.00,'-1',0),(70,'610100XPO2200000070202',2,'-1',-1,7,1,1,14,51,1647351850822,'-1',1,2,2,18.50,0.00,'610100XPO2200000072202',0),(71,'610100XPO2200000071202',2,'-1',-1,7,1,1,63,51,1647351850822,'-1',3,1,2,9.50,0.00,'610100XPO2200000072202',0),(72,'610100XPO2200000072202',1,'-1',2,7,1,1,-1,51,1647351850822,'-1',-1,-1,2,28.00,0.00,'-1',0),(73,'610100XPO2200000073202',2,'2022031522001474040501488149',-1,7,1,1,14,52,1647352003121,'e9b044',1,2,2,18.50,0.00,'610100XPO2200000075202',0),(74,'610100XPO2200000074202',2,'2022031522001474040501488149',-1,7,1,1,64,52,1647352003121,'e9b044',3,1,2,9.50,0.00,'610100XPO2200000075202',0),(75,'610100XPO2200000075202',1,'2022031522001474040501488149',2,7,1,1,-1,52,1647352003121,'e9b044',-1,-1,2,28.00,0.00,'-1',0),(76,'610100XPO2200000076202',2,'-1',-1,7,1,1,14,53,1647613422553,'-1',1,2,2,18.50,0.00,'610100XPO2200000078202',0),(77,'610100XPO2200000077202',2,'-1',-1,7,1,1,65,53,1647613422553,'-1',3,1,2,9.50,0.00,'610100XPO2200000078202',0),(78,'610100XPO2200000078202',1,'-1',2,7,1,1,-1,53,1647613422553,'-1',-1,-1,2,28.00,0.00,'-1',0),(79,'610100XPO2200000079202',2,'-1',-1,7,1,1,14,54,1647616891241,'-1',1,2,2,18.50,0.00,'610100XPO2200000081202',0),(80,'610100XPO2200000080202',2,'-1',-1,7,1,1,66,54,1647616891241,'-1',3,1,2,9.50,0.00,'610100XPO2200000081202',0),(81,'610100XPO2200000081202',1,'-1',2,7,1,1,-1,54,1647616891241,'-1',-1,-1,2,28.00,0.00,'-1',0),(82,'610100XPO2200000082202',2,'-1',-1,7,1,1,14,55,1647662805672,'-1',1,2,2,18.50,0.00,'610100XPO2200000084202',0),(83,'610100XPO2200000083202',2,'-1',-1,7,1,1,67,55,1647662805672,'-1',3,1,2,9.50,0.00,'610100XPO2200000084202',0),(84,'610100XPO2200000084202',1,'-1',2,7,1,1,-1,55,1647662805672,'-1',-1,-1,2,28.00,0.00,'-1',0),(85,'610100XPO2200000085202',2,'-1',-1,7,1,1,14,56,1647664972007,'-1',1,2,2,18.50,0.00,'610100XPO2200000087202',0),(86,'610100XPO2200000086202',2,'-1',-1,7,1,1,68,56,1647664972007,'-1',3,1,2,9.50,0.00,'610100XPO2200000087202',0),(87,'610100XPO2200000087202',1,'-1',2,7,1,1,-1,56,1647664972007,'-1',-1,-1,2,28.00,0.00,'-1',0),(88,'610100XPO2200000088202',2,'-1',-1,7,1,1,14,57,1647667022003,'-1',1,2,2,18.50,0.00,'610100XPO2200000090202',0),(89,'610100XPO2200000089202',2,'-1',-1,7,1,1,69,57,1647667022003,'-1',3,1,2,9.50,0.00,'610100XPO2200000090202',0),(90,'610100XPO2200000090202',1,'-1',2,7,1,1,-1,57,1647667022003,'-1',-1,-1,2,28.00,0.00,'-1',0),(91,'610100XPO2200000091202',2,'-1',-1,7,1,1,14,58,1647670759670,'-1',1,2,2,18.50,0.00,'610100XPO2200000093202',0),(92,'610100XPO2200000092202',2,'-1',-1,7,1,1,70,58,1647670759670,'-1',3,1,2,9.50,0.00,'610100XPO2200000093202',0),(93,'610100XPO2200000093202',1,'-1',2,7,1,1,-1,58,1647670759670,'-1',-1,-1,2,28.00,0.00,'-1',0),(94,'610100XPO2200000094202',2,'-1',-1,7,1,1,14,59,1647672633132,'-1',1,2,2,18.50,0.00,'610100XPO2200000096202',0),(95,'610100XPO2200000095202',2,'-1',-1,7,1,1,71,59,1647672633132,'-1',3,1,2,9.50,0.00,'610100XPO2200000096202',0),(96,'610100XPO2200000096202',1,'-1',2,7,1,1,-1,59,1647672633132,'-1',-1,-1,2,28.00,0.00,'-1',0),(97,'610100XPO2200000097202',2,'-1',-1,7,1,1,14,60,1647676829907,'-1',1,2,2,18.50,0.00,'610100XPO2200000099202',0),(98,'610100XPO2200000098202',2,'-1',-1,7,1,1,72,60,1647676829907,'-1',3,1,2,9.50,0.00,'610100XPO2200000099202',0),(99,'610100XPO2200000099202',1,'-1',2,7,1,1,-1,60,1647676829907,'-1',-1,-1,2,28.00,0.00,'-1',0),(100,'610100XPO2200000100202',2,'-1',-1,7,1,1,14,61,1647698384389,'-1',1,2,2,18.50,0.00,'610100XPO2200000102202',0),(101,'610100XPO2200000101202',2,'-1',-1,7,1,1,73,61,1647698384389,'-1',3,1,2,9.50,0.00,'610100XPO2200000102202',0),(102,'610100XPO2200000102202',1,'-1',2,7,1,1,-1,61,1647698384389,'-1',-1,-1,2,28.00,0.00,'-1',0),(103,'610100XPO2200000103202',2,'-1',-1,7,1,1,14,62,1647749648455,'-1',1,2,2,18.50,0.00,'610100XPO2200000105202',0),(104,'610100XPO2200000104202',2,'-1',-1,7,1,1,74,62,1647749648455,'-1',3,1,2,9.50,0.00,'610100XPO2200000105202',0),(105,'610100XPO2200000105202',1,'-1',2,7,1,1,-1,62,1647749648455,'-1',-1,-1,2,28.00,0.00,'-1',0),(106,'610100XPO2200000106202',2,'-1',-1,7,1,1,14,63,1647761643603,'-1',1,2,2,18.50,0.00,'610100XPO2200000108202',0),(107,'610100XPO2200000107202',2,'-1',-1,7,1,1,75,63,1647761643603,'-1',3,1,2,9.50,0.00,'610100XPO2200000108202',0),(108,'610100XPO2200000108202',1,'-1',2,7,1,1,-1,63,1647761643603,'-1',-1,-1,2,28.00,0.00,'-1',0),(109,'610100XPO2200000109202',2,'-1',-1,7,1,1,14,13,1647764190923,'-1',1,2,2,18.50,0.00,'610100XPO2200000111202',0),(110,'610100XPO2200000110202',2,'-1',-1,7,1,1,76,13,1647764190928,'-1',3,1,2,9.50,0.00,'610100XPO2200000111202',0),(111,'610100XPO2200000111202',1,'-1',2,7,1,1,-1,13,1647764190928,'-1',-1,-1,2,28.00,0.00,'-1',0),(112,'610100XPO2200000112202',2,'-1',-1,7,1,1,14,15,1647767100085,'-1',1,2,2,18.50,0.00,'610100XPO2200000114202',0),(113,'610100XPO2200000113202',2,'-1',-1,7,1,1,77,15,1647767100085,'-1',3,1,2,9.50,0.00,'610100XPO2200000114202',0),(114,'610100XPO2200000114202',1,'-1',2,7,1,1,-1,15,1647767100085,'-1',-1,-1,2,28.00,0.00,'-1',0),(115,'610100XPO2200000115202',2,'-1',-1,7,1,1,14,13,1647769345190,'-1',1,2,2,18.50,0.00,'610100XPO2200000117202',0),(116,'610100XPO2200000116202',2,'-1',-1,7,1,1,78,13,1647769345190,'-1',3,1,2,9.50,0.00,'610100XPO2200000117202',0),(117,'610100XPO2200000117202',1,'-1',2,7,1,1,-1,13,1647769345190,'-1',-1,-1,2,28.00,0.00,'-1',0),(118,'610100XPO2200000118202',2,'-1',-1,7,1,1,14,15,1647774261175,'-1',1,2,2,18.50,0.00,'610100XPO2200000120202',0),(119,'610100XPO2200000119202',2,'-1',-1,7,1,1,79,15,1647774261175,'-1',3,1,2,9.50,0.00,'610100XPO2200000120202',0),(120,'610100XPO2200000120202',1,'-1',2,7,1,1,-1,15,1647774261175,'-1',-1,-1,2,28.00,0.00,'-1',0),(121,'610100XPO2200000121202',2,'-1',-1,7,1,1,14,10,1647776203325,'-1',1,2,2,18.50,0.00,'610100XPO2200000123202',0),(122,'610100XPO2200000122202',2,'-1',-1,7,1,1,80,10,1647776203325,'-1',3,1,2,9.50,0.00,'610100XPO2200000123202',0),(123,'610100XPO2200000123202',1,'-1',2,7,1,1,-1,10,1647776203325,'-1',-1,-1,2,28.00,0.00,'-1',0),(124,'610100XPO2200000124202',2,'-1',-1,7,1,1,14,9,1647778915780,'-1',1,2,2,18.50,0.00,'610100XPO2200000126202',0),(125,'610100XPO2200000125202',2,'-1',-1,7,1,1,81,9,1647778915780,'-1',3,1,2,9.50,0.00,'610100XPO2200000126202',0),(126,'610100XPO2200000126202',1,'-1',2,7,1,1,-1,9,1647778915780,'-1',-1,-1,2,28.00,0.00,'-1',0),(127,'610100XPO2200000127202',2,'-1',-1,7,1,1,14,10,1647781229021,'-1',1,2,2,18.50,0.00,'610100XPO2200000129202',0),(128,'610100XPO2200000128202',2,'-1',-1,7,1,1,82,10,1647781229021,'-1',3,1,2,9.50,0.00,'610100XPO2200000129202',0),(129,'610100XPO2200000129202',1,'-1',2,7,1,1,-1,10,1647781229021,'-1',-1,-1,2,28.00,0.00,'-1',0),(130,'610100XPO2200000130202',2,'-1',-1,7,1,1,14,10,1647785046636,'-1',1,2,2,18.50,0.00,'610100XPO2200000132202',0),(131,'610100XPO2200000131202',2,'-1',-1,7,1,1,83,10,1647785046640,'-1',3,1,2,9.50,0.00,'610100XPO2200000132202',0),(132,'610100XPO2200000132202',1,'-1',2,7,1,1,-1,10,1647785046640,'-1',-1,-1,2,28.00,0.00,'-1',0),(133,'610100XPO2200000133202',2,'-1',-1,7,1,1,14,10,1647850948836,'-1',1,2,2,18.50,0.00,'610100XPO2200000135202',0),(134,'610100XPO2200000134202',2,'-1',-1,7,1,1,84,10,1647850948836,'-1',3,1,2,9.50,0.00,'610100XPO2200000135202',0),(135,'610100XPO2200000135202',1,'-1',2,7,1,1,-1,10,1647850948836,'-1',-1,-1,2,28.00,0.00,'-1',0),(136,'610100XPO2200000136202',2,'-1',-1,7,1,1,14,64,1647852937360,'-1',1,2,2,18.50,0.00,'610100XPO2200000138202',0),(137,'610100XPO2200000137202',2,'-1',-1,7,1,1,85,64,1647852937360,'-1',3,1,2,9.50,0.00,'610100XPO2200000138202',0),(138,'610100XPO2200000138202',1,'-1',2,7,1,1,-1,64,1647852937362,'-1',-1,-1,2,28.00,0.00,'-1',0),(139,'610100XPO2200000139202',2,'-1',-1,7,1,1,14,9,1647861314143,'-1',1,2,2,18.50,0.00,'610100XPO2200000141202',0),(140,'610100XPO2200000140202',2,'-1',-1,7,1,1,86,9,1647861314143,'-1',3,1,2,9.50,0.00,'610100XPO2200000141202',0),(141,'610100XPO2200000141202',1,'-1',2,7,1,1,-1,9,1647861314143,'-1',-1,-1,2,28.00,0.00,'-1',0),(142,'610100XPO2200000142202',2,'-1',-1,7,1,1,14,13,1647864399054,'-1',1,2,2,18.50,0.00,'610100XPO2200000144202',0),(143,'610100XPO2200000143202',2,'-1',-1,7,1,1,87,13,1647864399054,'-1',3,1,2,9.50,0.00,'610100XPO2200000144202',0),(144,'610100XPO2200000144202',1,'-1',2,7,1,1,-1,13,1647864399054,'-1',-1,-1,2,28.00,0.00,'-1',0),(145,'610100XPO2200000145202',2,'-1',-1,7,1,1,14,9,1647867113102,'-1',1,2,2,18.50,0.00,'610100XPO2200000147202',0),(146,'610100XPO2200000146202',2,'-1',-1,7,1,1,88,9,1647867113102,'-1',3,1,2,9.50,0.00,'610100XPO2200000147202',0),(147,'610100XPO2200000147202',1,'-1',2,7,1,1,-1,9,1647867113105,'-1',-1,-1,2,28.00,0.00,'-1',0),(148,'610100XPO2200000148202',2,'-1',-1,7,1,1,14,10,1647869445172,'-1',1,2,2,18.50,0.00,'610100XPO2200000150202',0),(149,'610100XPO2200000149202',2,'-1',-1,7,1,1,89,10,1647869445172,'-1',3,1,2,9.50,0.00,'610100XPO2200000150202',0),(150,'610100XPO2200000150202',1,'-1',2,7,1,1,-1,10,1647869445172,'-1',-1,-1,2,28.00,0.00,'-1',0),(151,'610100XPO2200000151202',2,'-1',-1,7,1,1,14,9,1647914459643,'-1',1,2,2,18.50,0.00,'610100XPO2200000153202',0),(152,'610100XPO2200000152202',2,'-1',-1,7,1,1,90,9,1647914459643,'-1',3,1,2,9.50,0.00,'610100XPO2200000153202',0),(153,'610100XPO2200000153202',1,'-1',2,7,1,1,-1,9,1647914459643,'-1',-1,-1,2,28.00,0.00,'-1',0),(154,'610100XPO2200000154202',2,'-1',-1,7,1,1,14,10,1647933066811,'-1',1,2,2,18.50,0.00,'610100XPO2200000156202',0),(155,'610100XPO2200000155202',2,'-1',-1,7,1,1,91,10,1647933066811,'-1',3,1,2,9.50,0.00,'610100XPO2200000156202',0),(156,'610100XPO2200000156202',1,'-1',2,7,1,1,-1,10,1647933066811,'-1',-1,-1,2,28.00,0.00,'-1',0),(157,'610100XPO2200000157202',2,'-1',-1,7,1,1,14,8,1647949380441,'-1',1,2,2,18.50,0.00,'610100XPO2200000159202',0),(158,'610100XPO2200000158202',2,'-1',-1,7,1,1,92,8,1647949380441,'-1',3,1,2,9.50,0.00,'610100XPO2200000159202',0),(159,'610100XPO2200000159202',1,'-1',2,7,1,1,-1,8,1647949380441,'-1',-1,-1,2,28.00,0.00,'-1',0),(160,'610100XPO2200000160202',2,'-1',-1,7,9,1,14,65,1647953842371,'-1',1,2,2,18.50,0.00,'610100XPO2200000162202',0),(161,'610100XPO2200000161202',2,'-1',-1,7,9,1,93,65,1647953842371,'-1',3,1,2,9.50,0.00,'610100XPO2200000162202',0),(162,'610100XPO2200000162202',1,'-1',2,7,9,1,-1,65,1647953842371,'-1',-1,-1,2,28.00,0.00,'-1',0),(163,'610100XPO2200000163202',2,'-1',-1,7,1,1,14,16,1647956389965,'-1',1,2,2,18.50,0.00,'610100XPO2200000165202',0),(164,'610100XPO2200000164202',2,'-1',-1,7,1,1,94,16,1647956389965,'-1',3,1,2,9.50,0.00,'610100XPO2200000165202',0),(165,'610100XPO2200000165202',1,'-1',2,7,1,1,-1,16,1647956389965,'-1',-1,-1,2,28.00,0.00,'-1',0),(166,'610100XPO2200000166202',2,'-1',-1,7,1,1,14,15,1647957881368,'-1',1,2,2,18.50,0.00,'610100XPO2200000168202',0),(167,'610100XPO2200000167202',2,'-1',-1,7,1,1,95,15,1647957881368,'-1',3,1,2,9.50,0.00,'610100XPO2200000168202',0),(168,'610100XPO2200000168202',1,'-1',2,7,1,1,-1,15,1647957881368,'-1',-1,-1,2,28.00,0.00,'-1',0),(169,'610100XPO2200000169202',2,'-1',-1,7,1,1,14,16,1647960502807,'-1',1,2,2,18.50,0.00,'610100XPO2200000171202',0),(170,'610100XPO2200000170202',2,'-1',-1,7,1,1,96,16,1647960502807,'-1',3,1,2,9.50,0.00,'610100XPO2200000171202',0),(171,'610100XPO2200000171202',1,'-1',2,7,1,1,-1,16,1647960502807,'-1',-1,-1,2,28.00,0.00,'-1',0),(172,'610100XPO2200000172202',2,'2022032322001474040501492269',-1,3,1,1,14,15,1647997032311,'775eb9',1,2,2,18.50,0.00,'610100XPO2200000174202',0),(173,'610100XPO2200000173202',2,'2022032322001474040501492269',-1,3,1,1,97,15,1647997032311,'775eb9',3,1,2,9.50,0.00,'610100XPO2200000174202',0),(174,'610100XPO2200000174202',1,'2022032322001474040501492269',2,3,1,1,-1,15,1647997032311,'775eb9',-1,-1,2,28.00,0.00,'-1',0),(175,'610100XPO2200000175202',2,'-1',-1,7,1,1,14,66,1648036852948,'-1',1,2,2,18.50,0.00,'610100XPO2200000177202',0),(176,'610100XPO2200000176202',2,'-1',-1,7,1,1,98,66,1648036852948,'-1',3,1,2,9.50,0.00,'610100XPO2200000177202',0),(177,'610100XPO2200000177202',1,'-1',2,7,1,1,-1,66,1648036852948,'-1',-1,-1,2,28.00,0.00,'-1',0),(178,'610100XPO2200000178202',2,'-1',-1,7,1,1,14,9,1648040952614,'-1',1,2,2,18.50,0.00,'610100XPO2200000180202',0),(179,'610100XPO2200000179202',2,'-1',-1,7,1,1,99,9,1648040952614,'-1',3,1,2,9.50,0.00,'610100XPO2200000180202',0),(180,'610100XPO2200000180202',1,'-1',2,7,1,1,-1,9,1648040952614,'-1',-1,-1,2,28.00,0.00,'-1',0),(181,'610100XPO2200000181202',2,'-1',-1,7,1,1,14,10,1648041064350,'-1',1,2,2,18.50,0.00,'610100XPO2200000183202',0),(182,'610100XPO2200000182202',2,'-1',-1,7,1,1,100,10,1648041064350,'-1',3,1,2,9.50,0.00,'610100XPO2200000183202',0),(183,'610100XPO2200000183202',1,'-1',2,7,1,1,-1,10,1648041064350,'-1',-1,-1,2,28.00,0.00,'-1',0),(184,'610100XPO2200000184202',2,'-1',-1,7,1,1,14,10,1648041134773,'-1',1,2,2,18.50,0.00,'610100XPO2200000186202',0),(185,'610100XPO2200000185202',2,'-1',-1,7,1,1,101,10,1648041134773,'-1',3,1,2,9.50,0.00,'610100XPO2200000186202',0),(186,'610100XPO2200000186202',1,'-1',2,7,1,1,-1,10,1648041134774,'-1',-1,-1,2,28.00,0.00,'-1',0),(187,'610100XPO2200000187202',2,'2022032322001474040501493242',-1,3,1,1,14,9,1648041239964,'e3339c',1,2,2,18.50,0.00,'610100XPO2200000189202',0),(188,'610100XPO2200000188202',2,'2022032322001474040501493242',-1,3,1,1,102,9,1648041239964,'e3339c',3,1,2,9.50,0.00,'610100XPO2200000189202',0),(189,'610100XPO2200000189202',1,'2022032322001474040501493242',2,3,1,1,-1,9,1648041239964,'e3339c',-1,-1,2,28.00,0.00,'-1',0),(190,'610100XPO2200000190202',2,'2022032322001474040501492787',-1,3,1,1,176,8,1648041437207,'0b72aa',1,2,2,18.50,0.00,'610100XPO2200000192202',0),(191,'610100XPO2200000191202',2,'2022032322001474040501492787',-1,3,1,1,103,8,1648041437207,'0b72aa',3,1,2,9.50,0.00,'610100XPO2200000192202',0),(192,'610100XPO2200000192202',1,'2022032322001474040501492787',2,3,1,1,-1,8,1648041437207,'0b72aa',-1,-1,2,28.00,0.00,'-1',0),(193,'610100XPO2200000193202',2,'-1',-1,7,1,1,14,15,1648041917413,'-1',1,2,2,18.50,0.00,'610100XPO2200000195202',0),(194,'610100XPO2200000194202',2,'-1',-1,7,1,1,104,15,1648041917413,'-1',3,1,2,9.50,0.00,'610100XPO2200000195202',0),(195,'610100XPO2200000195202',1,'-1',2,7,1,1,-1,15,1648041917413,'-1',-1,-1,2,28.00,0.00,'-1',0),(196,'610100XPO2200000196202',2,'-1',-1,7,1,1,14,10,1648044128139,'-1',1,2,2,18.50,0.00,'610100XPO2200000198202',0),(197,'610100XPO2200000197202',2,'-1',-1,7,1,1,105,10,1648044128139,'-1',3,1,2,9.50,0.00,'610100XPO2200000198202',0),(198,'610100XPO2200000198202',1,'-1',2,7,1,1,-1,10,1648044128139,'-1',-1,-1,2,28.00,0.00,'-1',0),(199,'610100XPO2200000199202',2,'-1',-1,7,1,1,14,9,1648132824879,'-1',1,2,2,18.50,0.00,'610100XPO2200000201202',0),(200,'610100XPO2200000200202',2,'-1',-1,7,1,1,106,9,1648132824879,'-1',3,1,2,9.50,0.00,'610100XPO2200000201202',0),(201,'610100XPO2200000201202',1,'-1',2,7,1,1,-1,9,1648132824879,'-1',-1,-1,2,28.00,0.00,'-1',0),(202,'610100XPO2200000202202',2,'-1',-1,7,3,1,109,68,1648209492782,'-1',3,1,2,9.50,0.00,'610100XPO2200000203202',0),(203,'610100XPO2200000203202',1,'-1',1,7,3,1,-1,68,1648209492782,'-1',-1,-1,2,9.50,0.00,'-1',0),(204,'610100XPO2200000204202',2,'-1',-1,7,3,1,14,69,1648266509532,'-1',1,2,2,18.50,0.00,'610100XPO2200000206202',0),(205,'610100XPO2200000205202',2,'-1',-1,7,3,1,110,69,1648266509540,'-1',3,1,2,9.50,0.00,'610100XPO2200000206202',0),(206,'610100XPO2200000206202',1,'-1',2,7,3,1,-1,69,1648266509540,'-1',-1,-1,2,28.00,0.00,'-1',0),(207,'610100XPO2200000207202',2,'-1',-1,7,1,1,14,70,1648267250997,'-1',1,2,2,18.50,0.00,'610100XPO2200000209202',0),(208,'610100XPO2200000208202',2,'-1',-1,7,1,1,111,70,1648267250997,'-1',3,1,2,9.50,0.00,'610100XPO2200000209202',0),(209,'610100XPO2200000209202',1,'-1',2,7,1,1,-1,70,1648267250997,'-1',-1,-1,2,28.00,0.00,'-1',0),(210,'610100XPO2200000210202',2,'2022033122001474040501497125',-1,4,1,1,14,15,1648714977905,'-1',1,2,2,18.50,26.50,'610100XPO2200000212202',0),(211,'610100XPO2200000211202',2,'2022033122001474040501497125',-1,4,1,1,112,15,1648714977905,'-1',3,1,2,9.50,26.50,'610100XPO2200000212202',0),(212,'610100XPO2200000212202',1,'2022033122001474040501497125',2,4,1,1,-1,15,1648714977905,'-1',-1,-1,2,28.00,25.00,'-1',0),(213,'610100XPO2200000213202',2,'2022033122001474040501497260',-1,4,1,1,14,13,1648715477155,'-1',1,2,2,18.50,26.50,'610100XPO2200000215202',0),(214,'610100XPO2200000214202',2,'2022033122001474040501497260',-1,4,1,1,113,13,1648715477155,'-1',3,1,2,9.50,26.50,'610100XPO2200000215202',0),(215,'610100XPO2200000215202',1,'2022033122001474040501497260',2,4,1,1,-1,13,1648715477155,'-1',-1,-1,2,28.00,25.00,'-1',0),(216,'610100XPO2200000216202',2,'-1',-1,7,1,1,14,10,1648716115650,'-1',1,2,2,18.50,0.00,'610100XPO2200000218202',0),(217,'610100XPO2200000217202',2,'-1',-1,7,1,1,114,10,1648716115650,'-1',3,1,2,9.50,0.00,'610100XPO2200000218202',0),(218,'610100XPO2200000218202',1,'-1',2,7,1,1,-1,10,1648716115650,'-1',-1,-1,2,28.00,0.00,'-1',0),(219,'610100XPO2200000219202',2,'-1',-1,7,1,1,14,15,1648741089265,'-1',1,2,2,18.50,0.00,'610100XPO2200000221202',0),(220,'610100XPO2200000220202',2,'-1',-1,7,1,1,115,15,1648741089265,'-1',3,1,2,9.50,0.00,'610100XPO2200000221202',0),(221,'610100XPO2200000221202',1,'-1',2,7,1,1,-1,15,1648741089265,'-1',-1,-1,2,28.00,0.00,'-1',0),(222,'610100XPO2200000222202',2,'-1',-1,7,12,1,14,71,1648741488845,'-1',1,2,2,18.50,0.00,'610100XPO2200000224202',0),(223,'610100XPO2200000223202',2,'-1',-1,7,12,1,116,71,1648741488845,'-1',3,1,2,9.50,0.00,'610100XPO2200000224202',0),(224,'610100XPO2200000224202',1,'-1',2,7,12,1,-1,71,1648741488845,'-1',-1,-1,2,28.00,0.00,'-1',0),(225,'610100XPO2200000225202',2,'-1',-1,7,1,1,14,15,1649416141457,'-1',1,2,2,18.50,0.00,'610100XPO2200000227202',0),(226,'610100XPO2200000226202',2,'-1',-1,7,1,1,117,15,1649416141457,'-1',3,1,2,9.50,0.00,'610100XPO2200000227202',0),(227,'610100XPO2200000227202',1,'-1',2,7,1,1,-1,15,1649416141457,'-1',-1,-1,2,28.00,0.00,'-1',0),(228,'610100XPO2200000228202',2,'-1',-1,7,1,1,14,13,1649438954665,'-1',1,2,2,18.50,0.00,'610100XPO2200000230202',0),(229,'610100XPO2200000229202',2,'-1',-1,7,1,1,118,13,1649438954666,'-1',3,1,2,9.50,0.00,'610100XPO2200000230202',0),(230,'610100XPO2200000230202',1,'-1',2,7,1,1,-1,13,1649438954666,'-1',-1,-1,2,28.00,0.00,'-1',0),(231,'610100XPO2200000231202',2,'-1',-1,7,1,1,14,72,1649462731650,'-1',1,2,2,18.50,0.00,'610100XPO2200000233202',0),(232,'610100XPO2200000232202',2,'-1',-1,7,1,1,119,72,1649462731651,'-1',3,1,2,9.50,0.00,'610100XPO2200000233202',0),(233,'610100XPO2200000233202',1,'-1',2,7,1,1,-1,72,1649462731651,'-1',-1,-1,2,28.00,0.00,'-1',0),(234,'610100XPO2200000234202',2,'-1',-1,7,1,1,14,73,1649462767557,'-1',1,2,2,18.50,0.00,'610100XPO2200000236202',0),(235,'610100XPO2200000235202',2,'-1',-1,7,1,1,120,73,1649462767557,'-1',3,1,2,9.50,0.00,'610100XPO2200000236202',0),(236,'610100XPO2200000236202',1,'-1',2,7,1,1,-1,73,1649462767557,'-1',-1,-1,2,28.00,0.00,'-1',0),(237,'610100XPO2200000237202',2,'-1',-1,7,1,1,14,26,1649464564441,'-1',1,2,2,18.50,0.00,'610100XPO2200000239202',0),(238,'610100XPO2200000238202',2,'-1',-1,7,1,1,121,26,1649464564442,'-1',3,1,2,9.50,0.00,'610100XPO2200000239202',0),(239,'610100XPO2200000239202',1,'-1',2,7,1,1,-1,26,1649464564442,'-1',-1,-1,2,28.00,0.00,'-1',0),(240,'610100XPO2200000240202',2,'-1',-1,7,1,1,14,15,1649464609463,'-1',1,2,2,18.50,0.00,'610100XPO2200000241202',0),(241,'610100XPO2200000241202',1,'-1',1,7,1,1,-1,15,1649464609463,'-1',-1,-1,2,18.50,0.00,'-1',0),(242,'610100XPO2200000242202',2,'-1',-1,7,1,1,14,15,1649464668131,'-1',1,2,2,18.50,0.00,'610100XPO2200000243202',0),(243,'610100XPO2200000243202',1,'-1',1,7,1,1,-1,15,1649464668131,'-1',-1,-1,2,18.50,0.00,'-1',0),(244,'610100XPO2200000244202',2,'-1',-1,7,1,1,14,13,1649464810746,'-1',1,2,2,18.50,0.00,'610100XPO2200000246202',0),(245,'610100XPO2200000245202',2,'-1',-1,7,1,1,14,13,1649464810746,'-1',1,2,2,18.50,0.00,'610100XPO2200000246202',0),(246,'610100XPO2200000246202',1,'-1',1,7,1,1,-1,13,1649464810746,'-1',-1,-1,2,37.00,0.00,'-1',0),(247,'610100XPO2200000247202',2,'-1',-1,7,1,1,14,15,1649465231096,'-1',1,2,2,18.50,0.00,'610100XPO2200000251202',0),(248,'610100XPO2200000248202',2,'-1',-1,7,1,1,14,15,1649465231096,'-1',1,2,2,18.50,0.00,'610100XPO2200000251202',0),(249,'610100XPO2200000249202',2,'-1',-1,7,1,1,14,15,1649465231096,'-1',1,2,2,18.50,0.00,'610100XPO2200000251202',0),(250,'610100XPO2200000250202',2,'-1',-1,7,1,1,14,15,1649465231096,'-1',1,2,2,18.50,0.00,'610100XPO2200000251202',0),(251,'610100XPO2200000251202',1,'-1',1,7,1,1,-1,15,1649465231096,'-1',-1,-1,2,74.00,0.00,'-1',0),(252,'610100XPO2200000252202',2,'-1',-1,7,1,1,14,15,1649468531602,'-1',1,2,2,18.50,0.00,'610100XPO2200000257202',0),(253,'610100XPO2200000253202',2,'-1',-1,7,1,1,14,15,1649468531602,'-1',1,2,2,18.50,0.00,'610100XPO2200000257202',0),(254,'610100XPO2200000254202',2,'-1',-1,7,1,1,14,15,1649468531602,'-1',1,2,2,18.50,0.00,'610100XPO2200000257202',0),(255,'610100XPO2200000255202',2,'-1',-1,7,1,1,14,15,1649468531602,'-1',1,2,2,18.50,0.00,'610100XPO2200000257202',0),(256,'610100XPO2200000256202',2,'-1',-1,7,1,1,14,15,1649468531602,'-1',1,2,2,18.50,0.00,'610100XPO2200000257202',0),(257,'610100XPO2200000257202',1,'-1',1,7,1,1,-1,15,1649468531602,'-1',-1,-1,2,92.50,0.00,'-1',0),(258,'610100XPO2200000258202',2,'-1',-1,7,1,1,14,18,1649468571564,'-1',1,2,2,18.50,0.00,'610100XPO2200000263202',0),(259,'610100XPO2200000259202',2,'-1',-1,7,1,1,14,18,1649468571564,'-1',1,2,2,18.50,0.00,'610100XPO2200000263202',0),(260,'610100XPO2200000260202',2,'-1',-1,7,1,1,14,18,1649468571564,'-1',1,2,2,18.50,0.00,'610100XPO2200000263202',0),(261,'610100XPO2200000261202',2,'-1',-1,7,1,1,14,18,1649468571564,'-1',1,2,2,18.50,0.00,'610100XPO2200000263202',0),(262,'610100XPO2200000262202',2,'-1',-1,7,1,1,14,18,1649468571564,'-1',1,2,2,18.50,0.00,'610100XPO2200000263202',0),(263,'610100XPO2200000263202',1,'-1',1,7,1,1,-1,18,1649468571564,'-1',-1,-1,2,92.50,0.00,'-1',0),(264,'610100XPO2200000264202',2,'-1',-1,7,1,1,15,15,1649468653402,'-1',1,2,2,18.50,0.00,'610100XPO2200000266202',0),(265,'610100XPO2200000265202',2,'-1',-1,7,1,1,15,15,1649468653402,'-1',1,2,2,18.50,0.00,'610100XPO2200000266202',0),(266,'610100XPO2200000266202',1,'-1',1,7,1,1,-1,15,1649468653402,'-1',-1,-1,2,37.00,0.00,'-1',0),(267,'610100XPO2200000267202',2,'-1',-1,7,1,1,122,15,1649468880775,'-1',1,1,2,17.00,0.00,'610100XPO2200000269202',0),(268,'610100XPO2200000268202',2,'-1',-1,7,1,1,122,15,1649468880775,'-1',1,1,2,17.00,0.00,'610100XPO2200000269202',0),(269,'610100XPO2200000269202',1,'-1',1,7,1,1,-1,15,1649468880775,'-1',-1,-1,2,34.00,0.00,'-1',0),(270,'610100XPO2200000270202',2,'-1',-1,7,1,1,123,18,1649469628418,'-1',1,1,2,17.00,0.00,'610100XPO2200000272202',0),(271,'610100XPO2200000271202',2,'-1',-1,7,1,1,123,18,1649469628418,'-1',1,1,2,17.00,0.00,'610100XPO2200000272202',0),(272,'610100XPO2200000272202',1,'-1',1,7,1,1,-1,18,1649469628418,'-1',-1,-1,2,34.00,0.00,'-1',0),(273,'610100XPO2200000273202',2,'-1',-1,7,1,1,124,13,1649472203397,'-1',1,1,2,17.00,0.00,'610100XPO2200000275202',0),(274,'610100XPO2200000274202',2,'-1',-1,7,1,1,124,13,1649472203397,'-1',1,1,2,17.00,0.00,'610100XPO2200000275202',0),(275,'610100XPO2200000275202',1,'-1',1,7,1,1,-1,13,1649472203398,'-1',-1,-1,2,34.00,0.00,'-1',0),(276,'610100XPO2200000276202',2,'-1',-1,7,1,1,125,15,1649472459698,'-1',1,1,2,17.00,0.00,'610100XPO2200000278202',0),(277,'610100XPO2200000277202',2,'-1',-1,7,1,1,125,15,1649472459698,'-1',1,1,2,17.00,0.00,'610100XPO2200000278202',0),(278,'610100XPO2200000278202',1,'-1',1,7,1,1,-1,15,1649472459698,'-1',-1,-1,2,34.00,0.00,'-1',0),(279,'610100XPO2200000279202',2,'-1',-1,7,1,1,126,13,1649472601868,'-1',1,1,2,17.00,0.00,'610100XPO2200000281202',0),(280,'610100XPO2200000280202',2,'-1',-1,7,1,1,126,13,1649472601868,'-1',1,1,2,17.00,0.00,'610100XPO2200000281202',0),(281,'610100XPO2200000281202',1,'-1',1,7,1,1,-1,13,1649472601868,'-1',-1,-1,2,34.00,0.00,'-1',0),(282,'610100XPO2200000282202',2,'-1',-1,7,1,1,127,15,1649473947313,'-1',1,1,2,17.00,0.00,'610100XPO2200000284202',0),(283,'610100XPO2200000283202',2,'-1',-1,7,1,1,127,15,1649473947313,'-1',1,1,2,17.00,0.00,'610100XPO2200000284202',0),(284,'610100XPO2200000284202',1,'-1',1,7,1,1,-1,15,1649473947313,'-1',-1,-1,2,34.00,0.00,'-1',0),(285,'610100XPO2200000285202',2,'-1',-1,7,1,1,14,18,1649478371046,'-1',1,1,2,17.00,0.00,'610100XPO2200000286202',0),(286,'610100XPO2200000286202',1,'-1',1,7,1,1,-1,18,1649478371046,'-1',-1,-1,2,17.00,0.00,'-1',0),(287,'610100XPO2200000287202',2,'-1',-1,7,1,1,128,15,1649478708664,'-1',1,1,2,17.00,0.00,'610100XPO2200000289202',0),(288,'610100XPO2200000288202',2,'-1',-1,7,1,1,128,15,1649478708664,'-1',1,1,2,17.00,0.00,'610100XPO2200000289202',0),(289,'610100XPO2200000289202',1,'-1',1,7,1,1,-1,15,1649478708664,'-1',-1,-1,2,34.00,0.00,'-1',0),(290,'610100XPO2200000290202',2,'-1',-1,7,1,1,14,13,1649479242269,'-1',1,1,2,17.00,0.00,'610100XPO2200000291202',0),(291,'610100XPO2200000291202',1,'-1',1,7,1,1,-1,13,1649479242269,'-1',-1,-1,2,17.00,0.00,'-1',0),(292,'610100XPO2200000292202',2,'-1',-1,7,1,1,14,15,1649479266847,'-1',1,1,2,17.00,0.00,'610100XPO2200000293202',0),(293,'610100XPO2200000293202',1,'-1',1,7,1,1,-1,15,1649479266847,'-1',-1,-1,2,17.00,0.00,'-1',0),(294,'610100XPO2200000294202',2,'-1',-1,7,1,1,129,15,1649479327070,'-1',1,1,2,17.00,0.00,'610100XPO2200000296202',0),(295,'610100XPO2200000295202',2,'-1',-1,7,1,1,129,15,1649479327070,'-1',1,1,2,17.00,0.00,'610100XPO2200000296202',0),(296,'610100XPO2200000296202',1,'-1',1,7,1,1,-1,15,1649479327070,'-1',-1,-1,2,34.00,0.00,'-1',0),(297,'610100XPO2200000297202',2,'-1',-1,7,1,1,131,15,1649479367165,'-1',1,1,2,17.00,0.00,'610100XPO2200000300202',0),(298,'610100XPO2200000298202',2,'-1',-1,7,1,1,131,15,1649479367165,'-1',1,1,2,17.00,0.00,'610100XPO2200000300202',0),(299,'610100XPO2200000299202',2,'-1',-1,7,1,1,131,15,1649479367165,'-1',1,1,2,17.00,0.00,'610100XPO2200000300202',0),(300,'610100XPO2200000300202',1,'-1',1,7,1,1,-1,15,1649479367165,'-1',-1,-1,2,51.00,0.00,'-1',0),(301,'610100XPO2200000301202',2,'-1',-1,7,1,1,134,15,1649479409855,'-1',1,1,2,17.00,0.00,'610100XPO2200000305202',0),(302,'610100XPO2200000302202',2,'-1',-1,7,1,1,134,15,1649479409855,'-1',1,1,2,17.00,0.00,'610100XPO2200000305202',0),(303,'610100XPO2200000303202',2,'-1',-1,7,1,1,134,15,1649479409855,'-1',1,1,2,17.00,0.00,'610100XPO2200000305202',0),(304,'610100XPO2200000304202',2,'-1',-1,7,1,1,134,15,1649479409855,'-1',1,1,2,17.00,0.00,'610100XPO2200000305202',0),(305,'610100XPO2200000305202',1,'-1',1,7,1,1,-1,15,1649479409855,'-1',-1,-1,2,68.00,0.00,'-1',0),(306,'610100XPO2200000306202',2,'-1',-1,7,1,1,14,15,1649479503624,'-1',1,1,2,17.00,0.00,'610100XPO2200000307202',0),(307,'610100XPO2200000307202',1,'-1',1,7,1,1,-1,15,1649479503624,'-1',-1,-1,2,17.00,0.00,'-1',0),(308,'610100XPO2200000308202',2,'-1',-1,7,1,1,14,15,1649481706082,'-1',1,1,2,17.00,0.00,'610100XPO2200000309202',0),(309,'610100XPO2200000309202',1,'-1',1,7,1,1,-1,15,1649481706082,'-1',-1,-1,2,17.00,0.00,'-1',0),(310,'610100XPO2200000310202',2,'-1',-1,7,1,1,14,86,1649481889478,'-1',1,2,2,18.50,0.00,'610100XPO2200000311202',0),(311,'610100XPO2200000311202',1,'-1',1,7,1,1,-1,86,1649481889478,'-1',-1,-1,2,18.50,0.00,'-1',0),(312,'610100XPO2200000312202',2,'-1',-1,7,1,1,14,87,1649481924503,'-1',1,1,2,17.00,0.00,'610100XPO2200000313202',0),(313,'610100XPO2200000313202',1,'-1',1,7,1,1,-1,87,1649481924503,'-1',-1,-1,2,17.00,0.00,'-1',0),(314,'610100XPO2200000314202',2,'-1',-1,7,1,1,14,15,1649488366054,'-1',1,2,2,18.50,0.00,'610100XPO2200000316202',0),(315,'610100XPO2200000315202',2,'-1',-1,7,1,1,135,15,1649488366054,'-1',3,1,2,9.50,0.00,'610100XPO2200000316202',0),(316,'610100XPO2200000316202',1,'-1',2,7,1,1,-1,15,1649488366054,'-1',-1,-1,2,28.00,0.00,'-1',0),(317,'610100XPO2200000317202',2,'-1',-1,7,1,1,14,13,1649496784597,'-1',1,2,2,18.50,0.00,'610100XPO2200000319202',0),(318,'610100XPO2200000318202',2,'-1',-1,7,1,1,136,13,1649496784597,'-1',3,1,2,9.50,0.00,'610100XPO2200000319202',0),(319,'610100XPO2200000319202',1,'-1',2,7,1,1,-1,13,1649496784597,'-1',-1,-1,2,28.00,0.00,'-1',0),(320,'610100XPO2200000320202',2,'-1',-1,7,1,1,9,15,1649579857081,'-1',1,1,2,17.00,0.00,'610100XPO2200000322202',0),(321,'610100XPO2200000321202',2,'-1',-1,7,1,1,137,15,1649579857081,'-1',1,1,2,17.00,0.00,'610100XPO2200000322202',0),(322,'610100XPO2200000322202',1,'-1',2,7,1,1,-1,15,1649579857081,'-1',-1,-1,2,34.00,0.00,'-1',0),(323,'610100XPO2200000323202',2,'-1',-1,7,1,1,138,15,1649579890591,'-1',1,1,2,17.00,0.00,'610100XPO2200000325202',0),(324,'610100XPO2200000324202',2,'-1',-1,7,1,1,138,15,1649579890591,'-1',1,1,2,17.00,0.00,'610100XPO2200000325202',0),(325,'610100XPO2200000325202',1,'-1',1,7,1,1,-1,15,1649579890591,'-1',-1,-1,2,34.00,0.00,'-1',0),(326,'610100XPO2200000326202',2,'-1',-1,7,1,1,7,90,1649580122946,'-1',1,1,2,17.00,0.00,'610100XPO2200000328202',0),(327,'610100XPO2200000327202',2,'-1',-1,7,1,1,139,90,1649580122946,'-1',1,1,2,17.00,0.00,'610100XPO2200000328202',0),(328,'610100XPO2200000328202',1,'-1',2,7,1,1,-1,90,1649580122946,'-1',-1,-1,2,34.00,0.00,'-1',0),(329,'610100XPO2200000329202',2,'-1',-1,7,1,1,7,13,1649580173936,'-1',1,1,2,17.00,0.00,'610100XPO2200000332202',0),(330,'610100XPO2200000330202',2,'-1',-1,7,1,1,141,13,1649580173937,'-1',1,1,2,17.00,0.00,'610100XPO2200000332202',0),(331,'610100XPO2200000331202',2,'-1',-1,7,1,1,141,13,1649580173937,'-1',1,1,2,17.00,0.00,'610100XPO2200000332202',0),(332,'610100XPO2200000332202',1,'-1',2,7,1,1,-1,13,1649580173937,'-1',-1,-1,2,51.00,0.00,'-1',0),(333,'610100XPO2200000333202',2,'-1',-1,7,1,1,9,92,1649606177662,'-1',1,2,2,18.50,0.00,'610100XPO2200000336202',0),(334,'610100XPO2200000334202',2,'-1',-1,7,1,1,143,92,1649606177662,'-1',1,1,2,17.00,0.00,'610100XPO2200000336202',0),(335,'610100XPO2200000335202',2,'-1',-1,7,1,1,143,92,1649606177662,'-1',1,1,2,17.00,0.00,'610100XPO2200000336202',0),(336,'610100XPO2200000336202',1,'-1',2,7,1,1,-1,92,1649606177663,'-1',-1,-1,2,52.50,0.00,'-1',0),(337,'610100XPO2200000337202',2,'-1',-1,7,1,1,9,15,1649640799100,'-1',1,1,2,17.00,0.00,'610100XPO2200000339202',0),(338,'610100XPO2200000338202',2,'-1',-1,7,1,1,144,15,1649640799100,'-1',1,1,2,17.00,0.00,'610100XPO2200000339202',0),(339,'610100XPO2200000339202',1,'-1',2,7,1,1,-1,15,1649640799100,'-1',-1,-1,2,34.00,0.00,'-1',0),(340,'610100XPO2200000340202',2,'-1',-1,7,1,1,145,93,1649640824267,'-1',1,1,2,17.00,0.00,'610100XPO2200000342202',0),(341,'610100XPO2200000341202',2,'-1',-1,7,1,1,145,93,1649640824267,'-1',1,1,2,17.00,0.00,'610100XPO2200000342202',0),(342,'610100XPO2200000342202',1,'-1',1,7,1,1,-1,93,1649640824267,'-1',-1,-1,2,34.00,0.00,'-1',0),(343,'610100XPO2200000343202',2,'-1',-1,7,1,1,9,15,1649651267560,'-1',1,1,2,17.00,0.00,'610100XPO2200000345202',0),(344,'610100XPO2200000344202',2,'-1',-1,7,1,1,146,15,1649651267560,'-1',1,1,2,17.00,0.00,'610100XPO2200000345202',0),(345,'610100XPO2200000345202',1,'-1',2,7,1,1,-1,15,1649651267560,'-1',-1,-1,2,34.00,0.00,'-1',0),(346,'610100XPO2200000346202',2,'-1',-1,7,1,1,147,15,1649651306150,'-1',1,1,2,17.00,0.00,'610100XPO2200000348202',0),(347,'610100XPO2200000347202',2,'-1',-1,7,1,1,147,15,1649651306150,'-1',1,1,2,17.00,0.00,'610100XPO2200000348202',0),(348,'610100XPO2200000348202',1,'-1',1,7,1,1,-1,15,1649651306150,'-1',-1,-1,2,34.00,0.00,'-1',0),(349,'610100XPO2200000349202',2,'-1',-1,7,1,1,11,94,1649651320513,'-1',1,1,2,17.00,0.00,'610100XPO2200000351202',0),(350,'610100XPO2200000350202',2,'-1',-1,7,1,1,148,94,1649651320513,'-1',1,1,2,17.00,0.00,'610100XPO2200000351202',0),(351,'610100XPO2200000351202',1,'-1',2,7,1,1,-1,94,1649651320513,'-1',-1,-1,2,34.00,0.00,'-1',0),(352,'610100XPO2200000352202',2,'-1',-1,7,1,1,149,15,1649651347892,'-1',1,1,2,17.00,0.00,'610100XPO2200000354202',0),(353,'610100XPO2200000353202',2,'-1',-1,7,1,1,149,15,1649651347892,'-1',1,1,2,17.00,0.00,'610100XPO2200000354202',0),(354,'610100XPO2200000354202',1,'-1',1,7,1,1,-1,15,1649651347892,'-1',-1,-1,2,34.00,0.00,'-1',0),(355,'610100XPO2200000355202',2,'-1',-1,7,1,1,11,13,1649679245063,'-1',1,1,2,17.00,0.00,'610100XPO2200000357202',0),(356,'610100XPO2200000356202',2,'-1',-1,7,1,1,150,13,1649679245063,'-1',1,1,2,17.00,0.00,'610100XPO2200000357202',0),(357,'610100XPO2200000357202',1,'-1',2,7,1,1,-1,13,1649679245063,'-1',-1,-1,2,34.00,0.00,'-1',0),(358,'610100XPO2200000358202',2,'-1',-1,7,1,1,7,15,1649729037291,'-1',1,1,2,17.00,0.00,'610100XPO2200000359202',0),(359,'610100XPO2200000359202',1,'-1',1,7,1,1,-1,15,1649729037291,'-1',-1,-1,2,17.00,0.00,'-1',0),(360,'610100XPO2200000360202',2,'-1',-1,7,1,1,14,13,1649731181888,'-1',1,2,2,18.50,0.00,'610100XPO2200000362202',0),(361,'610100XPO2200000361202',2,'-1',-1,7,1,1,151,13,1649731181888,'-1',3,1,2,9.50,0.00,'610100XPO2200000362202',0),(362,'610100XPO2200000362202',1,'-1',2,7,1,1,-1,13,1649731181888,'-1',-1,-1,2,28.00,0.00,'-1',0),(363,'610100XPO2200000363202',2,'-1',-1,7,1,1,4,13,1649731573142,'-1',1,1,2,17.00,0.00,'610100XPO2200000364202',0),(364,'610100XPO2200000364202',1,'-1',1,7,1,1,-1,13,1649731573142,'-1',-1,-1,2,17.00,0.00,'-1',0),(365,'610100XPO2200000365202',2,'-1',-1,7,1,1,7,15,1649731746110,'-1',1,1,2,17.00,0.00,'610100XPO2200000366202',0),(366,'610100XPO2200000366202',1,'-1',1,7,1,1,-1,15,1649731746110,'-1',-1,-1,2,17.00,0.00,'-1',0),(367,'610100XPO2200000367202',2,'-1',-1,7,1,1,7,13,1649732322422,'-1',1,1,2,17.00,0.00,'610100XPO2200000368202',0),(368,'610100XPO2200000368202',1,'-1',1,7,1,1,-1,13,1649732322422,'-1',-1,-1,2,17.00,0.00,'-1',0),(369,'610100XPO2200000369202',2,'-1',-1,7,1,1,9,13,1649737962282,'-1',1,1,2,17.00,0.00,'610100XPO2200000370202',0),(370,'610100XPO2200000370202',1,'-1',1,7,1,1,-1,13,1649737962282,'-1',-1,-1,2,17.00,0.00,'-1',0),(371,'610100XPO2200000371202',2,'-1',-1,7,1,1,9,107,1649740981262,'-1',1,1,2,17.00,0.00,'610100XPO2200000372202',0),(372,'610100XPO2200000372202',1,'-1',1,7,1,1,-1,107,1649740981262,'-1',-1,-1,2,17.00,0.00,'-1',0),(373,'610100XPO2200000373202',2,'-1',-1,7,1,1,9,13,1649741040464,'-1',1,1,2,17.00,0.00,'610100XPO2200000374202',0),(374,'610100XPO2200000374202',1,'-1',1,7,1,1,-1,13,1649741040464,'-1',-1,-1,2,17.00,0.00,'-1',0),(375,'610100XPO2200000375202',2,'-1',-1,7,1,1,8,15,1649749538328,'-1',1,1,2,17.00,0.00,'610100XPO2200000376202',0),(376,'610100XPO2200000376202',1,'-1',1,7,1,1,-1,15,1649749538328,'-1',-1,-1,2,17.00,0.00,'-1',0),(377,'610100XPO2200000377202',2,'-1',-1,7,1,1,8,18,1649749655598,'-1',1,1,2,17.00,0.00,'610100XPO2200000378202',0),(378,'610100XPO2200000378202',1,'-1',1,7,1,1,-1,18,1649749655598,'-1',-1,-1,2,17.00,0.00,'-1',0),(379,'610100XPO2200000379202',2,'-1',-1,7,1,1,7,15,1649765489022,'-1',1,1,2,17.00,0.00,'610100XPO2200000380202',0),(380,'610100XPO2200000380202',1,'-1',1,7,1,1,-1,15,1649765489022,'-1',-1,-1,2,17.00,0.00,'-1',0),(381,'610100XPO2200000381202',2,'-1',-1,7,1,1,8,13,1649765513489,'-1',1,1,2,17.00,0.00,'610100XPO2200000383202',0),(382,'610100XPO2200000382202',2,'-1',-1,7,1,1,152,13,1649765513489,'-1',1,1,2,17.00,0.00,'610100XPO2200000383202',0),(383,'610100XPO2200000383202',1,'-1',2,7,1,1,-1,13,1649765513489,'-1',-1,-1,2,34.00,0.00,'-1',0),(384,'610100XPO2200000384202',2,'-1',-1,7,1,1,8,10,1649765547538,'-1',1,1,2,17.00,0.00,'610100XPO2200000387202',0),(385,'610100XPO2200000385202',2,'-1',-1,7,1,1,154,10,1649765547538,'-1',1,1,2,17.00,0.00,'610100XPO2200000387202',0),(386,'610100XPO2200000386202',2,'-1',-1,7,1,1,154,10,1649765547538,'-1',1,1,2,17.00,0.00,'610100XPO2200000387202',0),(387,'610100XPO2200000387202',1,'-1',2,7,1,1,-1,10,1649765547538,'-1',-1,-1,2,51.00,0.00,'-1',0),(388,'610100XPO2200000388202',2,'-1',-1,7,1,1,9,26,1649766706472,'-1',1,1,2,17.00,0.00,'610100XPO2200000390202',0),(389,'610100XPO2200000389202',2,'-1',-1,7,1,1,155,26,1649766706472,'-1',1,1,2,17.00,0.00,'610100XPO2200000390202',0),(390,'610100XPO2200000390202',1,'-1',2,7,1,1,-1,26,1649766706472,'-1',-1,-1,2,34.00,0.00,'-1',0),(391,'610100XPO2200000391202',2,'-1',-1,7,1,1,156,15,1649766742010,'-1',1,1,2,17.00,0.00,'610100XPO2200000392202',0),(392,'610100XPO2200000392202',1,'-1',1,7,1,1,-1,15,1649766742010,'-1',-1,-1,2,17.00,0.00,'-1',0),(393,'610100XPO2200000393202',2,'-1',-1,7,1,1,158,13,1649766768819,'-1',1,1,2,17.00,0.00,'610100XPO2200000395202',0),(394,'610100XPO2200000394202',2,'-1',-1,7,1,1,158,13,1649766768819,'-1',1,1,2,17.00,0.00,'610100XPO2200000395202',0),(395,'610100XPO2200000395202',1,'-1',1,7,1,1,-1,13,1649766768819,'-1',-1,-1,2,34.00,0.00,'-1',0),(396,'610100XPO2200000396202',2,'-1',-1,7,1,1,9,15,1649767025946,'-1',1,1,2,17.00,0.00,'610100XPO2200000398202',0),(397,'610100XPO2200000397202',2,'-1',-1,7,1,1,159,15,1649767025947,'-1',1,1,2,17.00,0.00,'610100XPO2200000398202',0),(398,'610100XPO2200000398202',1,'-1',2,7,1,1,-1,15,1649767025947,'-1',-1,-1,2,34.00,0.00,'-1',0),(399,'610100XPO2200000399202',2,'-1',-1,7,1,1,9,18,1649767086642,'-1',1,1,2,17.00,0.00,'610100XPO2200000402202',0),(400,'610100XPO2200000400202',2,'-1',-1,7,1,1,161,18,1649767086642,'-1',1,1,2,17.00,0.00,'610100XPO2200000402202',0),(401,'610100XPO2200000401202',2,'-1',-1,7,1,1,161,18,1649767086642,'-1',1,1,2,17.00,0.00,'610100XPO2200000402202',0),(402,'610100XPO2200000402202',1,'-1',2,7,1,1,-1,18,1649767086642,'-1',-1,-1,2,51.00,0.00,'-1',0),(403,'610100XPO2200000403202',2,'-1',-1,7,1,1,8,15,1649767168145,'-1',1,1,2,17.00,0.00,'610100XPO2200000406202',0),(404,'610100XPO2200000404202',2,'-1',-1,7,1,1,163,15,1649767168145,'-1',1,1,2,17.00,0.00,'610100XPO2200000406202',0),(405,'610100XPO2200000405202',2,'-1',-1,7,1,1,163,15,1649767168145,'-1',1,1,2,17.00,0.00,'610100XPO2200000406202',0),(406,'610100XPO2200000406202',1,'-1',2,7,1,1,-1,15,1649767168145,'-1',-1,-1,2,51.00,0.00,'-1',0),(407,'610100XPO2200000407202',2,'-1',-1,7,1,1,11,13,1649767243709,'-1',1,1,2,17.00,0.00,'610100XPO2200000410202',0),(408,'610100XPO2200000408202',2,'-1',-1,7,1,1,165,13,1649767243709,'-1',1,1,2,17.00,0.00,'610100XPO2200000410202',0),(409,'610100XPO2200000409202',2,'-1',-1,7,1,1,165,13,1649767243709,'-1',1,1,2,17.00,0.00,'610100XPO2200000410202',0),(410,'610100XPO2200000410202',1,'-1',2,7,1,1,-1,13,1649767243709,'-1',-1,-1,2,51.00,0.00,'-1',0),(411,'610100XPO2200000411202',2,'-1',-1,7,1,1,9,13,1649767480787,'-1',1,1,2,17.00,0.00,'610100XPO2200000412202',0),(412,'610100XPO2200000412202',1,'-1',1,7,1,1,-1,13,1649767480787,'-1',-1,-1,2,17.00,0.00,'-1',0),(413,'610100XPO2200000413202',2,'-1',-1,7,1,1,7,15,1649767906037,'-1',1,1,2,17.00,0.00,'610100XPO2200000416202',0),(414,'610100XPO2200000414202',2,'-1',-1,7,1,1,166,15,1649767906037,'-1',1,1,2,17.00,0.00,'610100XPO2200000416202',0),(415,'610100XPO2200000415202',2,'-1',-1,7,1,1,167,15,1649767906037,'-1',1,1,2,17.00,0.00,'610100XPO2200000416202',0),(416,'610100XPO2200000416202',1,'-1',3,7,1,1,-1,15,1649767906037,'-1',-1,-1,2,51.00,0.00,'-1',0),(417,'610100XPO2200000417202',2,'-1',-1,7,1,1,7,13,1649767951156,'-1',1,1,2,17.00,0.00,'610100XPO2200000418202',0),(418,'610100XPO2200000418202',1,'-1',1,7,1,1,-1,13,1649767951156,'-1',-1,-1,2,17.00,0.00,'-1',0),(419,'610100XPO2200000419202',2,'-1',-1,7,1,1,168,13,1649767974347,'-1',1,1,2,17.00,0.00,'610100XPO2200000421202',0),(420,'610100XPO2200000420202',2,'-1',-1,7,1,1,169,13,1649767974347,'-1',1,1,2,17.00,0.00,'610100XPO2200000421202',0),(421,'610100XPO2200000421202',1,'-1',2,7,1,1,-1,13,1649767974347,'-1',-1,-1,2,34.00,0.00,'-1',0),(422,'610100XPO2200000422202',2,'-1',-1,7,1,1,8,15,1649768057911,'-1',1,1,2,17.00,0.00,'610100XPO2200000427202',0),(423,'610100XPO2200000423202',2,'-1',-1,7,1,1,170,15,1649768057911,'-1',1,1,2,17.00,0.00,'610100XPO2200000427202',0),(424,'610100XPO2200000424202',2,'-1',-1,7,1,1,171,15,1649768057911,'-1',1,1,2,17.00,0.00,'610100XPO2200000427202',0),(425,'610100XPO2200000425202',2,'-1',-1,7,1,1,172,15,1649768057911,'-1',1,1,2,17.00,0.00,'610100XPO2200000427202',0),(426,'610100XPO2200000426202',2,'-1',-1,7,1,1,173,15,1649768057911,'-1',1,1,2,17.00,0.00,'610100XPO2200000427202',0),(427,'610100XPO2200000427202',1,'-1',5,7,1,1,-1,15,1649768057911,'-1',-1,-1,2,85.00,0.00,'-1',0),(428,'610100XPO2200000428202',2,'-1',-1,7,1,1,11,15,1649769687365,'-1',1,1,2,17.00,0.00,'610100XPO2200000429202',0),(429,'610100XPO2200000429202',1,'-1',1,7,1,1,-1,15,1649769687365,'-1',-1,-1,2,17.00,0.00,'-1',0),(430,'610100XPO2200000430202',2,'-1',-1,7,1,1,175,15,1649770772398,'-1',1,1,2,17.00,0.00,'610100XPO2200000432202',0),(431,'610100XPO2200000431202',2,'-1',-1,7,1,1,175,15,1649770772398,'-1',1,1,2,17.00,0.00,'610100XPO2200000432202',0),(432,'610100XPO2200000432202',1,'-1',1,7,1,1,-1,15,1649770772398,'-1',-1,-1,2,34.00,0.00,'-1',0),(433,'610100XPO2200000433202',2,'-1',-1,7,1,1,4,15,1649817492725,'-1',1,1,2,17.00,0.00,'610100XPO2200000435202',0),(434,'610100XPO2200000434202',2,'-1',-1,7,1,1,177,15,1649817492726,'-1',1,1,2,17.00,0.00,'610100XPO2200000435202',0),(435,'610100XPO2200000435202',1,'-1',2,7,1,1,-1,15,1649817492726,'-1',-1,-1,2,34.00,0.00,'-1',0),(436,'610100XPO2200000436202',2,'-1',-1,7,1,1,7,13,1649818869758,'-1',1,1,2,17.00,0.00,'610100XPO2200000438202',0),(437,'610100XPO2200000437202',2,'-1',-1,7,1,1,178,13,1649818869758,'-1',1,1,2,17.00,0.00,'610100XPO2200000438202',0),(438,'610100XPO2200000438202',1,'-1',2,7,1,1,-1,13,1649818869758,'-1',-1,-1,2,34.00,0.00,'-1',0),(439,'610100XPO2200000439202',2,'-1',-1,7,1,1,11,13,1649819917405,'-1',1,1,2,17.00,0.00,'610100XPO2200000443202',0),(440,'610100XPO2200000440202',2,'-1',-1,7,1,1,181,13,1649819917405,'-1',1,1,2,17.00,0.00,'610100XPO2200000443202',0),(441,'610100XPO2200000441202',2,'-1',-1,7,1,1,181,13,1649819917405,'-1',1,1,2,17.00,0.00,'610100XPO2200000443202',0),(442,'610100XPO2200000442202',2,'-1',-1,7,1,1,181,13,1649819917405,'-1',1,1,2,17.00,0.00,'610100XPO2200000443202',0),(443,'610100XPO2200000443202',1,'-1',2,7,1,1,-1,13,1649819917405,'-1',-1,-1,2,68.00,0.00,'-1',0),(444,'610100XPO2200000444202',2,'2022041322001474040501503673',-1,4,1,1,8,15,1649840536921,'-1',1,2,2,18.50,17.00,'610100XPO2200000447202',0),(445,'610100XPO2200000445202',2,'2022041322001474040501503673',-1,3,1,1,182,15,1649840536921,'8063c2',1,2,2,18.50,0.00,'610100XPO2200000447202',0),(446,'610100XPO2200000446202',2,'2022041322001474040501503673',-1,3,1,1,183,15,1649840536921,'8063c2',1,1,2,17.00,0.00,'610100XPO2200000447202',0),(447,'610100XPO2200000447202',1,'2022041322001474040501503673',3,4,1,1,-1,15,1649840536921,'8063c2',-1,-1,2,54.00,0.00,'-1',0),(448,'610100XPO2200000448202',2,'2022041322001474040501503979',-1,3,1,1,8,13,1649852474083,'75bfdf',1,1,2,17.00,0.00,'610100XPO2200000449202',0),(449,'610100XPO2200000449202',1,'2022041322001474040501503979',1,3,1,1,-1,13,1649852474083,'75bfdf',-1,-1,2,17.00,0.00,'-1',0),(450,'610100XPO2200000450202',2,'2022041322001474040501504157',-1,3,1,1,7,15,1649854031013,'91c457',1,1,2,17.00,0.00,'610100XPO2200000451202',0),(451,'610100XPO2200000451202',1,'2022041322001474040501504157',1,3,1,1,-1,15,1649854031013,'91c457',-1,-1,2,17.00,0.00,'-1',0),(452,'610100XPO2200000452202',2,'2022041322001474040501504306',-1,4,1,1,8,13,1649854536357,'-1',1,1,2,17.00,15.50,'610100XPO2200000453202',0),(453,'610100XPO2200000453202',1,'2022041322001474040501504306',1,4,1,1,-1,13,1649854536357,'-1',-1,-1,2,17.00,15.50,'-1',0),(454,'610100XPO2200000454202',2,'2022041322001474040501503981',-1,3,1,1,7,13,1649854646061,'807f13',1,1,2,17.00,0.00,'610100XPO2200000455202',0),(455,'610100XPO2200000455202',1,'2022041322001474040501503981',1,3,1,1,-1,13,1649854646061,'807f13',-1,-1,2,17.00,0.00,'-1',0),(456,'610100XPO2200000456202',2,'2022041322001474040501504307',-1,4,1,1,7,15,1649855921244,'-1',1,1,2,17.00,15.50,'610100XPO2200000457202',0),(457,'610100XPO2200000457202',1,'2022041322001474040501504307',1,4,1,1,-1,15,1649855921244,'-1',-1,-1,2,17.00,15.50,'-1',0),(458,'610100XPO2200000458202',2,'2022041322001474040501503790',-1,4,1,1,7,13,1649857810045,'-1',1,1,2,17.00,15.50,'610100XPO2200000459202',0),(459,'610100XPO2200000459202',1,'2022041322001474040501503790',1,4,1,1,-1,13,1649857810046,'-1',-1,-1,2,17.00,15.50,'-1',0),(460,'610100XPO2200000460202',2,'2022041422001474040501504492',-1,3,1,1,189,13,1649943373679,'1f5167',1,1,2,17.00,0.00,'610100XPO2200000462202',0),(461,'610100XPO2200000461202',2,'2022041422001474040501504492',-1,3,1,1,189,13,1649943373680,'1f5167',1,1,2,17.00,0.00,'610100XPO2200000462202',0),(462,'610100XPO2200000462202',1,'2022041422001474040501504492',1,3,1,1,-1,13,1649943373680,'1f5167',-1,-1,2,34.00,0.00,'-1',0),(463,'610100XPO2200000463202',2,'2022041422001474040501504494',-1,3,1,1,60,18,1649949505414,'07d23e',1,1,2,17.00,0.00,'610100XPO2200000465202',0),(464,'610100XPO2200000464202',2,'2022041422001474040501504494',-1,3,1,1,190,18,1649949505414,'07d23e',1,1,2,17.00,0.00,'610100XPO2200000465202',0),(465,'610100XPO2200000465202',1,'2022041422001474040501504494',2,3,1,1,-1,18,1649949505414,'07d23e',-1,-1,2,34.00,0.00,'-1',0);
/*!40000 ALTER TABLE `order_info` ENABLE KEYS */;
UNLOCK TABLES;

--
-- Table structure for table `order_operate`
--

DROP TABLE IF EXISTS `order_operate`;
/*!40101 SET @saved_cs_client     = @@character_set_client */;
/*!40101 SET character_set_client = utf8 */;
CREATE TABLE `order_operate` (
  `operate_id` int(11) NOT NULL AUTO_INCREMENT COMMENT '订单操作ID',
  `order_number` varchar(22) NOT NULL COMMENT '订单编号',
  `order_status` int(1) DEFAULT '-1' COMMENT '订单状态: 1预订,2待支付,3已支付,4部分退款（主单维度）,5已退款（主单维度全部退款或子单维度单个退款）,6已完成',
  `operate_time` bigint(15) NOT NULL COMMENT '操作时间',
  PRIMARY KEY (`operate_id`),
  KEY `order_number` (`order_number`)
) ENGINE=InnoDB AUTO_INCREMENT=939 DEFAULT CHARSET=utf8;
/*!40101 SET character_set_client = @saved_cs_client */;

--
-- Dumping data for table `order_operate`
--

LOCK TABLES `order_operate` WRITE;
/*!40000 ALTER TABLE `order_operate` DISABLE KEYS */;
INSERT INTO `order_operate` VALUES (1,'123432',3,1640795611),(2,'123432',2,1640794611),(3,'123412',5,1640795611),(4,'123412',8,1640799611),(5,'123412',3,1640794611),(6,'1231231231231231234123',8,1642145037122),(7,'123412',8,1642145037122),(8,'123432',8,1642145037122),(9,'1231231231231231234123',8,1642145234076),(10,'123412',8,1642145234076),(11,'123432',8,1642145234076),(12,'-100000010202',2,1642438288986),(13,'-100000011202',2,1642438288986),(14,'-100000012202',2,1642438288986),(18,'rf123123200000016202',2,1642439225003),(19,'rf123123200000017202',2,1642439225003),(20,'rf123123200000018202',2,1642439225003),(21,'rf123123200000019202',2,1642515761158),(22,'rf123123200000020202',2,1642515761158),(23,'rf123123200000021202',2,1642515761158),(24,'rf123123200000022202',2,1642516012378),(25,'rf123123200000023202',2,1642516012378),(26,'rf123123200000024202',2,1642516012378),(27,'rf123123200000025202',2,1642516094910),(28,'rf123123200000026202',2,1642516094910),(29,'rf123123200000027202',2,1642516094910),(30,'rf123123200000028202',2,1642516774898),(31,'rf123123200000029202',2,1642516774898),(32,'rf123123200000030202',2,1642516774898),(33,'rf123123200000031202',2,1642516860056),(34,'rf123123200000032202',2,1642516860056),(35,'rf123123200000033202',2,1642516860056),(36,'rf123123200000034202',2,1642590284180),(37,'rf123123200000035202',2,1642590284180),(38,'rf123123200000036202',2,1642590284180),(39,'rf123123200000034202',3,1642590504947),(40,'rf123123200000035202',3,1642590504947),(41,'rf123123200000036202',3,1642590504947),(42,'rf123123200000037202',2,1642590666691),(43,'rf123123200000038202',2,1642590666691),(44,'rf123123200000039202',2,1642590666691),(45,'rf123123200000037202',3,1642590706508),(46,'rf123123200000038202',3,1642590706508),(47,'rf123123200000039202',3,1642590706508),(48,'rf12312322200000040202',2,1642590945246),(49,'rf12312322200000041202',2,1642590945246),(50,'rf12312322200000042202',2,1642590945246),(51,'rf12312322200000040202',3,1642590980440),(52,'rf12312322200000041202',3,1642590980440),(53,'rf12312322200000042202',3,1642590980440),(54,'rf12312322200000043202',2,1642689357478),(55,'rf12312322200000044202',2,1642689357478),(56,'rf12312322200000045202',2,1642689357478),(57,'rf123123200000046202',2,1642689609566),(58,'rf123123200000047202',2,1642689609566),(59,'rf123123200000048202',2,1642689609566),(60,'rf12312322200000049202',2,1642768589105),(61,'rf12312322200000050202',2,1642768589105),(62,'rf12312322200000051202',2,1642768589105),(63,'rf12312322200000049202',3,1642768636934),(64,'rf12312322200000050202',3,1642768636934),(65,'rf12312322200000051202',3,1642768636934),(66,'rf12312322200000052202',2,1642837280932),(67,'rf12312322200000053202',2,1642837280932),(68,'rf12312322200000054202',2,1642837280932),(69,'rf12312322200000052202',3,1642837544467),(70,'rf12312322200000053202',3,1642837544467),(71,'rf12312322200000054202',3,1642837544467),(72,'rf12312322200000053202',6,1642837746713),(73,'rf12312322200000054202',5,1642837746713),(74,'234122',8,1643092870267),(75,'rf12312322200000049202',8,1643092870267),(76,'rf12312322200000050202',8,1643092870267),(77,'rf12312322200000051202',8,1643092870267),(78,'234122',8,1643093290441),(79,'rf12312322200000049202',8,1643093290441),(80,'rf12312322200000050202',8,1643093290441),(81,'rf12312322200000051202',8,1643093290441),(82,'234122',8,1643093470243),(83,'rf12312322200000049202',8,1643093470243),(84,'rf12312322200000050202',8,1643093470243),(85,'rf12312322200000051202',8,1643093470243),(86,'234122',8,1643104090203),(87,'rf12312322200000049202',8,1643104090203),(88,'rf12312322200000050202',8,1643104090203),(89,'rf12312322200000051202',8,1643104090203),(90,'rf12312322200000055202',2,1645501466700),(91,'rf12312322200000056202',2,1645501466700),(92,'rf12312322200000057202',2,1645501466700),(93,'rf12312322200000055202',8,1645503300057),(94,'rf12312322200000056202',8,1645503300057),(95,'rf12312322200000057202',8,1645503300057),(96,'rf12312322200000058202',2,1645503755679),(97,'rf12312322200000059202',2,1645503755679),(98,'rf12312322200000060202',2,1645503755679),(102,'rf12312322200000061202',2,1645504500674),(103,'rf12312322200000062202',2,1645504500674),(104,'rf12312322200000063202',2,1645504500674),(108,'rf12312322200000064202',2,1645505247996),(109,'rf12312322200000065202',2,1645505247996),(110,'rf12312322200000066202',2,1645505247996),(111,'rf12312322200000064202',3,1645505348024),(112,'rf12312322200000065202',3,1645505348024),(113,'rf12312322200000066202',3,1645505348024),(114,'rf12312322200000064202',8,1645506530648),(115,'rf12312322200000065202',8,1645506530648),(116,'rf12312322200000066202',8,1645506530648),(117,'rf123123200000034202',8,1645515900020),(118,'rf123123200000035202',8,1645515900020),(119,'rf123123200000036202',8,1645515900020),(120,'rf12312322200000052202',8,1645516500012),(121,'rf12312322200000053202',8,1645516500012),(122,'rf12312322200000054202',8,1645516500012),(123,'610100XPO2200000067202',2,1647351428432),(124,'610100XPO2200000068202',2,1647351428432),(125,'610100XPO2200000069202',2,1647351428432),(126,'610100XPO2200000067202',3,1647351594421),(127,'610100XPO2200000068202',3,1647351594421),(128,'610100XPO2200000069202',3,1647351594421),(129,'610100XPO2200000070202',2,1647351850844),(130,'610100XPO2200000071202',2,1647351850844),(131,'610100XPO2200000072202',2,1647351850844),(132,'610100XPO2200000070202',7,1647351997349),(133,'610100XPO2200000071202',7,1647351997349),(134,'610100XPO2200000072202',7,1647351997349),(135,'610100XPO2200000073202',2,1647352003138),(136,'610100XPO2200000074202',2,1647352003138),(137,'610100XPO2200000075202',2,1647352003138),(141,'610100XPO2200000073202',7,1647354000012),(142,'610100XPO2200000074202',7,1647354000012),(143,'610100XPO2200000075202',7,1647354000012),(144,'610100XPO2200000076202',2,1647613422577),(145,'610100XPO2200000077202',2,1647613422577),(146,'610100XPO2200000078202',2,1647613422577),(147,'610100XPO2200000076202',7,1647615300041),(148,'610100XPO2200000077202',7,1647615300041),(149,'610100XPO2200000078202',7,1647615300041),(150,'610100XPO2200000079202',2,1647616891264),(151,'610100XPO2200000080202',2,1647616891264),(152,'610100XPO2200000081202',2,1647616891264),(153,'610100XPO2200000079202',7,1647618900015),(154,'610100XPO2200000080202',7,1647618900015),(155,'610100XPO2200000081202',7,1647618900015),(156,'610100XPO2200000082202',2,1647662805693),(157,'610100XPO2200000083202',2,1647662805693),(158,'610100XPO2200000084202',2,1647662805693),(159,'610100XPO2200000082202',7,1647664800071),(160,'610100XPO2200000083202',7,1647664800075),(161,'610100XPO2200000084202',7,1647664800075),(162,'610100XPO2200000085202',2,1647664972059),(163,'610100XPO2200000086202',2,1647664972059),(164,'610100XPO2200000087202',2,1647664972059),(165,'610100XPO2200000085202',7,1647666900010),(166,'610100XPO2200000086202',7,1647666900010),(167,'610100XPO2200000087202',7,1647666900010),(168,'610100XPO2200000088202',2,1647667022022),(169,'610100XPO2200000089202',2,1647667022022),(170,'610100XPO2200000090202',2,1647667022022),(171,'610100XPO2200000088202',7,1647669000082),(172,'610100XPO2200000089202',7,1647669000082),(173,'610100XPO2200000090202',7,1647669000082),(174,'610100XPO2200000091202',2,1647670759698),(175,'610100XPO2200000092202',2,1647670759698),(176,'610100XPO2200000093202',2,1647670759698),(177,'610100XPO2200000091202',7,1647672600035),(178,'610100XPO2200000092202',7,1647672600035),(179,'610100XPO2200000093202',7,1647672600035),(180,'610100XPO2200000094202',2,1647672633158),(181,'610100XPO2200000095202',2,1647672633158),(182,'610100XPO2200000096202',2,1647672633158),(183,'610100XPO2200000094202',7,1647674700051),(184,'610100XPO2200000095202',7,1647674700051),(185,'610100XPO2200000096202',7,1647674700051),(186,'610100XPO2200000097202',2,1647676829937),(187,'610100XPO2200000098202',2,1647676829937),(188,'610100XPO2200000099202',2,1647676829937),(189,'610100XPO2200000097202',7,1647678900050),(190,'610100XPO2200000098202',7,1647678900050),(191,'610100XPO2200000099202',7,1647678900050),(192,'610100XPO2200000100202',2,1647698384409),(193,'610100XPO2200000101202',2,1647698384409),(194,'610100XPO2200000102202',2,1647698384409),(195,'610100XPO2200000100202',7,1647700200043),(196,'610100XPO2200000101202',7,1647700200043),(197,'610100XPO2200000102202',7,1647700200043),(198,'610100XPO2200000103202',2,1647749648475),(199,'610100XPO2200000104202',2,1647749648475),(200,'610100XPO2200000105202',2,1647749648475),(201,'610100XPO2200000103202',7,1647751500048),(202,'610100XPO2200000104202',7,1647751500048),(203,'610100XPO2200000105202',7,1647751500048),(204,'610100XPO2200000106202',2,1647761643621),(205,'610100XPO2200000107202',2,1647761643621),(206,'610100XPO2200000108202',2,1647761643621),(207,'610100XPO2200000106202',7,1647763500036),(208,'610100XPO2200000107202',7,1647763500036),(209,'610100XPO2200000108202',7,1647763500036),(210,'610100XPO2200000109202',2,1647764190966),(211,'610100XPO2200000110202',2,1647764190966),(212,'610100XPO2200000111202',2,1647764190966),(213,'610100XPO2200000109202',7,1647766200044),(214,'610100XPO2200000110202',7,1647766200044),(215,'610100XPO2200000111202',7,1647766200044),(216,'610100XPO2200000112202',2,1647767100106),(217,'610100XPO2200000113202',2,1647767100106),(218,'610100XPO2200000114202',2,1647767100106),(219,'610100XPO2200000112202',7,1647769200048),(220,'610100XPO2200000113202',7,1647769200048),(221,'610100XPO2200000114202',7,1647769200048),(222,'610100XPO2200000115202',2,1647769345224),(223,'610100XPO2200000116202',2,1647769345224),(224,'610100XPO2200000117202',2,1647769345224),(225,'610100XPO2200000115202',7,1647771300068),(226,'610100XPO2200000116202',7,1647771300068),(227,'610100XPO2200000117202',7,1647771300068),(228,'610100XPO2200000118202',2,1647774261195),(229,'610100XPO2200000119202',2,1647774261195),(230,'610100XPO2200000120202',2,1647774261195),(231,'610100XPO2200000118202',7,1647776100048),(232,'610100XPO2200000119202',7,1647776100048),(233,'610100XPO2200000120202',7,1647776100048),(234,'610100XPO2200000121202',2,1647776203344),(235,'610100XPO2200000122202',2,1647776203344),(236,'610100XPO2200000123202',2,1647776203344),(237,'610100XPO2200000121202',7,1647778200045),(238,'610100XPO2200000122202',7,1647778200045),(239,'610100XPO2200000123202',7,1647778200045),(240,'610100XPO2200000124202',2,1647778915799),(241,'610100XPO2200000125202',2,1647778915799),(242,'610100XPO2200000126202',2,1647778915799),(243,'610100XPO2200000124202',7,1647780900069),(244,'610100XPO2200000125202',7,1647780900069),(245,'610100XPO2200000126202',7,1647780900069),(246,'610100XPO2200000127202',2,1647781229042),(247,'610100XPO2200000128202',2,1647781229042),(248,'610100XPO2200000129202',2,1647781229042),(249,'610100XPO2200000127202',7,1647783300046),(250,'610100XPO2200000128202',7,1647783300046),(251,'610100XPO2200000129202',7,1647783300046),(252,'610100XPO2200000130202',2,1647785046660),(253,'610100XPO2200000131202',2,1647785046660),(254,'610100XPO2200000132202',2,1647785046660),(255,'610100XPO2200000130202',7,1647786900163),(256,'610100XPO2200000131202',7,1647786900163),(257,'610100XPO2200000132202',7,1647786900163),(258,'610100XPO2200000133202',2,1647850948852),(259,'610100XPO2200000134202',2,1647850948852),(260,'610100XPO2200000135202',2,1647850948852),(261,'610100XPO2200000133202',7,1647852900014),(262,'610100XPO2200000134202',7,1647852900014),(263,'610100XPO2200000135202',7,1647852900014),(264,'610100XPO2200000136202',2,1647852937383),(265,'610100XPO2200000137202',2,1647852937383),(266,'610100XPO2200000138202',2,1647852937383),(267,'610100XPO2200000136202',7,1647855000012),(268,'610100XPO2200000137202',7,1647855000012),(269,'610100XPO2200000138202',7,1647855000012),(270,'610100XPO2200000139202',2,1647861314166),(271,'610100XPO2200000140202',2,1647861314166),(272,'610100XPO2200000141202',2,1647861314166),(273,'610100XPO2200000139202',7,1647863400009),(274,'610100XPO2200000140202',7,1647863400009),(275,'610100XPO2200000141202',7,1647863400009),(276,'610100XPO2200000142202',2,1647864399072),(277,'610100XPO2200000143202',2,1647864399072),(278,'610100XPO2200000144202',2,1647864399072),(279,'610100XPO2200000142202',7,1647866400019),(280,'610100XPO2200000143202',7,1647866400019),(281,'610100XPO2200000144202',7,1647866400019),(282,'610100XPO2200000145202',2,1647867113123),(283,'610100XPO2200000146202',2,1647867113123),(284,'610100XPO2200000147202',2,1647867113123),(285,'610100XPO2200000145202',7,1647869100013),(286,'610100XPO2200000146202',7,1647869100013),(287,'610100XPO2200000147202',7,1647869100013),(288,'610100XPO2200000148202',2,1647869445191),(289,'610100XPO2200000149202',2,1647869445191),(290,'610100XPO2200000150202',2,1647869445191),(291,'610100XPO2200000148202',7,1647871500027),(292,'610100XPO2200000149202',7,1647871500027),(293,'610100XPO2200000150202',7,1647871500027),(294,'610100XPO2200000151202',2,1647914459666),(295,'610100XPO2200000152202',2,1647914459666),(296,'610100XPO2200000153202',2,1647914459666),(297,'610100XPO2200000151202',7,1647916500053),(298,'610100XPO2200000152202',7,1647916500053),(299,'610100XPO2200000153202',7,1647916500053),(300,'610100XPO2200000154202',2,1647933066830),(301,'610100XPO2200000155202',2,1647933066830),(302,'610100XPO2200000156202',2,1647933066830),(303,'610100XPO2200000154202',7,1647935100041),(304,'610100XPO2200000155202',7,1647935100041),(305,'610100XPO2200000156202',7,1647935100041),(306,'610100XPO2200000157202',2,1647949380461),(307,'610100XPO2200000158202',2,1647949380461),(308,'610100XPO2200000159202',2,1647949380461),(309,'610100XPO2200000157202',7,1647951300032),(310,'610100XPO2200000158202',7,1647951300032),(311,'610100XPO2200000159202',7,1647951300032),(312,'610100XPO2200000160202',2,1647953842390),(313,'610100XPO2200000161202',2,1647953842390),(314,'610100XPO2200000162202',2,1647953842390),(315,'610100XPO2200000160202',7,1647955800033),(316,'610100XPO2200000161202',7,1647955800033),(317,'610100XPO2200000162202',7,1647955800033),(318,'610100XPO2200000163202',2,1647956389987),(319,'610100XPO2200000164202',2,1647956389987),(320,'610100XPO2200000165202',2,1647956389987),(321,'610100XPO2200000163202',7,1647957873428),(322,'610100XPO2200000164202',7,1647957873428),(323,'610100XPO2200000165202',7,1647957873428),(324,'610100XPO2200000166202',2,1647957881384),(325,'610100XPO2200000167202',2,1647957881384),(326,'610100XPO2200000168202',2,1647957881384),(327,'610100XPO2200000166202',7,1647959700049),(328,'610100XPO2200000167202',7,1647959700049),(329,'610100XPO2200000168202',7,1647959700049),(330,'610100XPO2200000169202',2,1647960502827),(331,'610100XPO2200000170202',2,1647960502827),(332,'610100XPO2200000171202',2,1647960502827),(333,'610100XPO2200000169202',7,1647962400044),(334,'610100XPO2200000170202',7,1647962400044),(335,'610100XPO2200000171202',7,1647962400044),(336,'610100XPO2200000172202',2,1647997032329),(337,'610100XPO2200000173202',2,1647997032329),(338,'610100XPO2200000174202',2,1647997032329),(339,'610100XPO2200000172202',3,1647997229727),(340,'610100XPO2200000173202',3,1647997229727),(341,'610100XPO2200000174202',3,1647997229727),(342,'610100XPO2200000175202',2,1648036852974),(343,'610100XPO2200000176202',2,1648036852974),(344,'610100XPO2200000177202',2,1648036852974),(345,'610100XPO2200000175202',7,1648038900030),(346,'610100XPO2200000176202',7,1648038900030),(347,'610100XPO2200000177202',7,1648038900030),(348,'610100XPO2200000178202',2,1648040952632),(349,'610100XPO2200000179202',2,1648040952632),(350,'610100XPO2200000180202',2,1648040952632),(351,'610100XPO2200000178202',7,1648041028301),(352,'610100XPO2200000179202',7,1648041028301),(353,'610100XPO2200000180202',7,1648041028301),(354,'610100XPO2200000181202',2,1648041064369),(355,'610100XPO2200000182202',2,1648041064369),(356,'610100XPO2200000183202',2,1648041064369),(357,'610100XPO2200000181202',7,1648041111193),(358,'610100XPO2200000182202',7,1648041111193),(359,'610100XPO2200000183202',7,1648041111193),(360,'610100XPO2200000184202',2,1648041134791),(361,'610100XPO2200000185202',2,1648041134791),(362,'610100XPO2200000186202',2,1648041134791),(363,'610100XPO2200000184202',7,1648041213809),(364,'610100XPO2200000185202',7,1648041213809),(365,'610100XPO2200000186202',7,1648041213809),(366,'610100XPO2200000187202',2,1648041239979),(367,'610100XPO2200000188202',2,1648041239979),(368,'610100XPO2200000189202',2,1648041239979),(369,'610100XPO2200000187202',3,1648041293550),(370,'610100XPO2200000188202',3,1648041293550),(371,'610100XPO2200000189202',3,1648041293550),(372,'610100XPO2200000190202',2,1648041437229),(373,'610100XPO2200000191202',2,1648041437229),(374,'610100XPO2200000192202',2,1648041437229),(375,'610100XPO2200000190202',3,1648041464716),(376,'610100XPO2200000191202',3,1648041464716),(377,'610100XPO2200000192202',3,1648041464716),(378,'610100XPO2200000193202',2,1648041917443),(379,'610100XPO2200000194202',2,1648041917443),(380,'610100XPO2200000195202',2,1648041917443),(381,'610100XPO2200000193202',7,1648044000015),(382,'610100XPO2200000194202',7,1648044000016),(383,'610100XPO2200000195202',7,1648044000016),(384,'610100XPO2200000196202',2,1648044128155),(385,'610100XPO2200000197202',2,1648044128155),(386,'610100XPO2200000198202',2,1648044128155),(387,'610100XPO2200000196202',7,1648046100022),(388,'610100XPO2200000197202',7,1648046100022),(389,'610100XPO2200000198202',7,1648046100022),(390,'610100XPO2200000199202',2,1648132824895),(391,'610100XPO2200000200202',2,1648132824895),(392,'610100XPO2200000201202',2,1648132824895),(393,'610100XPO2200000199202',7,1648134900061),(394,'610100XPO2200000200202',7,1648134900061),(395,'610100XPO2200000201202',7,1648134900061),(396,'610100XPO2200000202202',2,1648209492826),(397,'610100XPO2200000203202',2,1648209492826),(398,'610100XPO2200000202202',7,1648211400035),(399,'610100XPO2200000203202',7,1648211400035),(400,'610100XPO2200000204202',2,1648266509657),(401,'610100XPO2200000205202',2,1648266509657),(402,'610100XPO2200000206202',2,1648266509657),(403,'610100XPO2200000207202',2,1648267251033),(404,'610100XPO2200000208202',2,1648267251033),(405,'610100XPO2200000209202',2,1648267251033),(406,'rf12312322200000058202',7,1648300080544),(407,'rf12312322200000059202',7,1648300080544),(408,'rf12312322200000060202',7,1648300080544),(409,'610100XPO2200000207202',7,1648375979572),(410,'610100XPO2200000208202',7,1648375979572),(411,'610100XPO2200000209202',7,1648375979572),(412,'610100XPO2200000210202',2,1648714978037),(413,'610100XPO2200000211202',2,1648714978037),(414,'610100XPO2200000212202',2,1648714978037),(415,'610100XPO2200000210202',3,1648715077114),(416,'610100XPO2200000211202',3,1648715077114),(417,'610100XPO2200000212202',3,1648715077114),(418,'610100XPO2200000213202',2,1648715477180),(419,'610100XPO2200000214202',2,1648715477180),(420,'610100XPO2200000215202',2,1648715477180),(421,'610100XPO2200000213202',3,1648715498505),(422,'610100XPO2200000214202',3,1648715498506),(423,'610100XPO2200000215202',3,1648715498506),(424,'610100XPO2200000213202',4,1648715544660),(425,'610100XPO2200000214202',4,1648715544660),(426,'610100XPO2200000215202',4,1648715544660),(427,'610100XPO2200000210202',4,1648715919257),(428,'610100XPO2200000211202',4,1648715919257),(429,'610100XPO2200000212202',4,1648715919257),(430,'610100XPO2200000210202',4,1648715924311),(431,'610100XPO2200000211202',4,1648715924311),(432,'610100XPO2200000212202',4,1648715924311),(433,'610100XPO2200000216202',2,1648716115672),(434,'610100XPO2200000217202',2,1648716115672),(435,'610100XPO2200000218202',2,1648716115672),(436,'610100XPO2200000216202',7,1648716134857),(437,'610100XPO2200000217202',7,1648716134857),(438,'610100XPO2200000218202',7,1648716134857),(439,'610100XPO2200000219202',2,1648741089303),(440,'610100XPO2200000220202',2,1648741089303),(441,'610100XPO2200000221202',2,1648741089303),(442,'610100XPO2200000219202',7,1648741259831),(443,'610100XPO2200000220202',7,1648741259831),(444,'610100XPO2200000221202',7,1648741259831),(445,'610100XPO2200000222202',2,1648741488867),(446,'610100XPO2200000223202',2,1648741488867),(447,'610100XPO2200000224202',2,1648741488867),(448,'610100XPO2200000222202',7,1648741733607),(449,'610100XPO2200000223202',7,1648741733607),(450,'610100XPO2200000224202',7,1648741733607),(451,'610100XPO2200000225202',2,1649416141476),(452,'610100XPO2200000226202',2,1649416141476),(453,'610100XPO2200000227202',2,1649416141476),(454,'610100XPO2200000225202',7,1649416337593),(455,'610100XPO2200000226202',7,1649416337593),(456,'610100XPO2200000227202',7,1649416337593),(457,'610100XPO2200000204202',7,1649416800711),(458,'610100XPO2200000205202',7,1649416800711),(459,'610100XPO2200000206202',7,1649416800711),(460,'610100XPO2200000228202',2,1649438954783),(461,'610100XPO2200000229202',2,1649438954783),(462,'610100XPO2200000230202',2,1649438954783),(463,'610100XPO2200000228202',7,1649440800008),(464,'610100XPO2200000229202',7,1649440800008),(465,'610100XPO2200000230202',7,1649440800008),(466,'610100XPO2200000231202',2,1649462731701),(467,'610100XPO2200000232202',2,1649462731701),(468,'610100XPO2200000233202',2,1649462731701),(469,'610100XPO2200000231202',7,1649462751576),(470,'610100XPO2200000232202',7,1649462751576),(471,'610100XPO2200000233202',7,1649462751576),(472,'610100XPO2200000234202',2,1649462767592),(473,'610100XPO2200000235202',2,1649462767592),(474,'610100XPO2200000236202',2,1649462767592),(475,'610100XPO2200000234202',7,1649462817463),(476,'610100XPO2200000235202',7,1649462817463),(477,'610100XPO2200000236202',7,1649462817463),(478,'610100XPO2200000237202',2,1649464564461),(479,'610100XPO2200000238202',2,1649464564461),(480,'610100XPO2200000239202',2,1649464564461),(481,'610100XPO2200000237202',7,1649464581988),(482,'610100XPO2200000238202',7,1649464581988),(483,'610100XPO2200000239202',7,1649464581988),(484,'610100XPO2200000240202',2,1649464609478),(485,'610100XPO2200000241202',2,1649464609478),(486,'610100XPO2200000240202',7,1649464633522),(487,'610100XPO2200000241202',7,1649464633522),(488,'610100XPO2200000242202',2,1649464668149),(489,'610100XPO2200000243202',2,1649464668149),(490,'610100XPO2200000242202',7,1649464681907),(491,'610100XPO2200000243202',7,1649464681907),(492,'610100XPO2200000244202',2,1649464810766),(493,'610100XPO2200000245202',2,1649464810766),(494,'610100XPO2200000246202',2,1649464810766),(495,'610100XPO2200000244202',7,1649464831177),(496,'610100XPO2200000245202',7,1649464831177),(497,'610100XPO2200000246202',7,1649464831177),(498,'610100XPO2200000247202',2,1649465231125),(499,'610100XPO2200000248202',2,1649465231125),(500,'610100XPO2200000249202',2,1649465231125),(501,'610100XPO2200000250202',2,1649465231125),(502,'610100XPO2200000251202',2,1649465231125),(503,'610100XPO2200000247202',7,1649465442284),(504,'610100XPO2200000248202',7,1649465442284),(505,'610100XPO2200000249202',7,1649465442284),(506,'610100XPO2200000250202',7,1649465442284),(507,'610100XPO2200000251202',7,1649465442284),(508,'610100XPO2200000252202',2,1649468531631),(509,'610100XPO2200000253202',2,1649468531631),(510,'610100XPO2200000254202',2,1649468531631),(511,'610100XPO2200000255202',2,1649468531631),(512,'610100XPO2200000256202',2,1649468531631),(513,'610100XPO2200000257202',2,1649468531631),(514,'610100XPO2200000252202',7,1649468544752),(515,'610100XPO2200000253202',7,1649468544752),(516,'610100XPO2200000254202',7,1649468544752),(517,'610100XPO2200000255202',7,1649468544752),(518,'610100XPO2200000256202',7,1649468544752),(519,'610100XPO2200000257202',7,1649468544752),(520,'610100XPO2200000258202',2,1649468571601),(521,'610100XPO2200000259202',2,1649468571601),(522,'610100XPO2200000260202',2,1649468571601),(523,'610100XPO2200000261202',2,1649468571601),(524,'610100XPO2200000262202',2,1649468571601),(525,'610100XPO2200000263202',2,1649468571601),(526,'610100XPO2200000258202',7,1649468633299),(527,'610100XPO2200000259202',7,1649468633299),(528,'610100XPO2200000260202',7,1649468633299),(529,'610100XPO2200000261202',7,1649468633299),(530,'610100XPO2200000262202',7,1649468633299),(531,'610100XPO2200000263202',7,1649468633299),(532,'610100XPO2200000264202',2,1649468653420),(533,'610100XPO2200000265202',2,1649468653420),(534,'610100XPO2200000266202',2,1649468653420),(535,'610100XPO2200000264202',7,1649468791716),(536,'610100XPO2200000265202',7,1649468791716),(537,'610100XPO2200000266202',7,1649468791716),(538,'610100XPO2200000267202',2,1649468880790),(539,'610100XPO2200000268202',2,1649468880790),(540,'610100XPO2200000269202',2,1649468880790),(541,'610100XPO2200000267202',7,1649469219318),(542,'610100XPO2200000268202',7,1649469219318),(543,'610100XPO2200000269202',7,1649469219318),(544,'610100XPO2200000270202',2,1649469628436),(545,'610100XPO2200000271202',2,1649469628436),(546,'610100XPO2200000272202',2,1649469628436),(547,'610100XPO2200000270202',7,1649471700011),(548,'610100XPO2200000271202',7,1649471700011),(549,'610100XPO2200000272202',7,1649471700011),(550,'610100XPO2200000273202',2,1649472203416),(551,'610100XPO2200000274202',2,1649472203416),(552,'610100XPO2200000275202',2,1649472203416),(553,'610100XPO2200000273202',7,1649472366723),(554,'610100XPO2200000274202',7,1649472366723),(555,'610100XPO2200000275202',7,1649472366723),(556,'610100XPO2200000276202',2,1649472459715),(557,'610100XPO2200000277202',2,1649472459715),(558,'610100XPO2200000278202',2,1649472459715),(559,'610100XPO2200000276202',7,1649472504333),(560,'610100XPO2200000277202',7,1649472504333),(561,'610100XPO2200000278202',7,1649472504333),(562,'610100XPO2200000279202',2,1649472601885),(563,'610100XPO2200000280202',2,1649472601885),(564,'610100XPO2200000281202',2,1649472601885),(565,'610100XPO2200000279202',7,1649473712711),(566,'610100XPO2200000280202',7,1649473712711),(567,'610100XPO2200000281202',7,1649473712711),(568,'610100XPO2200000282202',2,1649473947343),(569,'610100XPO2200000283202',2,1649473947343),(570,'610100XPO2200000284202',2,1649473947343),(571,'610100XPO2200000282202',7,1649475900008),(572,'610100XPO2200000283202',7,1649475900008),(573,'610100XPO2200000284202',7,1649475900008),(574,'610100XPO2200000285202',2,1649478371059),(575,'610100XPO2200000286202',2,1649478371059),(576,'610100XPO2200000285202',7,1649478667606),(577,'610100XPO2200000286202',7,1649478667606),(578,'610100XPO2200000287202',2,1649478708681),(579,'610100XPO2200000288202',2,1649478708681),(580,'610100XPO2200000289202',2,1649478708681),(581,'610100XPO2200000287202',7,1649478719258),(582,'610100XPO2200000288202',7,1649478719258),(583,'610100XPO2200000289202',7,1649478719258),(584,'610100XPO2200000290202',2,1649479242282),(585,'610100XPO2200000291202',2,1649479242282),(586,'610100XPO2200000290202',7,1649479253815),(587,'610100XPO2200000291202',7,1649479253815),(588,'610100XPO2200000292202',2,1649479266861),(589,'610100XPO2200000293202',2,1649479266861),(590,'610100XPO2200000292202',7,1649479299318),(591,'610100XPO2200000293202',7,1649479299318),(592,'610100XPO2200000294202',2,1649479327093),(593,'610100XPO2200000295202',2,1649479327093),(594,'610100XPO2200000296202',2,1649479327093),(595,'610100XPO2200000294202',7,1649479339164),(596,'610100XPO2200000295202',7,1649479339164),(597,'610100XPO2200000296202',7,1649479339164),(598,'610100XPO2200000297202',2,1649479367193),(599,'610100XPO2200000298202',2,1649479367193),(600,'610100XPO2200000299202',2,1649479367193),(601,'610100XPO2200000300202',2,1649479367193),(602,'610100XPO2200000297202',7,1649479385536),(603,'610100XPO2200000298202',7,1649479385536),(604,'610100XPO2200000299202',7,1649479385536),(605,'610100XPO2200000300202',7,1649479385536),(606,'610100XPO2200000301202',2,1649479409880),(607,'610100XPO2200000302202',2,1649479409880),(608,'610100XPO2200000303202',2,1649479409880),(609,'610100XPO2200000304202',2,1649479409880),(610,'610100XPO2200000305202',2,1649479409880),(611,'610100XPO2200000301202',7,1649479416770),(612,'610100XPO2200000302202',7,1649479416770),(613,'610100XPO2200000303202',7,1649479416770),(614,'610100XPO2200000304202',7,1649479416770),(615,'610100XPO2200000305202',7,1649479416770),(616,'610100XPO2200000306202',2,1649479503637),(617,'610100XPO2200000307202',2,1649479503637),(618,'610100XPO2200000306202',7,1649481600008),(619,'610100XPO2200000307202',7,1649481600008),(620,'610100XPO2200000308202',2,1649481706096),(621,'610100XPO2200000309202',2,1649481706096),(622,'610100XPO2200000308202',7,1649481755092),(623,'610100XPO2200000309202',7,1649481755092),(624,'610100XPO2200000310202',2,1649481889491),(625,'610100XPO2200000311202',2,1649481889491),(626,'610100XPO2200000310202',7,1649481897815),(627,'610100XPO2200000311202',7,1649481897815),(628,'610100XPO2200000312202',2,1649481924517),(629,'610100XPO2200000313202',2,1649481924517),(630,'610100XPO2200000312202',7,1649484000012),(631,'610100XPO2200000313202',7,1649484000012),(632,'610100XPO2200000314202',2,1649488366071),(633,'610100XPO2200000315202',2,1649488366071),(634,'610100XPO2200000316202',2,1649488366071),(635,'610100XPO2200000314202',7,1649488471682),(636,'610100XPO2200000315202',7,1649488471682),(637,'610100XPO2200000316202',7,1649488471682),(638,'610100XPO2200000317202',2,1649496784616),(639,'610100XPO2200000318202',2,1649496784616),(640,'610100XPO2200000319202',2,1649496784616),(641,'610100XPO2200000317202',7,1649498700027),(642,'610100XPO2200000318202',7,1649498700027),(643,'610100XPO2200000319202',7,1649498700027),(644,'610100XPO2200000320202',2,1649579857098),(645,'610100XPO2200000321202',2,1649579857098),(646,'610100XPO2200000322202',2,1649579857098),(647,'610100XPO2200000320202',7,1649579871170),(648,'610100XPO2200000321202',7,1649579871170),(649,'610100XPO2200000322202',7,1649579871170),(650,'610100XPO2200000323202',2,1649579890614),(651,'610100XPO2200000324202',2,1649579890614),(652,'610100XPO2200000325202',2,1649579890614),(653,'610100XPO2200000323202',7,1649579976166),(654,'610100XPO2200000324202',7,1649579976166),(655,'610100XPO2200000325202',7,1649579976166),(656,'610100XPO2200000326202',2,1649580122963),(657,'610100XPO2200000327202',2,1649580122963),(658,'610100XPO2200000328202',2,1649580122963),(659,'610100XPO2200000326202',7,1649580149267),(660,'610100XPO2200000327202',7,1649580149267),(661,'610100XPO2200000328202',7,1649580149267),(662,'610100XPO2200000329202',2,1649580173989),(663,'610100XPO2200000330202',2,1649580173989),(664,'610100XPO2200000331202',2,1649580173989),(665,'610100XPO2200000332202',2,1649580173989),(666,'610100XPO2200000329202',7,1649582100008),(667,'610100XPO2200000330202',7,1649582100009),(668,'610100XPO2200000331202',7,1649582100009),(669,'610100XPO2200000332202',7,1649582100009),(670,'610100XPO2200000333202',2,1649606177684),(671,'610100XPO2200000334202',2,1649606177684),(672,'610100XPO2200000335202',2,1649606177684),(673,'610100XPO2200000336202',2,1649606177684),(674,'610100XPO2200000333202',7,1649608200012),(675,'610100XPO2200000334202',7,1649608200012),(676,'610100XPO2200000335202',7,1649608200012),(677,'610100XPO2200000336202',7,1649608200012),(678,'610100XPO2200000337202',2,1649640799122),(679,'610100XPO2200000338202',2,1649640799122),(680,'610100XPO2200000339202',2,1649640799122),(681,'610100XPO2200000337202',7,1649640805656),(682,'610100XPO2200000338202',7,1649640805656),(683,'610100XPO2200000339202',7,1649640805656),(684,'610100XPO2200000340202',2,1649640824287),(685,'610100XPO2200000341202',2,1649640824287),(686,'610100XPO2200000342202',2,1649640824287),(687,'610100XPO2200000340202',7,1649642700009),(688,'610100XPO2200000341202',7,1649642700009),(689,'610100XPO2200000342202',7,1649642700009),(690,'610100XPO2200000343202',2,1649651267592),(691,'610100XPO2200000344202',2,1649651267592),(692,'610100XPO2200000345202',2,1649651267592),(693,'610100XPO2200000343202',7,1649651287455),(694,'610100XPO2200000344202',7,1649651287455),(695,'610100XPO2200000345202',7,1649651287455),(696,'610100XPO2200000346202',2,1649651306166),(697,'610100XPO2200000347202',2,1649651306166),(698,'610100XPO2200000348202',2,1649651306166),(699,'610100XPO2200000346202',7,1649651313369),(700,'610100XPO2200000347202',7,1649651313369),(701,'610100XPO2200000348202',7,1649651313369),(702,'610100XPO2200000349202',2,1649651320532),(703,'610100XPO2200000350202',2,1649651320532),(704,'610100XPO2200000351202',2,1649651320532),(705,'610100XPO2200000349202',7,1649651327891),(706,'610100XPO2200000350202',7,1649651327891),(707,'610100XPO2200000351202',7,1649651327891),(708,'610100XPO2200000352202',2,1649651347909),(709,'610100XPO2200000353202',2,1649651347909),(710,'610100XPO2200000354202',2,1649651347909),(711,'610100XPO2200000352202',7,1649653200012),(712,'610100XPO2200000353202',7,1649653200012),(713,'610100XPO2200000354202',7,1649653200012),(714,'610100XPO2200000355202',2,1649679245080),(715,'610100XPO2200000356202',2,1649679245080),(716,'610100XPO2200000357202',2,1649679245080),(717,'610100XPO2200000355202',7,1649679286211),(718,'610100XPO2200000356202',7,1649679286211),(719,'610100XPO2200000357202',7,1649679286211),(720,'610100XPO2200000358202',2,1649729037305),(721,'610100XPO2200000359202',2,1649729037305),(722,'610100XPO2200000358202',7,1649730900009),(723,'610100XPO2200000359202',7,1649730900009),(724,'610100XPO2200000360202',2,1649731181914),(725,'610100XPO2200000361202',2,1649731181914),(726,'610100XPO2200000362202',2,1649731181914),(727,'610100XPO2200000363202',2,1649731573156),(728,'610100XPO2200000364202',2,1649731573156),(729,'610100XPO2200000363202',7,1649731733019),(730,'610100XPO2200000364202',7,1649731733019),(731,'610100XPO2200000365202',2,1649731746124),(732,'610100XPO2200000366202',2,1649731746124),(733,'610100XPO2200000367202',2,1649732322437),(734,'610100XPO2200000368202',2,1649732322437),(735,'610100XPO2200000367202',7,1649732330192),(736,'610100XPO2200000368202',7,1649732330192),(737,'610100XPO2200000369202',2,1649737962296),(738,'610100XPO2200000370202',2,1649737962296),(739,'610100XPO2200000369202',7,1649737982857),(740,'610100XPO2200000370202',7,1649737982857),(741,'610100XPO2200000371202',2,1649740981276),(742,'610100XPO2200000372202',2,1649740981276),(743,'610100XPO2200000371202',7,1649741015370),(744,'610100XPO2200000372202',7,1649741015370),(745,'610100XPO2200000373202',2,1649741040483),(746,'610100XPO2200000374202',2,1649741040483),(747,'610100XPO2200000373202',7,1649742900013),(748,'610100XPO2200000374202',7,1649742900013),(749,'610100XPO2200000375202',2,1649749538342),(750,'610100XPO2200000376202',2,1649749538342),(751,'610100XPO2200000375202',7,1649749567434),(752,'610100XPO2200000376202',7,1649749567434),(753,'610100XPO2200000377202',2,1649749655612),(754,'610100XPO2200000378202',2,1649749655612),(755,'610100XPO2200000377202',7,1649749745034),(756,'610100XPO2200000378202',7,1649749745034),(757,'610100XPO2200000379202',2,1649765489037),(758,'610100XPO2200000380202',2,1649765489037),(759,'610100XPO2200000379202',7,1649765498183),(760,'610100XPO2200000380202',7,1649765498183),(761,'610100XPO2200000381202',2,1649765513511),(762,'610100XPO2200000382202',2,1649765513511),(763,'610100XPO2200000383202',2,1649765513511),(764,'610100XPO2200000381202',7,1649765521657),(765,'610100XPO2200000382202',7,1649765521657),(766,'610100XPO2200000383202',7,1649765521657),(767,'610100XPO2200000384202',2,1649765547561),(768,'610100XPO2200000385202',2,1649765547561),(769,'610100XPO2200000386202',2,1649765547561),(770,'610100XPO2200000387202',2,1649765547561),(771,'610100XPO2200000384202',7,1649765800899),(772,'610100XPO2200000385202',7,1649765800899),(773,'610100XPO2200000386202',7,1649765800899),(774,'610100XPO2200000387202',7,1649765800899),(775,'610100XPO2200000388202',2,1649766706490),(776,'610100XPO2200000389202',2,1649766706490),(777,'610100XPO2200000390202',2,1649766706490),(778,'610100XPO2200000388202',7,1649766715775),(779,'610100XPO2200000389202',7,1649766715775),(780,'610100XPO2200000390202',7,1649766715775),(781,'610100XPO2200000391202',2,1649766742024),(782,'610100XPO2200000392202',2,1649766742024),(783,'610100XPO2200000391202',7,1649766748650),(784,'610100XPO2200000392202',7,1649766748650),(785,'610100XPO2200000393202',2,1649766768838),(786,'610100XPO2200000394202',2,1649766768838),(787,'610100XPO2200000395202',2,1649766768838),(788,'610100XPO2200000393202',7,1649767000622),(789,'610100XPO2200000394202',7,1649767000622),(790,'610100XPO2200000395202',7,1649767000622),(791,'610100XPO2200000396202',2,1649767025964),(792,'610100XPO2200000397202',2,1649767025964),(793,'610100XPO2200000398202',2,1649767025964),(794,'610100XPO2200000396202',7,1649767062946),(795,'610100XPO2200000397202',7,1649767062946),(796,'610100XPO2200000398202',7,1649767062946),(797,'610100XPO2200000399202',2,1649767086664),(798,'610100XPO2200000400202',2,1649767086664),(799,'610100XPO2200000401202',2,1649767086664),(800,'610100XPO2200000402202',2,1649767086664),(801,'610100XPO2200000399202',7,1649767143441),(802,'610100XPO2200000400202',7,1649767143441),(803,'610100XPO2200000401202',7,1649767143441),(804,'610100XPO2200000402202',7,1649767143441),(805,'610100XPO2200000403202',2,1649767168171),(806,'610100XPO2200000404202',2,1649767168171),(807,'610100XPO2200000405202',2,1649767168171),(808,'610100XPO2200000406202',2,1649767168171),(809,'610100XPO2200000403202',7,1649767222808),(810,'610100XPO2200000404202',7,1649767222808),(811,'610100XPO2200000405202',7,1649767222808),(812,'610100XPO2200000406202',7,1649767222808),(813,'610100XPO2200000407202',2,1649767243732),(814,'610100XPO2200000408202',2,1649767243732),(815,'610100XPO2200000409202',2,1649767243732),(816,'610100XPO2200000410202',2,1649767243732),(817,'610100XPO2200000407202',7,1649767434419),(818,'610100XPO2200000408202',7,1649767434419),(819,'610100XPO2200000409202',7,1649767434419),(820,'610100XPO2200000410202',7,1649767434419),(821,'610100XPO2200000411202',2,1649767480800),(822,'610100XPO2200000412202',2,1649767480800),(823,'610100XPO2200000411202',7,1649767862180),(824,'610100XPO2200000412202',7,1649767862180),(825,'610100XPO2200000413202',2,1649767906059),(826,'610100XPO2200000414202',2,1649767906059),(827,'610100XPO2200000415202',2,1649767906059),(828,'610100XPO2200000416202',2,1649767906059),(829,'610100XPO2200000413202',7,1649767930175),(830,'610100XPO2200000414202',7,1649767930175),(831,'610100XPO2200000415202',7,1649767930175),(832,'610100XPO2200000416202',7,1649767930175),(833,'610100XPO2200000417202',2,1649767951169),(834,'610100XPO2200000418202',2,1649767951169),(835,'610100XPO2200000417202',7,1649767956410),(836,'610100XPO2200000418202',7,1649767956410),(837,'610100XPO2200000419202',2,1649767974364),(838,'610100XPO2200000420202',2,1649767974364),(839,'610100XPO2200000421202',2,1649767974364),(840,'610100XPO2200000419202',7,1649767980110),(841,'610100XPO2200000420202',7,1649767980110),(842,'610100XPO2200000421202',7,1649767980110),(843,'610100XPO2200000422202',2,1649768057943),(844,'610100XPO2200000423202',2,1649768057943),(845,'610100XPO2200000424202',2,1649768057943),(846,'610100XPO2200000425202',2,1649768057943),(847,'610100XPO2200000426202',2,1649768057943),(848,'610100XPO2200000427202',2,1649768057943),(849,'610100XPO2200000422202',7,1649768167918),(850,'610100XPO2200000423202',7,1649768167918),(851,'610100XPO2200000424202',7,1649768167918),(852,'610100XPO2200000425202',7,1649768167918),(853,'610100XPO2200000426202',7,1649768167918),(854,'610100XPO2200000427202',7,1649768167918),(855,'610100XPO2200000428202',2,1649769687378),(856,'610100XPO2200000429202',2,1649769687378),(857,'610100XPO2200000428202',7,1649769707230),(858,'610100XPO2200000429202',7,1649769707230),(859,'610100XPO2200000430202',2,1649770772440),(860,'610100XPO2200000431202',2,1649770772440),(861,'610100XPO2200000432202',2,1649770772440),(862,'610100XPO2200000430202',7,1649770781116),(863,'610100XPO2200000431202',7,1649770781116),(864,'610100XPO2200000432202',7,1649770781116),(865,'610100XPO2200000433202',2,1649817492807),(866,'610100XPO2200000434202',2,1649817492807),(867,'610100XPO2200000435202',2,1649817492807),(868,'610100XPO2200000433202',7,1649817514826),(869,'610100XPO2200000434202',7,1649817514826),(870,'610100XPO2200000435202',7,1649817514826),(871,'610100XPO2200000436202',2,1649818869774),(872,'610100XPO2200000437202',2,1649818869774),(873,'610100XPO2200000438202',2,1649818869774),(874,'610100XPO2200000436202',7,1649819736976),(875,'610100XPO2200000437202',7,1649819736976),(876,'610100XPO2200000438202',7,1649819736976),(877,'610100XPO2200000439202',2,1649819917444),(878,'610100XPO2200000440202',2,1649819917444),(879,'610100XPO2200000441202',2,1649819917444),(880,'610100XPO2200000442202',2,1649819917444),(881,'610100XPO2200000443202',2,1649819917444),(882,'610100XPO2200000439202',7,1649821800011),(883,'610100XPO2200000440202',7,1649821800011),(884,'610100XPO2200000441202',7,1649821800011),(885,'610100XPO2200000442202',7,1649821800011),(886,'610100XPO2200000443202',7,1649821800011),(887,'610100XPO2200000444202',2,1649840536944),(888,'610100XPO2200000445202',2,1649840536944),(889,'610100XPO2200000446202',2,1649840536944),(890,'610100XPO2200000447202',2,1649840536944),(891,'610100XPO2200000444202',3,1649840612307),(892,'610100XPO2200000445202',3,1649840612307),(893,'610100XPO2200000446202',3,1649840612307),(894,'610100XPO2200000447202',3,1649840612307),(895,'610100XPO2200000444202',4,1649840722667),(896,'610100XPO2200000447202',4,1649840722667),(897,'610100XPO2200000448202',2,1649852474096),(898,'610100XPO2200000449202',2,1649852474096),(899,'610100XPO2200000448202',3,1649852513599),(900,'610100XPO2200000449202',3,1649852513599),(901,'610100XPO2200000450202',2,1649854031027),(902,'610100XPO2200000451202',2,1649854031027),(903,'610100XPO2200000450202',3,1649854449848),(904,'610100XPO2200000451202',3,1649854449848),(905,'610100XPO2200000452202',2,1649854536370),(906,'610100XPO2200000453202',2,1649854536370),(907,'610100XPO2200000452202',3,1649854555669),(908,'610100XPO2200000453202',3,1649854555669),(909,'610100XPO2200000454202',2,1649854646077),(910,'610100XPO2200000455202',2,1649854646077),(911,'610100XPO2200000454202',3,1649854668662),(912,'610100XPO2200000455202',3,1649854668662),(913,'610100XPO2200000456202',2,1649855921308),(914,'610100XPO2200000457202',2,1649855921308),(915,'610100XPO2200000456202',3,1649855944057),(916,'610100XPO2200000457202',3,1649855944058),(917,'610100XPO2200000458202',2,1649857810063),(918,'610100XPO2200000459202',2,1649857810063),(919,'610100XPO2200000458202',3,1649857845457),(920,'610100XPO2200000459202',3,1649857845457),(921,'610100XPO2200000458202',4,1649907491585),(922,'610100XPO2200000459202',4,1649907491585),(923,'610100XPO2200000456202',4,1649907899782),(924,'610100XPO2200000457202',4,1649907899782),(925,'610100XPO2200000452202',4,1649907932009),(926,'610100XPO2200000453202',4,1649907932009),(927,'610100XPO2200000460202',2,1649943373762),(928,'610100XPO2200000461202',2,1649943373762),(929,'610100XPO2200000462202',2,1649943373762),(930,'610100XPO2200000460202',3,1649943414582),(931,'610100XPO2200000461202',3,1649943414582),(932,'610100XPO2200000462202',3,1649943414582),(933,'610100XPO2200000463202',2,1649949505434),(934,'610100XPO2200000464202',2,1649949505434),(935,'610100XPO2200000465202',2,1649949505434),(936,'610100XPO2200000463202',3,1649949548997),(937,'610100XPO2200000464202',3,1649949548997),(938,'610100XPO2200000465202',3,1649949548997);
/*!40000 ALTER TABLE `order_operate` ENABLE KEYS */;
UNLOCK TABLES;

--
-- Table structure for table `order_statistics`
--

DROP TABLE IF EXISTS `order_statistics`;
/*!40101 SET @saved_cs_client     = @@character_set_client */;
/*!40101 SET character_set_client = utf8 */;
CREATE TABLE `order_statistics` (
  `statistics_id` bigint(20) NOT NULL AUTO_INCREMENT,
  `statistics_type` int(1) DEFAULT NULL,
  `sharding_key` int(1) DEFAULT NULL,
  `order_quantity` int(10) DEFAULT NULL,
  `date` varchar(10) DEFAULT NULL,
  PRIMARY KEY (`statistics_id`)
) ENGINE=InnoDB AUTO_INCREMENT=59 DEFAULT CHARSET=utf8;
/*!40101 SET character_set_client = @saved_cs_client */;

--
-- Dumping data for table `order_statistics`
--

LOCK TABLES `order_statistics` WRITE;
/*!40000 ALTER TABLE `order_statistics` DISABLE KEYS */;
INSERT INTO `order_statistics` VALUES (1,1,0,0,NULL),(2,1,1,0,NULL),(3,1,2,0,NULL),(4,1,3,0,NULL),(5,1,4,0,NULL),(6,1,5,0,NULL),(7,1,6,0,NULL),(8,1,7,0,NULL),(9,1,8,0,NULL),(10,1,9,0,NULL),(11,4,-1,122134,'2022-1-21'),(13,4,-1,0,'2022'),(14,3,-1,1,'1'),(15,2,-1,0,'2022-1-22'),(16,3,-1,0,'2'),(17,3,-1,0,'3'),(18,2,-1,0,'2022-03-04'),(19,2,-1,0,'2022-03-05'),(20,2,-1,0,'2022-03-06'),(21,2,-1,0,'2022-03-07'),(22,2,-1,0,'2022-03-08'),(23,2,-1,0,'2022-03-09'),(24,2,-1,0,'2022-03-10'),(25,2,-1,0,'2022-03-11'),(26,2,-1,0,'2022-03-12'),(27,2,-1,0,'2022-03-13'),(28,2,-1,0,'2022-03-14'),(29,2,-1,0,'2022-03-15'),(30,2,-1,0,'2022-03-16'),(31,2,-1,0,'2022-03-17'),(32,2,-1,0,'2022-03-18'),(33,2,-1,0,'2022-03-19'),(34,2,-1,0,'2022-03-20'),(35,2,-1,0,'2022-03-21'),(36,2,-1,0,'2022-03-22'),(37,2,-1,0,'2022-03-23'),(38,2,-1,0,'2022-03-24'),(39,2,-1,0,'2022-03-25'),(40,2,-1,0,'2022-03-26'),(41,2,-1,0,'2022-03-27'),(42,2,-1,0,'2022-03-28'),(43,3,-1,0,'4'),(44,2,-1,0,'2022-03-31'),(45,2,-1,0,'2022-04-01'),(46,2,-1,0,'2022-04-02'),(47,2,-1,0,'2022-04-03'),(48,2,-1,0,'2022-04-04'),(49,2,-1,0,'2022-04-05'),(50,2,-1,0,'2022-04-06'),(51,2,-1,0,'2022-04-07'),(52,2,-1,0,'2022-04-08'),(53,2,-1,0,'2022-04-09'),(54,2,-1,0,'2022-04-10'),(55,2,-1,0,'2022-04-11'),(56,2,-1,0,'2022-04-12'),(57,2,-1,0,'2022-04-13'),(58,2,-1,0,'2022-04-14');
/*!40000 ALTER TABLE `order_statistics` ENABLE KEYS */;
UNLOCK TABLES;

--
-- Table structure for table `passenger`
--

DROP TABLE IF EXISTS `passenger`;
/*!40101 SET @saved_cs_client     = @@character_set_client */;
/*!40101 SET character_set_client = utf8 */;
CREATE TABLE `passenger` (
  `passenger_id` int(11) NOT NULL AUTO_INCREMENT COMMENT '乘客ID',
  `card_type` int(1) DEFAULT '-1' COMMENT '证件类型: 1身份证,2军人证,3护照,4港澳居民来往内地通行证,5台湾居民来往内地通行证,6港澳台居民居住证',
  `card_number` varchar(30) DEFAULT '-1' COMMENT '证件号码',
  `name` varchar(30) DEFAULT '-1' COMMENT '真实姓名',
  `user_id` int(11) NOT NULL COMMENT '隶属用户ID',
  `is_delete` int(1) NOT NULL DEFAULT '0',
  PRIMARY KEY (`passenger_id`),
  KEY `card_number` (`card_number`)
) ENGINE=InnoDB AUTO_INCREMENT=191 DEFAULT CHARSET=utf8;
/*!40101 SET character_set_client = @saved_cs_client */;

--
-- Dumping data for table `passenger`
--

LOCK TABLES `passenger` WRITE;
/*!40000 ALTER TABLE `passenger` DISABLE KEYS */;
INSERT INTO `passenger` VALUES (3,1,'610491188877242685','袁科团',2,0),(6,1,'610491188125042685','杨洋',2,0),(7,1,'610404200103250086','袁佳伟',1,1),(9,1,'610491188805562121','高宁',1,1),(11,1,'610483193405046389','容祖儿',1,0),(14,1,'610483193406712389','袁佳伟',1,0),(44,1,'?2022011822224101','高凝宇',1,1),(45,1,'?2022011822265201','高凝宇',1,1),(46,1,'?2022011822281401','高凝宇',1,1),(47,1,'?2022011822393401','高凝宇',1,1),(48,1,'?2022011822410001','高凝宇',1,1),(49,1,'?2022011919044301','高凝宇',1,1),(50,1,'?2022011919110601','高凝宇',1,1),(51,1,'?2022011919154501','高凝宇',1,1),(52,1,'?2022012022355701','高凝宇',1,1),(53,1,'?2022012022400901','高凝宇',1,1),(54,1,'?2022012120362801','高凝宇',1,1),(55,1,'?2022012215412001','高凝宇',1,1),(56,1,'?2022022211442601','高凝宇',1,1),(57,1,'?2022022212223501','高凝宇',1,1),(58,1,'?2022022212350001','高凝宇',1,1),(59,1,'?2022022212472701','高凝宇',1,1),(60,1,'610483193412345389','袁伟',1,0),(62,1,'?2022031521370801','高凝宇',1,1),(63,1,'?2022031521441001','高凝宇',1,1),(64,1,'?2022031521464301','高凝宇',1,1),(65,1,'?2022031822234201','高凝宇',1,1),(66,1,'?2022031823213101','高凝宇',1,1),(67,1,'?2022031912064501','高凝宇',1,1),(68,1,'?2022031912425101','高凝宇',1,1),(69,1,'?2022031913170101','高凝宇',1,1),(70,1,'?2022031914191901','高凝宇',1,1),(71,1,'?2022031914503301','高凝宇',1,1),(72,1,'?2022031916002901','高凝宇',1,1),(73,1,'?2022031921594401','高凝宇',1,1),(74,1,'?2022032012140801','高凝宇',1,1),(75,1,'?2022032015340301','高凝宇',1,1),(76,1,'?2022032016163001','高凝宇',1,1),(77,1,'?2022032017050001','高凝宇',1,1),(78,1,'?2022032017422501','高凝宇',1,1),(79,1,'?2022032019042101','高凝宇',1,1),(80,1,'?2022032019364301','高凝宇',1,1),(81,1,'?2022032020215501','高凝宇',1,1),(82,1,'?2022032021002901','高凝宇',1,1),(83,1,'?2022032022040601','高凝宇',1,1),(84,1,'?2022032116222801','高凝宇',1,1),(85,1,'?2022032116553701','高凝宇',1,1),(86,1,'?2022032119151401','高凝宇',1,1),(87,1,'?2022032120063901','高凝宇',1,1),(88,1,'?2022032120515301','高凝宇',1,1),(89,1,'?2022032121304501','高凝宇',1,1),(90,1,'?2022032210005901','高凝宇',1,1),(91,1,'?2022032215110601','高凝宇',1,1),(92,1,'?2022032219430001','高凝宇',1,1),(93,1,'?2022032220572201','高凝宇',9,1),(94,1,'?2022032221394901','高凝宇',1,1),(95,1,'?2022032222044101','高凝宇',1,1),(96,1,'?2022032222482201','高凝宇',1,1),(97,1,'?2022032308571201','高凝宇',1,1),(98,1,'?2022032320005201','高凝宇',1,1),(99,1,'?2022032321091201','高凝宇',1,1),(100,1,'?2022032321110401','高凝宇',1,1),(101,1,'?2022032321121401','高凝宇',1,1),(102,1,'?2022032321135901','高凝宇',1,1),(103,1,'?2022032321171701','高凝宇',1,1),(104,1,'?2022032321251701','高凝宇',1,1),(105,1,'?2022032322020801','高凝宇',1,1),(106,1,'?2022032422402401','高凝宇',1,1),(108,1,'622612123422111223','张三',1,0),(109,1,'?2022032519581201','高凝宇',3,1),(110,1,'?2022032611482901','高凝宇',3,1),(111,1,'?2022032612005001','高凝宇',1,1),(112,1,'?2022033116225701','高凝宇',1,1),(113,1,'?2022033116311701','高凝宇',1,1),(114,1,'?2022033116415501','高凝宇',1,1),(115,1,'?2022033123380901','高凝宇',1,1),(116,1,'?2022033123444801','高凝宇',12,1),(117,1,'?2022040819090101','高凝宇',1,1),(118,1,'?2022040901291401','高凝宇',1,1),(119,1,'?2022040908053101','高凝宇',1,1),(120,1,'?2022040908060701','高凝宇',1,1),(121,1,'?2022040908360401','高凝宇',1,1),(122,1,'610483193406712389','帆帆发',1,1),(123,1,'610483193406712389','222',1,1),(124,1,'610483193406712389','日日日日',1,1),(125,1,'610483193406712389','热热热',1,1),(126,1,'610483193406712389','是飒飒',1,1),(127,1,'610483193406712389','eeee',1,1),(128,1,'610483193406712389','eee',1,1),(129,1,'610483193406712389','www',1,1),(130,1,'610483193406712389','www',1,1),(131,1,'610483193406712389','www',1,1),(132,1,'610483193406712389','www',1,1),(133,1,'610483193406712389','www',1,1),(134,1,'610483193406712389','www',1,1),(135,1,'?2022040915124601','高凝宇',1,1),(136,1,'?2022040917330401','高凝宇',1,1),(137,1,'610483193406712389','www',1,1),(138,1,'610483193406712389','yuyu',1,1),(139,1,'610483193406712389','www',1,1),(140,1,'610483193406712389','www',1,1),(141,1,'610483193406712389','www',1,1),(142,1,'610483193406712389','www',1,1),(143,1,'610483193406712389','www',1,1),(144,1,'610483193406712389','www',1,1),(145,1,'610483193406712389','www',1,1),(146,1,'610483193406712389','www',1,1),(147,1,'610483193406712389','www',1,1),(148,1,'610483193406712389','www',1,1),(149,1,'610483193406712389','pp',1,1),(150,1,'610483193406712389','www',1,1),(151,1,'?2022041210394101','高凝宇',1,1),(152,1,'610483193406712389','www',1,1),(153,1,'610483193406712389','www',1,1),(154,1,'610483193406712389','dasd',1,1),(155,1,'610483193406712389','dasd',1,1),(156,1,'610483193406712389','www',1,1),(157,1,'610483193406712389','www',1,1),(158,1,'610483193406712389','dasd',1,1),(159,1,'610483193406712389','dasd',1,1),(160,1,'610483193406712389','www',1,1),(161,1,'610483193406712389','dasd',1,1),(162,1,'610483193406712389','www',1,1),(163,1,'610483193406712389','dasd',1,1),(164,1,'610483193406712389','www',1,1),(165,1,'610483193406712389','dasd',1,1),(166,1,'610483193406712389','www',1,1),(167,1,'610483193406712382','dasd',1,1),(168,1,'610483193406712389','www',1,1),(169,1,'610483193406712382','dasd',1,1),(170,1,'610483193406712389','www',1,1),(171,1,'610483193406712383','dasd',1,1),(172,1,'610483193406712387','www',1,1),(173,1,'610483193406712380','dasd',1,1),(174,1,'610483193406712389','www',1,1),(175,1,'610483193406712389','www',1,1),(177,1,'610483193406712389','www',1,1),(178,1,'610483193406712389','www',1,1),(179,1,'610483193406712389','www',1,1),(180,1,'610483193406712389','dasd',1,1),(181,1,'610483193406712389','www',1,1),(182,1,'610491188805042631','阿达达',1,1),(183,1,'610491188811342631','123',1,1),(184,1,'610429200112193324','wangxingxing',1,0),(185,1,'610491188805562120','宁静',1,0),(186,1,'610404200303350098','宁静',1,0),(187,1,'610404200103250086','宁静',1,0),(188,1,'610429200112193324','qqq',14,0),(189,1,'610483193406712389','www',1,1),(190,1,'610483193406712382','www',1,1);
/*!40000 ALTER TABLE `passenger` ENABLE KEYS */;
UNLOCK TABLES;

--
-- Table structure for table `region`
--

DROP TABLE IF EXISTS `region`;
/*!40101 SET @saved_cs_client     = @@character_set_client */;
/*!40101 SET character_set_client = utf8 */;
CREATE TABLE `region` (
  `regionn_id` int(11) NOT NULL AUTO_INCREMENT COMMENT '地区ID',
  `region_name` varchar(30) DEFAULT '-1' COMMENT '地区名称',
  `region_english_name` varchar(30) DEFAULT '-1' COMMENT '地区英文名称',
  `city_name` varchar(30) DEFAULT '-1' COMMENT '城市名称',
  `province_name` varchar(30) DEFAULT '-1' COMMENT '省名称',
  PRIMARY KEY (`regionn_id`)
) ENGINE=InnoDB AUTO_INCREMENT=65 DEFAULT CHARSET=utf8;
/*!40101 SET character_set_client = @saved_cs_client */;

--
-- Dumping data for table `region`
--

LOCK TABLES `region` WRITE;
/*!40000 ALTER TABLE `region` DISABLE KEYS */;
INSERT INTO `region` VALUES (1,'西安','xian','西安','陕西省'),(2,'长安','changan','西安','陕西省'),(3,'临潼','lintong','西安','陕西省'),(4,'高陵','gaoling','西安','陕西省'),(5,'鄠邑','huyi','西安','陕西省'),(6,'阎良','yanliang','西安','陕西省'),(7,'周至','zhouzhi','西安','陕西省'),(8,'蓝田','lantian','西安','陕西省'),(9,'咸阳','xianyang','咸阳','陕西省'),(10,'兴平','xingping','咸阳','陕西省'),(11,'武功','wugong','咸阳','陕西省'),(12,'杨凌','yangling','咸阳','陕西省'),(13,'三原','sanyuan','咸阳','陕西省'),(14,'泾阳','jingyang','咸阳','陕西省'),(15,'礼泉','liquan','咸阳','陕西省'),(16,'乾县','qianxian','咸阳','陕西省'),(17,'淳化','chunhua','咸阳','陕西省'),(18,'永寿','yongshou','咸阳','陕西省'),(19,'旬邑','xunyi','咸阳','陕西省'),(20,'彬县','binxian','咸阳','陕西省'),(21,'长武','changwu','咸阳','陕西省'),(22,'渭南','weinan','渭南','陕西省'),(23,'华州','huazhou','渭南','陕西省'),(24,'华阴','huayin','渭南','陕西省'),(25,'潼关','tongguan','渭南','陕西省'),(26,'大荔','dali','渭南','陕西省'),(27,'蒲城','pucheng','渭南','陕西省'),(28,'澄城','chengcheng','渭南','陕西省'),(29,'合阳','heyang','渭南','陕西省'),(30,'白水','baishui','渭南','陕西省'),(31,'韩城','hancheng','渭南','陕西省'),(32,'富平','fuping','渭南','陕西省'),(33,'宝鸡','baoji','宝鸡','陕西省'),(34,'扶风','fufeng','宝鸡','陕西省'),(35,'眉县','meixian','宝鸡','陕西省'),(36,'岐山','qishan','宝鸡','陕西省'),(37,'太白','taibai','宝鸡','陕西省'),(38,'麟游','linyou','宝鸡','陕西省'),(39,'凤翔','fengxiang','宝鸡','陕西省'),(40,'千阳','qianyang','宝鸡','陕西省'),(41,'凤县','fengxian','宝鸡','陕西省'),(42,'陇县','longxian','宝鸡','陕西省'),(43,'陈仓','chencang','宝鸡','陕西省'),(44,'蔡家坡','caijiapo','宝鸡','陕西省'),(45,'商洛','shangluo','商洛','陕西省'),(46,'柞水','zhashui','商洛','陕西省'),(47,'洛南','luonan','商洛','陕西省'),(48,'丹凤','danfeng','商洛','陕西省'),(49,'镇安','zhenan','商洛','陕西省'),(50,'山阳','shanyang','商洛','陕西省'),(51,'商南','shangnan','商洛','陕西省'),(52,'延安','yanan','延安','陕西省'),(53,'黄陵','huangling','延安','陕西省'),(54,'黄龙','huanglong','延安','陕西省'),(55,'洛川','luochuan','延安','陕西省'),(56,'富县','fuxian','延安','陕西省'),(57,'宜川','yichuan','延安','陕西省'),(58,'甘泉','ganquan','延安','陕西省'),(59,'延长','yanchang','延安','陕西省'),(60,'延川','yanchuan','延安','陕西省'),(61,'子长','zichang','延安','陕西省'),(62,'安塞','ansai','延安','陕西省'),(63,'志丹','zhidan','延安','陕西省'),(64,'吴起','wuqi','延安','陕西省');
/*!40000 ALTER TABLE `region` ENABLE KEYS */;
UNLOCK TABLES;

--
-- Table structure for table `shuttle_line`
--

DROP TABLE IF EXISTS `shuttle_line`;
/*!40101 SET @saved_cs_client     = @@character_set_client */;
/*!40101 SET character_set_client = utf8 */;
CREATE TABLE `shuttle_line` (
  `line_id` int(11) NOT NULL AUTO_INCREMENT COMMENT '线路ID',
  `start_region` varchar(10) NOT NULL COMMENT '始发地区',
  `final_region` varchar(10) NOT NULL COMMENT '终点地区',
  `start_region_id` int(11) NOT NULL COMMENT '始发地区ID',
  `final_region_id` int(11) NOT NULL COMMENT '终点地区ID',
  `via_regions_id` varchar(200) NOT NULL COMMENT '途经地区ID',
  `via_regions_name` varchar(200) NOT NULL COMMENT '途经地区名称',
  PRIMARY KEY (`line_id`)
) ENGINE=InnoDB AUTO_INCREMENT=23 DEFAULT CHARSET=utf8;
/*!40101 SET character_set_client = @saved_cs_client */;

--
-- Dumping data for table `shuttle_line`
--

LOCK TABLES `shuttle_line` WRITE;
/*!40000 ALTER TABLE `shuttle_line` DISABLE KEYS */;
INSERT INTO `shuttle_line` VALUES (1,'西安','兴平',1,10,'1,10','西安,兴平'),(2,'兴平','西安',10,1,'10,1','兴平,西安'),(3,'西安','武功',1,11,'(1)(9)(10)(11)','西安,武功'),(4,'武功','西安',11,1,'(11)(10)(9)(1)','武功,西安'),(5,'西安','礼泉',1,15,'',''),(6,'礼泉','西安',15,1,'',''),(7,'西安','旬邑',1,19,'',''),(8,'旬邑','西安',19,1,'',''),(9,'西安','杨凌',1,12,'(11)(10)(9)(1)','西安,兴平,武功,杨凌'),(10,'杨凌','西安',12,1,'(11)(10)(9)(1)','西安,兴平,武功'),(11,'西安','泾阳',1,14,'',''),(12,'泾阳','西安',14,1,'',''),(13,'西安','乾县',1,16,'(1)(16)','西安,乾县'),(14,'乾县','西安',16,1,'',''),(15,'西安','永寿',1,28,'',''),(16,'永寿','西安',28,1,'',''),(17,'西安','淳化',1,17,'',''),(18,'淳化','西安',17,1,'',''),(19,'西安','彬县',1,20,'',''),(20,'彬县','西安',20,1,'',''),(21,'西安','周至',1,7,'',''),(22,'周至','西安',7,1,'','');
/*!40000 ALTER TABLE `shuttle_line` ENABLE KEYS */;
UNLOCK TABLES;

--
-- Table structure for table `shuttle_shift`
--

DROP TABLE IF EXISTS `shuttle_shift`;
/*!40101 SET @saved_cs_client     = @@character_set_client */;
/*!40101 SET character_set_client = utf8 */;
CREATE TABLE `shuttle_shift` (
  `shift_id` int(11) NOT NULL AUTO_INCREMENT COMMENT '班次ID',
  `shuttle_shift_date` varchar(10) NOT NULL COMMENT '班次日期',
  `shuttle_shift_time` varchar(10) NOT NULL COMMENT '班次时间',
  `shuttle_line_id` int(11) DEFAULT '-1' COMMENT '线路ID',
  `start_station` varchar(10) NOT NULL COMMENT '始发客运站',
  `final_station` varchar(10) NOT NULL COMMENT '终点客运站',
  `child_ticket_quantity` int(2) NOT NULL COMMENT '儿童票',
  `unuse_child_ticket_quantity` int(2) NOT NULL COMMENT '儿童余票',
  `ticket_quantity` int(3) NOT NULL COMMENT '成人票',
  `unuse_ticket_quantity` int(3) NOT NULL COMMENT '成人余票',
  `ticket_price` decimal(6,2) NOT NULL COMMENT '票价',
  `shuttle_shift_type` int(1) NOT NULL COMMENT '班次类型，0流水班，1固定班',
  `line_type` int(1) NOT NULL COMMENT '线路类型，0高速，1低速',
  `duration` varchar(10) NOT NULL COMMENT '全程预计时长',
  `car_id` int(2) NOT NULL COMMENT '车辆ID',
  `full_lenght` varchar(10) NOT NULL COMMENT '全程里程',
  `insurance_price` decimal(5,2) NOT NULL COMMENT '保险单价',
  `refund_fee` decimal(5,2) NOT NULL COMMENT '退款手续费',
  `station_fee` decimal(5,2) NOT NULL COMMENT '站务手续费',
  `star` int(1) NOT NULL COMMENT '是否为热门',
  `station_number` varchar(11) NOT NULL DEFAULT '-1',
  `is_delete` int(1) NOT NULL DEFAULT '0' COMMENT '软删除',
  PRIMARY KEY (`shift_id`)
) ENGINE=InnoDB AUTO_INCREMENT=1462 DEFAULT CHARSET=utf8;
/*!40101 SET character_set_client = @saved_cs_client */;

--
-- Dumping data for table `shuttle_shift`
--

LOCK TABLES `shuttle_shift` WRITE;
/*!40000 ALTER TABLE `shuttle_shift` DISABLE KEYS */;
INSERT INTO `shuttle_shift` VALUES (1,'2022-03-06','19:50前',2,'兴平市客运站','城西客运站',3,3,9999,9999,15.00,1,1,'45分钟',1,'60公里',1.50,1.50,2.00,0,'610100CXO',0),(2,'2022-03-06','19:50前',1,'城西客运站','兴平市客运站',3,3,9999,1,15.00,1,1,'45分钟',1,'60公里',1.50,1.50,2.00,0,'610100XPO',0),(3,'2022-03-06','18:40前',3,'城西客运站','武功镇',3,3,9999,9999,28.50,1,1,'79分钟',1,'107公里',1.50,2.00,2.00,0,'610100CXO',0),(4,'2022-03-06','19:30前',3,'城西客运站','武功县客运站',3,3,9999,9999,22.90,1,1,'70分钟',1,'99公里',1.50,2.00,2.00,0,'610100CXO',0),(5,'2022-03-06','18:40前',4,'武功镇','城西客运站',3,3,9999,9999,28.50,1,1,'79分钟',1,'107公里',1.50,2.00,2.00,0,'610100WGO',0),(6,'2022-03-06','19:30前',4,'武功县客运站','城西客运站',3,3,9999,9999,22.90,1,1,'70分钟',1,'99公里',1.50,2.00,2.00,0,'610100WGO',0),(7,'2022-03-06','19:00前',5,'城西客运站','礼泉汽车站',3,3,9999,9863,22.20,1,1,'65分钟',1,'95公里',1.50,1.50,2.00,0,'610100CXO',0),(8,'2022-03-06','19:00前',6,'礼泉汽车站','城西客运站',3,3,9999,9912,22.20,1,1,'65分钟',1,'95公里',1.50,1.50,2.00,0,'610100LQO',0),(9,'2022-03-06','16:30前',7,'城西客运站','旬邑汽车站',3,3,9999,9823,50.80,1,1,'120分钟',1,'140公里',1.50,2.00,2.00,0,'610100CXO',0),(10,'2022-03-06','16:30前',8,'旬邑汽车站','城西客运站',3,3,9999,9827,50.80,1,1,'120分钟',1,'140公里',1.50,2.00,2.00,0,'610100XYO',0),(11,'2022-03-06','11:50',9,'城西客运站','杨凌交通枢纽',3,3,40,32,26.00,2,1,'100分钟',1,'130公里',1.50,1.50,2.00,0,'610100CXO',0),(12,'2022-03-06','11:50',10,'杨凌交通枢纽','城西客运站',3,3,40,16,26.00,2,1,'100分钟',1,'130公里',1.50,1.50,2.00,0,'610100YLO',0),(13,'2022-03-06','12:15',9,'城西客运站','杨凌交通枢纽',3,3,40,15,26.00,2,1,'100分钟',1,'130公里',1.50,1.50,2.00,0,'610100CXO',0),(14,'2022-03-06','13:15',9,'城西客运站','杨凌交通枢纽',3,3,40,37,26.00,2,1,'100分钟',1,'130公里',1.50,1.50,2.00,0,'610100CXO',0),(15,'2022-03-06','14:15',9,'城西客运站','杨凌交通枢纽',3,3,40,39,26.00,2,1,'100分钟',1,'130公里',1.50,1.50,2.00,0,'610100CXO',0),(16,'2022-03-06','15:15',9,'城西客运站','杨凌交通枢纽',3,3,40,40,26.00,2,1,'100分钟',1,'130公里',1.50,1.50,2.00,0,'610100CXO',0),(17,'2022-03-06','16:15',9,'城西客运站','杨凌交通枢纽',3,3,40,40,26.00,2,1,'100分钟',1,'130公里',1.50,1.50,2.00,0,'610100CXO',0),(18,'2022-03-06','17:15',9,'城西客运站','杨凌交通枢纽',3,3,40,40,26.00,2,1,'100分钟',1,'130公里',1.50,1.50,2.00,0,'610100CXO',0),(19,'2022-03-06','18:15',9,'城西客运站','杨凌交通枢纽',3,3,40,40,26.00,2,1,'100分钟',1,'130公里',1.50,1.50,2.00,0,'610100CXO',0),(20,'2022-03-06','17:00前',13,'城西客运站','乾县客运站',3,3,9999,9876,26.10,1,1,'40分钟',1,'60公里',1.50,1.50,2.00,0,'610100CXO',0),(21,'2022-03-06','12:30',13,'城西客运站','乾县客运站',3,2,40,36,22.50,2,2,'60分钟',1,'60公里',1.50,1.50,2.00,0,'610100CXO',0),(22,'2022-03-06','12:50',13,'城西客运站','乾县客运站',3,3,40,39,22.50,2,2,'60分钟',1,'60公里',1.50,1.50,2.00,0,'610100CXO',0),(23,'2022-03-06','13:00',13,'城西客运站','乾县客运站',3,3,40,39,22.50,2,2,'60分钟',1,'60公里',1.50,1.50,2.00,0,'610100CXO',0),(24,'2022-03-06','13:10',13,'城西客运站','乾县客运站',3,3,40,39,22.50,2,2,'60分钟',1,'60公里',1.50,1.50,2.00,0,'610100CXO',0),(25,'2022-03-06','13:20',13,'城西客运站','乾县客运站',3,3,40,39,22.50,2,2,'60分钟',1,'60公里',1.50,1.50,2.00,0,'610100CXO',0),(26,'2022-03-06','13:30',13,'城西客运站','乾县客运站',3,3,40,39,22.50,2,2,'60分钟',1,'60公里',1.50,1.50,2.00,0,'610100CXO',0),(27,'2022-03-06','13:40',13,'城西客运站','乾县客运站',3,3,40,39,22.50,2,2,'60分钟',1,'60公里',1.50,1.50,2.00,0,'610100CXO',0),(28,'2022-03-06','13:50',13,'城西客运站','乾县客运站',3,3,40,39,22.50,2,2,'60分钟',1,'60公里',1.50,1.50,2.00,0,'610100CXO',0),(29,'2022-03-06','14:00',13,'城西客运站','乾县客运站',3,3,40,39,22.50,2,2,'60分钟',1,'60公里',1.50,1.50,2.00,0,'610100CXO',0),(30,'2022-03-06','14:10',13,'城西客运站','乾县客运站',3,3,40,39,22.50,2,2,'60分钟',1,'60公里',1.50,1.50,2.00,0,'610100CXO',0),(31,'2022-03-06','14:20',13,'城西客运站','乾县客运站',3,3,40,39,22.50,2,2,'60分钟',1,'60公里',1.50,1.50,2.00,0,'610100CXO',0),(32,'2022-03-06','14:30',13,'城西客运站','乾县客运站',3,3,40,39,22.50,2,2,'60分钟',1,'60公里',1.50,1.50,2.00,0,'610100CXO',0),(33,'2022-03-06','14:40',13,'城西客运站','乾县客运站',3,3,40,39,22.50,2,2,'60分钟',1,'60公里',1.50,1.50,2.00,0,'610100CXO',0),(34,'2022-03-06','14:50',13,'城西客运站','乾县客运站',3,3,40,39,22.50,2,2,'60分钟',1,'60公里',1.50,1.50,2.00,0,'610100CXO',0),(35,'2022-03-06','15:00',13,'城西客运站','乾县客运站',3,3,40,39,22.50,2,2,'60分钟',1,'60公里',1.50,1.50,2.00,0,'610100CXO',0),(36,'2022-03-06','15:10',13,'城西客运站','乾县客运站',3,3,40,39,22.50,2,2,'60分钟',1,'60公里',1.50,1.50,2.00,0,'610100CXO',0),(37,'2022-03-06','15:20',13,'城西客运站','乾县客运站',3,3,40,39,22.50,2,2,'60分钟',1,'60公里',1.50,1.50,2.00,0,'610100CXO',0),(38,'2022-03-06','15:30',13,'城西客运站','乾县客运站',3,3,40,39,22.50,2,2,'60分钟',1,'60公里',1.50,1.50,2.00,0,'610100CXO',0),(39,'2022-03-06','15:40',13,'城西客运站','乾县客运站',3,3,40,39,22.50,2,2,'60分钟',1,'60公里',1.50,1.50,2.00,0,'610100CXO',0),(40,'2022-03-06','15:50',13,'城西客运站','乾县客运站',3,3,40,39,22.50,2,2,'60分钟',1,'60公里',1.50,1.50,2.00,0,'610100CXO',0),(41,'2022-03-06','16:00',13,'城西客运站','乾县客运站',3,3,40,39,22.50,2,2,'60分钟',1,'60公里',1.50,1.50,2.00,0,'610100CXO',0),(42,'2022-03-06','16:10',13,'城西客运站','乾县客运站',3,3,40,39,22.50,2,2,'60分钟',1,'60公里',1.50,1.50,2.00,0,'610100CXO',0),(43,'2022-03-06','16:20',13,'城西客运站','乾县客运站',3,3,40,39,22.50,2,2,'60分钟',1,'60公里',1.50,1.50,2.00,0,'610100CXO',0),(44,'2022-03-06','16:30',13,'城西客运站','乾县客运站',3,3,40,39,22.50,2,2,'60分钟',1,'60公里',1.50,1.50,2.00,0,'610100CXO',0),(45,'2022-03-06','16:40',13,'城西客运站','乾县客运站',3,3,40,39,22.50,2,2,'60分钟',1,'60公里',1.50,1.50,2.00,0,'610100CXO',0),(46,'2022-03-06','16:50',13,'城西客运站','乾县客运站',3,3,40,39,22.50,2,2,'60分钟',1,'60公里',1.50,1.50,2.00,0,'610100CXO',0),(47,'2022-03-06','17:00',13,'城西客运站','乾县客运站',3,3,40,39,22.50,2,2,'60分钟',1,'60公里',1.50,1.50,2.00,0,'610100CXO',0),(48,'2022-03-06','17:10',13,'城西客运站','乾县客运站',3,3,40,39,22.50,2,2,'60分钟',1,'60公里',1.50,1.50,2.00,0,'610100CXO',0),(49,'2022-03-06','17:20',13,'城西客运站','乾县客运站',3,3,40,39,22.50,2,2,'60分钟',1,'60公里',1.50,1.50,2.00,0,'610100CXO',0),(50,'2022-03-06','17:30',13,'城西客运站','乾县客运站',3,3,40,39,22.50,2,2,'60分钟',1,'60公里',1.50,1.50,2.00,0,'610100CXO',0),(51,'2022-03-06','17:40',13,'城西客运站','乾县客运站',3,3,40,39,22.50,2,2,'60分钟',1,'60公里',1.50,1.50,2.00,0,'610100CXO',0),(52,'2022-03-06','17:50',13,'城西客运站','乾县客运站',3,3,40,39,22.50,2,2,'60分钟',1,'60公里',1.50,1.50,2.00,0,'610100CXO',1),(53,'2022-03-06','16:00前',15,'城西客运站','永寿汽车站',3,3,9999,9723,31.00,1,1,'45分钟',1,'70公里',1.50,1.50,2.00,0,'610100CXO',0),(54,'2022-03-06','12:25',15,'城西客运站','永寿汽车站',3,3,40,34,26.50,2,2,'65分钟',1,'80公里',1.50,1.50,2.00,0,'610100CXO',0),(55,'2022-03-06','16:00前',17,'城西客运站','淳化汽车站',3,3,9999,9999,28.00,1,1,'60分钟',1,'75公里',1.50,1.50,2.00,0,'610100CXO',0),(56,'2022-03-06','16:00前',19,'城西客运站','彬县汽车站',3,3,9999,9999,46.80,1,1,'120分钟',1,'180公里',1.50,2.00,2.00,0,'610100CXO',0),(169,'2022-04-08','19:50前',2,'兴平市客运站','城西客运站',3,3,9999,9999,15.00,1,1,'45分钟',1,'60公里',1.50,1.50,2.00,0,'610100CXO',0),(170,'2022-04-08','19:50前',1,'城西客运站','兴平市客运站',3,3,9999,9999,15.00,1,1,'45分钟',1,'60公里',1.50,1.50,2.00,0,'610100XPO',0),(171,'2022-04-08','18:40前',3,'城西客运站','武功镇',3,3,9999,9999,28.50,1,1,'79分钟',1,'107公里',1.50,2.00,2.00,0,'610100CXO',0),(172,'2022-04-08','19:30前',3,'城西客运站','武功县客运站',3,3,9999,9999,22.90,1,1,'70分钟',1,'99公里',1.50,2.00,2.00,0,'610100CXO',0),(173,'2022-04-08','18:40前',4,'武功镇','城西客运站',3,3,9999,9999,28.50,1,1,'79分钟',1,'107公里',1.50,2.00,2.00,0,'610100WGO',0),(174,'2022-04-08','19:30前',4,'武功县客运站','城西客运站',3,3,9999,9999,22.90,1,1,'70分钟',1,'99公里',1.50,2.00,2.00,0,'610100WGO',0),(175,'2022-04-08','19:00前',5,'城西客运站','礼泉汽车站',3,3,9999,9999,22.20,1,1,'65分钟',1,'95公里',1.50,1.50,2.00,0,'610100CXO',0),(176,'2022-04-08','19:00前',6,'礼泉汽车站','城西客运站',3,3,9999,9999,22.20,1,1,'65分钟',1,'95公里',1.50,1.50,2.00,0,'610100LQO',0),(177,'2022-04-08','16:30前',7,'城西客运站','旬邑汽车站',3,3,9999,9999,50.80,1,1,'120分钟',1,'140公里',1.50,2.00,2.00,0,'610100CXO',0),(178,'2022-04-08','16:30前',8,'旬邑汽车站','城西客运站',3,3,9999,9999,50.80,1,1,'120分钟',1,'140公里',1.50,2.00,2.00,0,'610100XYO',0),(179,'2022-04-08','11:50',9,'城西客运站','杨凌交通枢纽',3,3,40,40,26.00,2,1,'100分钟',1,'130公里',1.50,1.50,2.00,0,'610100CXO',0),(180,'2022-04-08','11:50',10,'杨凌交通枢纽','城西客运站',3,3,40,40,26.00,2,1,'100分钟',1,'130公里',1.50,1.50,2.00,0,'610100YLO',0),(181,'2022-04-08','12:15',9,'城西客运站','杨凌交通枢纽',3,3,40,40,26.00,2,1,'100分钟',1,'130公里',1.50,1.50,2.00,0,'610100CXO',0),(182,'2022-04-08','13:15',9,'城西客运站','杨凌交通枢纽',3,3,40,40,26.00,2,1,'100分钟',1,'130公里',1.50,1.50,2.00,0,'610100CXO',0),(183,'2022-04-08','14:15',9,'城西客运站','杨凌交通枢纽',3,3,40,40,26.00,2,1,'100分钟',1,'130公里',1.50,1.50,2.00,0,'610100CXO',0),(184,'2022-04-08','15:15',9,'城西客运站','杨凌交通枢纽',3,3,40,40,26.00,2,1,'100分钟',1,'130公里',1.50,1.50,2.00,0,'610100CXO',0),(185,'2022-04-08','16:15',9,'城西客运站','杨凌交通枢纽',3,3,40,40,26.00,2,1,'100分钟',1,'130公里',1.50,1.50,2.00,0,'610100CXO',0),(186,'2022-04-08','17:15',9,'城西客运站','杨凌交通枢纽',3,3,40,40,26.00,2,1,'100分钟',1,'130公里',1.50,1.50,2.00,0,'610100CXO',0),(187,'2022-04-08','18:15',9,'城西客运站','杨凌交通枢纽',3,3,40,40,26.00,2,1,'100分钟',1,'130公里',1.50,1.50,2.00,0,'610100CXO',0),(188,'2022-04-08','17:00前',13,'城西客运站','乾县客运站',3,3,9999,9999,26.10,1,1,'40分钟',1,'60公里',1.50,1.50,2.00,0,'610100CXO',0),(189,'2022-04-08','12:30',13,'城西客运站','乾县客运站',3,3,40,40,22.50,2,2,'60分钟',1,'60公里',1.50,1.50,2.00,0,'610100CXO',0),(190,'2022-04-08','12:50',13,'城西客运站','乾县客运站',3,3,40,40,22.50,2,2,'60分钟',1,'60公里',1.50,1.50,2.00,0,'610100CXO',0),(191,'2022-04-08','13:00',13,'城西客运站','乾县客运站',3,3,40,40,22.50,2,2,'60分钟',1,'60公里',1.50,1.50,2.00,0,'610100CXO',0),(192,'2022-04-08','13:10',13,'城西客运站','乾县客运站',3,3,40,40,22.50,2,2,'60分钟',1,'60公里',1.50,1.50,2.00,0,'610100CXO',0),(193,'2022-04-08','13:20',13,'城西客运站','乾县客运站',3,3,40,40,22.50,2,2,'60分钟',1,'60公里',1.50,1.50,2.00,0,'610100CXO',0),(194,'2022-04-08','13:30',13,'城西客运站','乾县客运站',3,3,40,40,22.50,2,2,'60分钟',1,'60公里',1.50,1.50,2.00,0,'610100CXO',0),(195,'2022-04-08','13:40',13,'城西客运站','乾县客运站',3,3,40,40,22.50,2,2,'60分钟',1,'60公里',1.50,1.50,2.00,0,'610100CXO',0),(196,'2022-04-08','13:50',13,'城西客运站','乾县客运站',3,3,40,40,22.50,2,2,'60分钟',1,'60公里',1.50,1.50,2.00,0,'610100CXO',0),(197,'2022-04-08','14:00',13,'城西客运站','乾县客运站',3,3,40,40,22.50,2,2,'60分钟',1,'60公里',1.50,1.50,2.00,0,'610100CXO',0),(198,'2022-04-08','14:10',13,'城西客运站','乾县客运站',3,3,40,40,22.50,2,2,'60分钟',1,'60公里',1.50,1.50,2.00,0,'610100CXO',0),(199,'2022-04-08','14:20',13,'城西客运站','乾县客运站',3,3,40,40,22.50,2,2,'60分钟',1,'60公里',1.50,1.50,2.00,0,'610100CXO',0),(200,'2022-04-08','14:30',13,'城西客运站','乾县客运站',3,3,40,40,22.50,2,2,'60分钟',1,'60公里',1.50,1.50,2.00,0,'610100CXO',0),(201,'2022-04-08','14:40',13,'城西客运站','乾县客运站',3,3,40,40,22.50,2,2,'60分钟',1,'60公里',1.50,1.50,2.00,0,'610100CXO',0),(202,'2022-04-08','14:50',13,'城西客运站','乾县客运站',3,3,40,40,22.50,2,2,'60分钟',1,'60公里',1.50,1.50,2.00,0,'610100CXO',0),(203,'2022-04-08','15:00',13,'城西客运站','乾县客运站',3,3,40,40,22.50,2,2,'60分钟',1,'60公里',1.50,1.50,2.00,0,'610100CXO',0),(204,'2022-04-08','15:10',13,'城西客运站','乾县客运站',3,3,40,40,22.50,2,2,'60分钟',1,'60公里',1.50,1.50,2.00,0,'610100CXO',0),(205,'2022-04-08','15:20',13,'城西客运站','乾县客运站',3,3,40,40,22.50,2,2,'60分钟',1,'60公里',1.50,1.50,2.00,0,'610100CXO',0),(206,'2022-04-08','15:30',13,'城西客运站','乾县客运站',3,3,40,40,22.50,2,2,'60分钟',1,'60公里',1.50,1.50,2.00,0,'610100CXO',0),(207,'2022-04-08','15:40',13,'城西客运站','乾县客运站',3,3,40,40,22.50,2,2,'60分钟',1,'60公里',1.50,1.50,2.00,0,'610100CXO',0),(208,'2022-04-08','15:50',13,'城西客运站','乾县客运站',3,3,40,40,22.50,2,2,'60分钟',1,'60公里',1.50,1.50,2.00,0,'610100CXO',0),(209,'2022-04-08','16:00',13,'城西客运站','乾县客运站',3,3,40,40,22.50,2,2,'60分钟',1,'60公里',1.50,1.50,2.00,0,'610100CXO',0),(210,'2022-04-08','16:10',13,'城西客运站','乾县客运站',3,3,40,40,22.50,2,2,'60分钟',1,'60公里',1.50,1.50,2.00,0,'610100CXO',0),(211,'2022-04-08','16:20',13,'城西客运站','乾县客运站',3,3,40,40,22.50,2,2,'60分钟',1,'60公里',1.50,1.50,2.00,0,'610100CXO',0),(212,'2022-04-08','16:30',13,'城西客运站','乾县客运站',3,3,40,40,22.50,2,2,'60分钟',1,'60公里',1.50,1.50,2.00,0,'610100CXO',0),(213,'2022-04-08','16:40',13,'城西客运站','乾县客运站',3,3,40,40,22.50,2,2,'60分钟',1,'60公里',1.50,1.50,2.00,0,'610100CXO',0),(214,'2022-04-08','16:50',13,'城西客运站','乾县客运站',3,3,40,40,22.50,2,2,'60分钟',1,'60公里',1.50,1.50,2.00,0,'610100CXO',0),(215,'2022-04-08','17:00',13,'城西客运站','乾县客运站',3,3,40,40,22.50,2,2,'60分钟',1,'60公里',1.50,1.50,2.00,0,'610100CXO',0),(216,'2022-04-08','17:10',13,'城西客运站','乾县客运站',3,3,40,40,22.50,2,2,'60分钟',1,'60公里',1.50,1.50,2.00,0,'610100CXO',0),(217,'2022-04-08','17:20',13,'城西客运站','乾县客运站',3,3,40,40,22.50,2,2,'60分钟',1,'60公里',1.50,1.50,2.00,0,'610100CXO',0),(218,'2022-04-08','17:30',13,'城西客运站','乾县客运站',3,3,40,40,22.50,2,2,'60分钟',1,'60公里',1.50,1.50,2.00,0,'610100CXO',0),(219,'2022-04-08','17:40',13,'城西客运站','乾县客运站',3,3,40,40,22.50,2,2,'60分钟',1,'60公里',1.50,1.50,2.00,0,'610100CXO',0),(220,'2022-04-08','17:50',13,'城西客运站','乾县客运站',3,3,40,40,22.50,2,2,'60分钟',1,'60公里',1.50,1.50,2.00,0,'610100CXO',0),(221,'2022-04-08','16:00前',15,'城西客运站','永寿汽车站',3,3,9999,9999,31.00,1,1,'45分钟',1,'70公里',1.50,1.50,2.00,0,'610100CXO',0),(222,'2022-04-08','12:25',15,'城西客运站','永寿汽车站',3,3,40,40,26.50,2,2,'65分钟',1,'80公里',1.50,1.50,2.00,0,'610100CXO',0),(223,'2022-04-08','16:00前',17,'城西客运站','淳化汽车站',3,3,9999,9999,28.00,1,1,'60分钟',1,'75公里',1.50,1.50,2.00,0,'610100CXO',0),(224,'2022-04-08','16:00前',19,'城西客运站','彬县汽车站',3,3,9999,9999,46.80,1,1,'120分钟',1,'180公里',1.50,2.00,2.00,0,'610100CXO',0),(225,'2022-04-09','19:50前',2,'兴平市客运站','城西客运站',3,3,9999,9999,15.00,1,1,'45分钟',1,'60公里',1.50,1.50,2.00,0,'610100CXO',0),(226,'2022-04-09','19:50前',1,'城西客运站','兴平市客运站',3,3,9999,9999,15.00,1,1,'45分钟',1,'60公里',1.50,1.50,2.00,0,'610100XPO',0),(227,'2022-04-09','18:40前',3,'城西客运站','武功镇',3,3,9999,9999,28.50,1,1,'79分钟',1,'107公里',1.50,2.00,2.00,0,'610100CXO',0),(228,'2022-04-09','19:30前',3,'城西客运站','武功县客运站',3,3,9999,9999,22.90,1,1,'70分钟',1,'99公里',1.50,2.00,2.00,0,'610100CXO',0),(229,'2022-04-09','18:40前',4,'武功镇','城西客运站',3,3,9999,9999,28.50,1,1,'79分钟',1,'107公里',1.50,2.00,2.00,0,'610100WGO',0),(230,'2022-04-09','19:30前',4,'武功县客运站','城西客运站',3,3,9999,9999,22.90,1,1,'70分钟',1,'99公里',1.50,2.00,2.00,0,'610100WGO',0),(231,'2022-04-09','19:00前',5,'城西客运站','礼泉汽车站',3,3,9999,9999,22.20,1,1,'65分钟',1,'95公里',1.50,1.50,2.00,0,'610100CXO',0),(232,'2022-04-09','19:00前',6,'礼泉汽车站','城西客运站',3,3,9999,9999,22.20,1,1,'65分钟',1,'95公里',1.50,1.50,2.00,0,'610100LQO',0),(233,'2022-04-09','16:30前',7,'城西客运站','旬邑汽车站',3,3,9999,9999,50.80,1,1,'120分钟',1,'140公里',1.50,2.00,2.00,0,'610100CXO',0),(234,'2022-04-09','16:30前',8,'旬邑汽车站','城西客运站',3,3,9999,9999,50.80,1,1,'120分钟',1,'140公里',1.50,2.00,2.00,0,'610100XYO',0),(235,'2022-04-09','11:50',9,'城西客运站','杨凌交通枢纽',3,3,40,40,26.00,2,1,'100分钟',1,'130公里',1.50,1.50,2.00,0,'610100CXO',0),(236,'2022-04-09','11:50',10,'杨凌交通枢纽','城西客运站',3,3,40,40,26.00,2,1,'100分钟',1,'130公里',1.50,1.50,2.00,0,'610100YLO',0),(237,'2022-04-09','12:15',9,'城西客运站','杨凌交通枢纽',3,3,40,40,26.00,2,1,'100分钟',1,'130公里',1.50,1.50,2.00,0,'610100CXO',0),(238,'2022-04-09','13:15',9,'城西客运站','杨凌交通枢纽',3,3,40,40,26.00,2,1,'100分钟',1,'130公里',1.50,1.50,2.00,0,'610100CXO',0),(239,'2022-04-09','14:15',9,'城西客运站','杨凌交通枢纽',3,3,40,40,26.00,2,1,'100分钟',1,'130公里',1.50,1.50,2.00,0,'610100CXO',0),(240,'2022-04-09','15:15',9,'城西客运站','杨凌交通枢纽',3,3,40,40,26.00,2,1,'100分钟',1,'130公里',1.50,1.50,2.00,0,'610100CXO',0),(241,'2022-04-09','16:15',9,'城西客运站','杨凌交通枢纽',3,3,40,40,26.00,2,1,'100分钟',1,'130公里',1.50,1.50,2.00,0,'610100CXO',0),(242,'2022-04-09','17:15',9,'城西客运站','杨凌交通枢纽',3,3,40,40,26.00,2,1,'100分钟',1,'130公里',1.50,1.50,2.00,0,'610100CXO',0),(243,'2022-04-09','18:15',9,'城西客运站','杨凌交通枢纽',3,3,40,40,26.00,2,1,'100分钟',1,'130公里',1.50,1.50,2.00,0,'610100CXO',0),(244,'2022-04-09','17:00前',13,'城西客运站','乾县客运站',3,3,9999,9999,26.10,1,1,'40分钟',1,'60公里',1.50,1.50,2.00,0,'610100CXO',0),(245,'2022-04-09','12:30',13,'城西客运站','乾县客运站',3,3,40,40,22.50,2,2,'60分钟',1,'60公里',1.50,1.50,2.00,0,'610100CXO',0),(246,'2022-04-09','12:50',13,'城西客运站','乾县客运站',3,3,40,40,22.50,2,2,'60分钟',1,'60公里',1.50,1.50,2.00,0,'610100CXO',0),(247,'2022-04-09','13:00',13,'城西客运站','乾县客运站',3,3,40,40,22.50,2,2,'60分钟',1,'60公里',1.50,1.50,2.00,0,'610100CXO',0),(248,'2022-04-09','13:10',13,'城西客运站','乾县客运站',3,3,40,40,22.50,2,2,'60分钟',1,'60公里',1.50,1.50,2.00,0,'610100CXO',0),(249,'2022-04-09','13:20',13,'城西客运站','乾县客运站',3,3,40,40,22.50,2,2,'60分钟',1,'60公里',1.50,1.50,2.00,0,'610100CXO',0),(250,'2022-04-09','13:30',13,'城西客运站','乾县客运站',3,3,40,40,22.50,2,2,'60分钟',1,'60公里',1.50,1.50,2.00,0,'610100CXO',0),(251,'2022-04-09','13:40',13,'城西客运站','乾县客运站',3,3,40,40,22.50,2,2,'60分钟',1,'60公里',1.50,1.50,2.00,0,'610100CXO',0),(252,'2022-04-09','13:50',13,'城西客运站','乾县客运站',3,3,40,40,22.50,2,2,'60分钟',1,'60公里',1.50,1.50,2.00,0,'610100CXO',0),(253,'2022-04-09','14:00',13,'城西客运站','乾县客运站',3,3,40,40,22.50,2,2,'60分钟',1,'60公里',1.50,1.50,2.00,0,'610100CXO',0),(254,'2022-04-09','14:10',13,'城西客运站','乾县客运站',3,3,40,40,22.50,2,2,'60分钟',1,'60公里',1.50,1.50,2.00,0,'610100CXO',0),(255,'2022-04-09','14:20',13,'城西客运站','乾县客运站',3,3,40,40,22.50,2,2,'60分钟',1,'60公里',1.50,1.50,2.00,0,'610100CXO',0),(256,'2022-04-09','14:30',13,'城西客运站','乾县客运站',3,3,40,40,22.50,2,2,'60分钟',1,'60公里',1.50,1.50,2.00,0,'610100CXO',0),(257,'2022-04-09','14:40',13,'城西客运站','乾县客运站',3,3,40,40,22.50,2,2,'60分钟',1,'60公里',1.50,1.50,2.00,0,'610100CXO',0),(258,'2022-04-09','14:50',13,'城西客运站','乾县客运站',3,3,40,40,22.50,2,2,'60分钟',1,'60公里',1.50,1.50,2.00,0,'610100CXO',0),(259,'2022-04-09','15:00',13,'城西客运站','乾县客运站',3,3,40,40,22.50,2,2,'60分钟',1,'60公里',1.50,1.50,2.00,0,'610100CXO',0),(260,'2022-04-09','15:10',13,'城西客运站','乾县客运站',3,3,40,40,22.50,2,2,'60分钟',1,'60公里',1.50,1.50,2.00,0,'610100CXO',0),(261,'2022-04-09','15:20',13,'城西客运站','乾县客运站',3,3,40,40,22.50,2,2,'60分钟',1,'60公里',1.50,1.50,2.00,0,'610100CXO',0),(262,'2022-04-09','15:30',13,'城西客运站','乾县客运站',3,3,40,40,22.50,2,2,'60分钟',1,'60公里',1.50,1.50,2.00,0,'610100CXO',0),(263,'2022-04-09','15:40',13,'城西客运站','乾县客运站',3,3,40,40,22.50,2,2,'60分钟',1,'60公里',1.50,1.50,2.00,0,'610100CXO',0),(264,'2022-04-09','15:50',13,'城西客运站','乾县客运站',3,3,40,40,22.50,2,2,'60分钟',1,'60公里',1.50,1.50,2.00,0,'610100CXO',0),(265,'2022-04-09','16:00',13,'城西客运站','乾县客运站',3,3,40,40,22.50,2,2,'60分钟',1,'60公里',1.50,1.50,2.00,0,'610100CXO',0),(266,'2022-04-09','16:10',13,'城西客运站','乾县客运站',3,3,40,40,22.50,2,2,'60分钟',1,'60公里',1.50,1.50,2.00,0,'610100CXO',0),(267,'2022-04-09','16:20',13,'城西客运站','乾县客运站',3,3,40,40,22.50,2,2,'60分钟',1,'60公里',1.50,1.50,2.00,0,'610100CXO',0),(268,'2022-04-09','16:30',13,'城西客运站','乾县客运站',3,3,40,40,22.50,2,2,'60分钟',1,'60公里',1.50,1.50,2.00,0,'610100CXO',0),(269,'2022-04-09','16:40',13,'城西客运站','乾县客运站',3,3,40,40,22.50,2,2,'60分钟',1,'60公里',1.50,1.50,2.00,0,'610100CXO',0),(270,'2022-04-09','16:50',13,'城西客运站','乾县客运站',3,3,40,40,22.50,2,2,'60分钟',1,'60公里',1.50,1.50,2.00,0,'610100CXO',0),(271,'2022-04-09','17:00',13,'城西客运站','乾县客运站',3,3,40,40,22.50,2,2,'60分钟',1,'60公里',1.50,1.50,2.00,0,'610100CXO',0),(272,'2022-04-09','17:10',13,'城西客运站','乾县客运站',3,3,40,40,22.50,2,2,'60分钟',1,'60公里',1.50,1.50,2.00,0,'610100CXO',0),(273,'2022-04-09','17:20',13,'城西客运站','乾县客运站',3,3,40,40,22.50,2,2,'60分钟',1,'60公里',1.50,1.50,2.00,0,'610100CXO',0),(274,'2022-04-09','17:30',13,'城西客运站','乾县客运站',3,3,40,40,22.50,2,2,'60分钟',1,'60公里',1.50,1.50,2.00,0,'610100CXO',0),(275,'2022-04-09','17:40',13,'城西客运站','乾县客运站',3,3,40,40,22.50,2,2,'60分钟',1,'60公里',1.50,1.50,2.00,0,'610100CXO',0),(276,'2022-04-09','17:50',13,'城西客运站','乾县客运站',3,3,40,40,22.50,2,2,'60分钟',1,'60公里',1.50,1.50,2.00,0,'610100CXO',0),(277,'2022-04-09','16:00前',15,'城西客运站','永寿汽车站',3,3,9999,9999,31.00,1,1,'45分钟',1,'70公里',1.50,1.50,2.00,0,'610100CXO',0),(278,'2022-04-09','12:25',15,'城西客运站','永寿汽车站',3,3,40,40,26.50,2,2,'65分钟',1,'80公里',1.50,1.50,2.00,0,'610100CXO',0),(279,'2022-04-09','16:00前',17,'城西客运站','淳化汽车站',3,3,9999,9999,28.00,1,1,'60分钟',1,'75公里',1.50,1.50,2.00,0,'610100CXO',0),(280,'2022-04-09','16:00前',19,'城西客运站','彬县汽车站',3,3,9999,9999,46.80,1,1,'120分钟',1,'180公里',1.50,2.00,2.00,0,'610100CXO',0),(281,'2022-04-10','19:50前',2,'兴平市客运站','城西客运站',3,3,9999,9999,15.00,1,1,'45分钟',1,'60公里',1.50,1.50,2.00,0,'610100CXO',0),(282,'2022-04-10','19:50前',1,'城西客运站','兴平市客运站',3,3,9999,9999,15.00,1,1,'45分钟',1,'60公里',1.50,1.50,2.00,0,'610100XPO',0),(283,'2022-04-10','18:40前',3,'城西客运站','武功镇',3,3,9999,9999,28.50,1,1,'79分钟',1,'107公里',1.50,2.00,2.00,0,'610100CXO',0),(284,'2022-04-10','19:30前',3,'城西客运站','武功县客运站',3,3,9999,9999,22.90,1,1,'70分钟',1,'99公里',1.50,2.00,2.00,0,'610100CXO',0),(285,'2022-04-10','18:40前',4,'武功镇','城西客运站',3,3,9999,9999,28.50,1,1,'79分钟',1,'107公里',1.50,2.00,2.00,0,'610100WGO',0),(286,'2022-04-10','19:30前',4,'武功县客运站','城西客运站',3,3,9999,9999,22.90,1,1,'70分钟',1,'99公里',1.50,2.00,2.00,0,'610100WGO',0),(287,'2022-04-10','19:00前',5,'城西客运站','礼泉汽车站',3,3,9999,9999,22.20,1,1,'65分钟',1,'95公里',1.50,1.50,2.00,0,'610100CXO',0),(288,'2022-04-10','19:00前',6,'礼泉汽车站','城西客运站',3,3,9999,9999,22.20,1,1,'65分钟',1,'95公里',1.50,1.50,2.00,0,'610100LQO',0),(289,'2022-04-10','16:30前',7,'城西客运站','旬邑汽车站',3,3,9999,9999,50.80,1,1,'120分钟',1,'140公里',1.50,2.00,2.00,0,'610100CXO',0),(290,'2022-04-10','16:30前',8,'旬邑汽车站','城西客运站',3,3,9999,9999,50.80,1,1,'120分钟',1,'140公里',1.50,2.00,2.00,0,'610100XYO',0),(291,'2022-04-10','11:50',9,'城西客运站','杨凌交通枢纽',3,3,40,40,26.00,2,1,'100分钟',1,'130公里',1.50,1.50,2.00,0,'610100CXO',0),(292,'2022-04-10','11:50',10,'杨凌交通枢纽','城西客运站',3,3,40,40,26.00,2,1,'100分钟',1,'130公里',1.50,1.50,2.00,0,'610100YLO',0),(293,'2022-04-10','12:15',9,'城西客运站','杨凌交通枢纽',3,3,40,40,26.00,2,1,'100分钟',1,'130公里',1.50,1.50,2.00,0,'610100CXO',0),(294,'2022-04-10','13:15',9,'城西客运站','杨凌交通枢纽',3,3,40,40,26.00,2,1,'100分钟',1,'130公里',1.50,1.50,2.00,0,'610100CXO',0),(295,'2022-04-10','14:15',9,'城西客运站','杨凌交通枢纽',3,3,40,40,26.00,2,1,'100分钟',1,'130公里',1.50,1.50,2.00,0,'610100CXO',0),(296,'2022-04-10','15:15',9,'城西客运站','杨凌交通枢纽',3,3,40,40,26.00,2,1,'100分钟',1,'130公里',1.50,1.50,2.00,0,'610100CXO',0),(297,'2022-04-10','16:15',9,'城西客运站','杨凌交通枢纽',3,3,40,40,26.00,2,1,'100分钟',1,'130公里',1.50,1.50,2.00,0,'610100CXO',0),(298,'2022-04-10','17:15',9,'城西客运站','杨凌交通枢纽',3,3,40,40,26.00,2,1,'100分钟',1,'130公里',1.50,1.50,2.00,0,'610100CXO',0),(299,'2022-04-10','18:15',9,'城西客运站','杨凌交通枢纽',3,3,40,40,26.00,2,1,'100分钟',1,'130公里',1.50,1.50,2.00,0,'610100CXO',0),(300,'2022-04-10','17:00前',13,'城西客运站','乾县客运站',3,3,9999,9999,26.10,1,1,'40分钟',1,'60公里',1.50,1.50,2.00,0,'610100CXO',0),(301,'2022-04-10','12:30',13,'城西客运站','乾县客运站',3,3,40,40,22.50,2,2,'60分钟',1,'60公里',1.50,1.50,2.00,0,'610100CXO',0),(302,'2022-04-10','12:50',13,'城西客运站','乾县客运站',3,3,40,40,22.50,2,2,'60分钟',1,'60公里',1.50,1.50,2.00,0,'610100CXO',0),(303,'2022-04-10','13:00',13,'城西客运站','乾县客运站',3,3,40,40,22.50,2,2,'60分钟',1,'60公里',1.50,1.50,2.00,0,'610100CXO',0),(304,'2022-04-10','13:10',13,'城西客运站','乾县客运站',3,3,40,40,22.50,2,2,'60分钟',1,'60公里',1.50,1.50,2.00,0,'610100CXO',0),(305,'2022-04-10','13:20',13,'城西客运站','乾县客运站',3,3,40,40,22.50,2,2,'60分钟',1,'60公里',1.50,1.50,2.00,0,'610100CXO',0),(306,'2022-04-10','13:30',13,'城西客运站','乾县客运站',3,3,40,40,22.50,2,2,'60分钟',1,'60公里',1.50,1.50,2.00,0,'610100CXO',0),(307,'2022-04-10','13:40',13,'城西客运站','乾县客运站',3,3,40,40,22.50,2,2,'60分钟',1,'60公里',1.50,1.50,2.00,0,'610100CXO',0),(308,'2022-04-10','13:50',13,'城西客运站','乾县客运站',3,3,40,40,22.50,2,2,'60分钟',1,'60公里',1.50,1.50,2.00,0,'610100CXO',0),(309,'2022-04-10','14:00',13,'城西客运站','乾县客运站',3,3,40,40,22.50,2,2,'60分钟',1,'60公里',1.50,1.50,2.00,0,'610100CXO',0),(310,'2022-04-10','14:10',13,'城西客运站','乾县客运站',3,3,40,40,22.50,2,2,'60分钟',1,'60公里',1.50,1.50,2.00,0,'610100CXO',0),(311,'2022-04-10','14:20',13,'城西客运站','乾县客运站',3,3,40,40,22.50,2,2,'60分钟',1,'60公里',1.50,1.50,2.00,0,'610100CXO',0),(312,'2022-04-10','14:30',13,'城西客运站','乾县客运站',3,3,40,40,22.50,2,2,'60分钟',1,'60公里',1.50,1.50,2.00,0,'610100CXO',0),(313,'2022-04-10','14:40',13,'城西客运站','乾县客运站',3,3,40,40,22.50,2,2,'60分钟',1,'60公里',1.50,1.50,2.00,0,'610100CXO',0),(314,'2022-04-10','14:50',13,'城西客运站','乾县客运站',3,3,40,40,22.50,2,2,'60分钟',1,'60公里',1.50,1.50,2.00,0,'610100CXO',0),(315,'2022-04-10','15:00',13,'城西客运站','乾县客运站',3,3,40,40,22.50,2,2,'60分钟',1,'60公里',1.50,1.50,2.00,0,'610100CXO',0),(316,'2022-04-10','15:10',13,'城西客运站','乾县客运站',3,3,40,40,22.50,2,2,'60分钟',1,'60公里',1.50,1.50,2.00,0,'610100CXO',0),(317,'2022-04-10','15:20',13,'城西客运站','乾县客运站',3,3,40,40,22.50,2,2,'60分钟',1,'60公里',1.50,1.50,2.00,0,'610100CXO',0),(318,'2022-04-10','15:30',13,'城西客运站','乾县客运站',3,3,40,40,22.50,2,2,'60分钟',1,'60公里',1.50,1.50,2.00,0,'610100CXO',0),(319,'2022-04-10','15:40',13,'城西客运站','乾县客运站',3,3,40,40,22.50,2,2,'60分钟',1,'60公里',1.50,1.50,2.00,0,'610100CXO',0),(320,'2022-04-10','15:50',13,'城西客运站','乾县客运站',3,3,40,40,22.50,2,2,'60分钟',1,'60公里',1.50,1.50,2.00,0,'610100CXO',0),(321,'2022-04-10','16:00',13,'城西客运站','乾县客运站',3,3,40,40,22.50,2,2,'60分钟',1,'60公里',1.50,1.50,2.00,0,'610100CXO',0),(322,'2022-04-10','16:10',13,'城西客运站','乾县客运站',3,3,40,40,22.50,2,2,'60分钟',1,'60公里',1.50,1.50,2.00,0,'610100CXO',0),(323,'2022-04-10','16:20',13,'城西客运站','乾县客运站',3,3,40,40,22.50,2,2,'60分钟',1,'60公里',1.50,1.50,2.00,0,'610100CXO',0),(324,'2022-04-10','16:30',13,'城西客运站','乾县客运站',3,3,40,40,22.50,2,2,'60分钟',1,'60公里',1.50,1.50,2.00,0,'610100CXO',0),(325,'2022-04-10','16:40',13,'城西客运站','乾县客运站',3,3,40,40,22.50,2,2,'60分钟',1,'60公里',1.50,1.50,2.00,0,'610100CXO',0),(326,'2022-04-10','16:50',13,'城西客运站','乾县客运站',3,3,40,40,22.50,2,2,'60分钟',1,'60公里',1.50,1.50,2.00,0,'610100CXO',0),(327,'2022-04-10','17:00',13,'城西客运站','乾县客运站',3,3,40,40,22.50,2,2,'60分钟',1,'60公里',1.50,1.50,2.00,0,'610100CXO',0),(328,'2022-04-10','17:10',13,'城西客运站','乾县客运站',3,3,40,40,22.50,2,2,'60分钟',1,'60公里',1.50,1.50,2.00,0,'610100CXO',0),(329,'2022-04-10','17:20',13,'城西客运站','乾县客运站',3,3,40,40,22.50,2,2,'60分钟',1,'60公里',1.50,1.50,2.00,0,'610100CXO',0),(330,'2022-04-10','17:30',13,'城西客运站','乾县客运站',3,3,40,40,22.50,2,2,'60分钟',1,'60公里',1.50,1.50,2.00,0,'610100CXO',0),(331,'2022-04-10','17:40',13,'城西客运站','乾县客运站',3,3,40,40,22.50,2,2,'60分钟',1,'60公里',1.50,1.50,2.00,0,'610100CXO',0),(332,'2022-04-10','17:50',13,'城西客运站','乾县客运站',3,3,40,40,22.50,2,2,'60分钟',1,'60公里',1.50,1.50,2.00,0,'610100CXO',0),(333,'2022-04-10','16:00前',15,'城西客运站','永寿汽车站',3,3,9999,9999,31.00,1,1,'45分钟',1,'70公里',1.50,1.50,2.00,0,'610100CXO',0),(334,'2022-04-10','12:25',15,'城西客运站','永寿汽车站',3,3,40,40,26.50,2,2,'65分钟',1,'80公里',1.50,1.50,2.00,0,'610100CXO',0),(335,'2022-04-10','16:00前',17,'城西客运站','淳化汽车站',3,3,9999,9999,28.00,1,1,'60分钟',1,'75公里',1.50,1.50,2.00,0,'610100CXO',0),(336,'2022-04-10','16:00前',19,'城西客运站','彬县汽车站',3,3,9999,9999,46.80,1,1,'120分钟',1,'180公里',1.50,2.00,2.00,0,'610100CXO',0),(337,'2022-04-11','19:50前',2,'兴平市客运站','城西客运站',3,3,9999,9999,15.00,1,1,'45分钟',1,'60公里',1.50,1.50,2.00,0,'610100CXO',0),(338,'2022-04-11','19:50前',1,'城西客运站','兴平市客运站',3,3,9999,9999,15.00,1,1,'45分钟',1,'60公里',1.50,1.50,2.00,0,'610100XPO',0),(339,'2022-04-11','18:40前',3,'城西客运站','武功镇',3,3,9999,9999,28.50,1,1,'79分钟',1,'107公里',1.50,2.00,2.00,0,'610100CXO',0),(340,'2022-04-11','19:30前',3,'城西客运站','武功县客运站',3,3,9999,9999,22.90,1,1,'70分钟',1,'99公里',1.50,2.00,2.00,0,'610100CXO',0),(341,'2022-04-11','18:40前',4,'武功镇','城西客运站',3,3,9999,9999,28.50,1,1,'79分钟',1,'107公里',1.50,2.00,2.00,0,'610100WGO',0),(342,'2022-04-11','19:30前',4,'武功县客运站','城西客运站',3,3,9999,9999,22.90,1,1,'70分钟',1,'99公里',1.50,2.00,2.00,0,'610100WGO',0),(343,'2022-04-11','19:00前',5,'城西客运站','礼泉汽车站',3,3,9999,9999,22.20,1,1,'65分钟',1,'95公里',1.50,1.50,2.00,0,'610100CXO',0),(344,'2022-04-11','19:00前',6,'礼泉汽车站','城西客运站',3,3,9999,9999,22.20,1,1,'65分钟',1,'95公里',1.50,1.50,2.00,0,'610100LQO',0),(345,'2022-04-11','16:30前',7,'城西客运站','旬邑汽车站',3,3,9999,9999,50.80,1,1,'120分钟',1,'140公里',1.50,2.00,2.00,0,'610100CXO',0),(346,'2022-04-11','16:30前',8,'旬邑汽车站','城西客运站',3,3,9999,9999,50.80,1,1,'120分钟',1,'140公里',1.50,2.00,2.00,0,'610100XYO',0),(347,'2022-04-11','11:50',9,'城西客运站','杨凌交通枢纽',3,3,40,40,26.00,2,1,'100分钟',1,'130公里',1.50,1.50,2.00,0,'610100CXO',0),(348,'2022-04-11','11:50',10,'杨凌交通枢纽','城西客运站',3,3,40,40,26.00,2,1,'100分钟',1,'130公里',1.50,1.50,2.00,0,'610100YLO',0),(349,'2022-04-11','12:15',9,'城西客运站','杨凌交通枢纽',3,3,40,40,26.00,2,1,'100分钟',1,'130公里',1.50,1.50,2.00,0,'610100CXO',0),(350,'2022-04-11','13:15',9,'城西客运站','杨凌交通枢纽',3,3,40,40,26.00,2,1,'100分钟',1,'130公里',1.50,1.50,2.00,0,'610100CXO',0),(351,'2022-04-11','14:15',9,'城西客运站','杨凌交通枢纽',3,3,40,40,26.00,2,1,'100分钟',1,'130公里',1.50,1.50,2.00,0,'610100CXO',0),(352,'2022-04-11','15:15',9,'城西客运站','杨凌交通枢纽',3,3,40,40,26.00,2,1,'100分钟',1,'130公里',1.50,1.50,2.00,0,'610100CXO',0),(353,'2022-04-11','16:15',9,'城西客运站','杨凌交通枢纽',3,3,40,40,26.00,2,1,'100分钟',1,'130公里',1.50,1.50,2.00,0,'610100CXO',0),(354,'2022-04-11','17:15',9,'城西客运站','杨凌交通枢纽',3,3,40,40,26.00,2,1,'100分钟',1,'130公里',1.50,1.50,2.00,0,'610100CXO',0),(355,'2022-04-11','18:15',9,'城西客运站','杨凌交通枢纽',3,3,40,40,26.00,2,1,'100分钟',1,'130公里',1.50,1.50,2.00,0,'610100CXO',0),(356,'2022-04-11','17:00前',13,'城西客运站','乾县客运站',3,3,9999,9999,26.10,1,1,'40分钟',1,'60公里',1.50,1.50,2.00,0,'610100CXO',0),(357,'2022-04-11','12:30',13,'城西客运站','乾县客运站',3,3,40,40,22.50,2,2,'60分钟',1,'60公里',1.50,1.50,2.00,0,'610100CXO',0),(358,'2022-04-11','12:50',13,'城西客运站','乾县客运站',3,3,40,40,22.50,2,2,'60分钟',1,'60公里',1.50,1.50,2.00,0,'610100CXO',0),(359,'2022-04-11','13:00',13,'城西客运站','乾县客运站',3,3,40,40,22.50,2,2,'60分钟',1,'60公里',1.50,1.50,2.00,0,'610100CXO',0),(360,'2022-04-11','13:10',13,'城西客运站','乾县客运站',3,3,40,40,22.50,2,2,'60分钟',1,'60公里',1.50,1.50,2.00,0,'610100CXO',0),(361,'2022-04-11','13:20',13,'城西客运站','乾县客运站',3,3,40,40,22.50,2,2,'60分钟',1,'60公里',1.50,1.50,2.00,0,'610100CXO',0),(362,'2022-04-11','13:30',13,'城西客运站','乾县客运站',3,3,40,40,22.50,2,2,'60分钟',1,'60公里',1.50,1.50,2.00,0,'610100CXO',0),(363,'2022-04-11','13:40',13,'城西客运站','乾县客运站',3,3,40,40,22.50,2,2,'60分钟',1,'60公里',1.50,1.50,2.00,0,'610100CXO',0),(364,'2022-04-11','13:50',13,'城西客运站','乾县客运站',3,3,40,40,22.50,2,2,'60分钟',1,'60公里',1.50,1.50,2.00,0,'610100CXO',0),(365,'2022-04-11','14:00',13,'城西客运站','乾县客运站',3,3,40,40,22.50,2,2,'60分钟',1,'60公里',1.50,1.50,2.00,0,'610100CXO',0),(366,'2022-04-11','14:10',13,'城西客运站','乾县客运站',3,3,40,40,22.50,2,2,'60分钟',1,'60公里',1.50,1.50,2.00,0,'610100CXO',0),(367,'2022-04-11','14:20',13,'城西客运站','乾县客运站',3,3,40,40,22.50,2,2,'60分钟',1,'60公里',1.50,1.50,2.00,0,'610100CXO',0),(368,'2022-04-11','14:30',13,'城西客运站','乾县客运站',3,3,40,40,22.50,2,2,'60分钟',1,'60公里',1.50,1.50,2.00,0,'610100CXO',0),(369,'2022-04-11','14:40',13,'城西客运站','乾县客运站',3,3,40,40,22.50,2,2,'60分钟',1,'60公里',1.50,1.50,2.00,0,'610100CXO',0),(370,'2022-04-11','14:50',13,'城西客运站','乾县客运站',3,3,40,40,22.50,2,2,'60分钟',1,'60公里',1.50,1.50,2.00,0,'610100CXO',0),(371,'2022-04-11','15:00',13,'城西客运站','乾县客运站',3,3,40,40,22.50,2,2,'60分钟',1,'60公里',1.50,1.50,2.00,0,'610100CXO',0),(372,'2022-04-11','15:10',13,'城西客运站','乾县客运站',3,3,40,40,22.50,2,2,'60分钟',1,'60公里',1.50,1.50,2.00,0,'610100CXO',0),(373,'2022-04-11','15:20',13,'城西客运站','乾县客运站',3,3,40,40,22.50,2,2,'60分钟',1,'60公里',1.50,1.50,2.00,0,'610100CXO',0),(374,'2022-04-11','15:30',13,'城西客运站','乾县客运站',3,3,40,40,22.50,2,2,'60分钟',1,'60公里',1.50,1.50,2.00,0,'610100CXO',0),(375,'2022-04-11','15:40',13,'城西客运站','乾县客运站',3,3,40,40,22.50,2,2,'60分钟',1,'60公里',1.50,1.50,2.00,0,'610100CXO',0),(376,'2022-04-11','15:50',13,'城西客运站','乾县客运站',3,3,40,40,22.50,2,2,'60分钟',1,'60公里',1.50,1.50,2.00,0,'610100CXO',0),(377,'2022-04-11','16:00',13,'城西客运站','乾县客运站',3,3,40,40,22.50,2,2,'60分钟',1,'60公里',1.50,1.50,2.00,0,'610100CXO',0),(378,'2022-04-11','16:10',13,'城西客运站','乾县客运站',3,3,40,40,22.50,2,2,'60分钟',1,'60公里',1.50,1.50,2.00,0,'610100CXO',0),(379,'2022-04-11','16:20',13,'城西客运站','乾县客运站',3,3,40,40,22.50,2,2,'60分钟',1,'60公里',1.50,1.50,2.00,0,'610100CXO',0),(380,'2022-04-11','16:30',13,'城西客运站','乾县客运站',3,3,40,40,22.50,2,2,'60分钟',1,'60公里',1.50,1.50,2.00,0,'610100CXO',0),(381,'2022-04-11','16:40',13,'城西客运站','乾县客运站',3,3,40,40,22.50,2,2,'60分钟',1,'60公里',1.50,1.50,2.00,0,'610100CXO',0),(382,'2022-04-11','16:50',13,'城西客运站','乾县客运站',3,3,40,40,22.50,2,2,'60分钟',1,'60公里',1.50,1.50,2.00,0,'610100CXO',0),(383,'2022-04-11','17:00',13,'城西客运站','乾县客运站',3,3,40,40,22.50,2,2,'60分钟',1,'60公里',1.50,1.50,2.00,0,'610100CXO',0),(384,'2022-04-11','17:10',13,'城西客运站','乾县客运站',3,3,40,40,22.50,2,2,'60分钟',1,'60公里',1.50,1.50,2.00,0,'610100CXO',0),(385,'2022-04-11','17:20',13,'城西客运站','乾县客运站',3,3,40,40,22.50,2,2,'60分钟',1,'60公里',1.50,1.50,2.00,0,'610100CXO',0),(386,'2022-04-11','17:30',13,'城西客运站','乾县客运站',3,3,40,40,22.50,2,2,'60分钟',1,'60公里',1.50,1.50,2.00,0,'610100CXO',0),(387,'2022-04-11','17:40',13,'城西客运站','乾县客运站',3,3,40,40,22.50,2,2,'60分钟',1,'60公里',1.50,1.50,2.00,0,'610100CXO',0),(388,'2022-04-11','17:50',13,'城西客运站','乾县客运站',3,3,40,40,22.50,2,2,'60分钟',1,'60公里',1.50,1.50,2.00,0,'610100CXO',0),(389,'2022-04-11','16:00前',15,'城西客运站','永寿汽车站',3,3,9999,9999,31.00,1,1,'45分钟',1,'70公里',1.50,1.50,2.00,0,'610100CXO',0),(390,'2022-04-11','12:25',15,'城西客运站','永寿汽车站',3,3,40,40,26.50,2,2,'65分钟',1,'80公里',1.50,1.50,2.00,0,'610100CXO',0),(391,'2022-04-11','16:00前',17,'城西客运站','淳化汽车站',3,3,9999,9999,28.00,1,1,'60分钟',1,'75公里',1.50,1.50,2.00,0,'610100CXO',0),(392,'2022-04-11','16:00前',19,'城西客运站','彬县汽车站',3,3,9999,9999,46.80,1,1,'120分钟',1,'180公里',1.50,2.00,2.00,0,'610100CXO',0),(393,'2022-04-12','19:50前',2,'兴平市客运站','城西客运站',3,3,9999,9999,15.00,1,1,'45分钟',1,'60公里',1.50,1.50,2.00,0,'610100CXO',0),(394,'2022-04-12','19:50前',1,'城西客运站','兴平市客运站',3,3,9999,9999,15.00,1,1,'45分钟',1,'60公里',1.50,1.50,2.00,0,'610100XPO',0),(395,'2022-04-12','18:40前',3,'城西客运站','武功镇',3,3,9999,9999,28.50,1,1,'79分钟',1,'107公里',1.50,2.00,2.00,0,'610100CXO',0),(396,'2022-04-12','19:30前',3,'城西客运站','武功县客运站',3,3,9999,9999,22.90,1,1,'70分钟',1,'99公里',1.50,2.00,2.00,0,'610100CXO',0),(397,'2022-04-12','18:40前',4,'武功镇','城西客运站',3,3,9999,9999,28.50,1,1,'79分钟',1,'107公里',1.50,2.00,2.00,0,'610100WGO',0),(398,'2022-04-12','19:30前',4,'武功县客运站','城西客运站',3,3,9999,9999,22.90,1,1,'70分钟',1,'99公里',1.50,2.00,2.00,0,'610100WGO',0),(399,'2022-04-12','19:00前',5,'城西客运站','礼泉汽车站',3,3,9999,9999,22.20,1,1,'65分钟',1,'95公里',1.50,1.50,2.00,0,'610100CXO',0),(400,'2022-04-12','19:00前',6,'礼泉汽车站','城西客运站',3,3,9999,9999,22.20,1,1,'65分钟',1,'95公里',1.50,1.50,2.00,0,'610100LQO',0),(401,'2022-04-12','16:30前',7,'城西客运站','旬邑汽车站',3,3,9999,9999,50.80,1,1,'120分钟',1,'140公里',1.50,2.00,2.00,0,'610100CXO',0),(402,'2022-04-12','16:30前',8,'旬邑汽车站','城西客运站',3,3,9999,9999,50.80,1,1,'120分钟',1,'140公里',1.50,2.00,2.00,0,'610100XYO',0),(403,'2022-04-12','11:50',9,'城西客运站','杨凌交通枢纽',3,3,40,40,26.00,2,1,'100分钟',1,'130公里',1.50,1.50,2.00,0,'610100CXO',0),(404,'2022-04-12','11:50',10,'杨凌交通枢纽','城西客运站',3,3,40,40,26.00,2,1,'100分钟',1,'130公里',1.50,1.50,2.00,0,'610100YLO',0),(405,'2022-04-12','12:15',9,'城西客运站','杨凌交通枢纽',3,3,40,40,26.00,2,1,'100分钟',1,'130公里',1.50,1.50,2.00,0,'610100CXO',0),(406,'2022-04-12','13:15',9,'城西客运站','杨凌交通枢纽',3,3,40,40,26.00,2,1,'100分钟',1,'130公里',1.50,1.50,2.00,0,'610100CXO',0),(407,'2022-04-12','14:15',9,'城西客运站','杨凌交通枢纽',3,3,40,40,26.00,2,1,'100分钟',1,'130公里',1.50,1.50,2.00,0,'610100CXO',0),(408,'2022-04-12','15:15',9,'城西客运站','杨凌交通枢纽',3,3,40,40,26.00,2,1,'100分钟',1,'130公里',1.50,1.50,2.00,0,'610100CXO',0),(409,'2022-04-12','16:15',9,'城西客运站','杨凌交通枢纽',3,3,40,40,26.00,2,1,'100分钟',1,'130公里',1.50,1.50,2.00,0,'610100CXO',0),(410,'2022-04-12','17:15',9,'城西客运站','杨凌交通枢纽',3,3,40,40,26.00,2,1,'100分钟',1,'130公里',1.50,1.50,2.00,0,'610100CXO',0),(411,'2022-04-12','18:15',9,'城西客运站','杨凌交通枢纽',3,3,40,40,26.00,2,1,'100分钟',1,'130公里',1.50,1.50,2.00,0,'610100CXO',0),(412,'2022-04-12','17:00前',13,'城西客运站','乾县客运站',3,3,9999,9999,26.10,1,1,'40分钟',1,'60公里',1.50,1.50,2.00,0,'610100CXO',0),(413,'2022-04-12','12:30',13,'城西客运站','乾县客运站',3,3,40,40,22.50,2,2,'60分钟',1,'60公里',1.50,1.50,2.00,0,'610100CXO',0),(414,'2022-04-12','12:50',13,'城西客运站','乾县客运站',3,3,40,40,22.50,2,2,'60分钟',1,'60公里',1.50,1.50,2.00,0,'610100CXO',0),(415,'2022-04-12','13:00',13,'城西客运站','乾县客运站',3,3,40,40,22.50,2,2,'60分钟',1,'60公里',1.50,1.50,2.00,0,'610100CXO',0),(416,'2022-04-12','13:10',13,'城西客运站','乾县客运站',3,3,40,40,22.50,2,2,'60分钟',1,'60公里',1.50,1.50,2.00,0,'610100CXO',0),(417,'2022-04-12','13:20',13,'城西客运站','乾县客运站',3,3,40,40,22.50,2,2,'60分钟',1,'60公里',1.50,1.50,2.00,0,'610100CXO',0),(418,'2022-04-12','13:30',13,'城西客运站','乾县客运站',3,3,40,40,22.50,2,2,'60分钟',1,'60公里',1.50,1.50,2.00,0,'610100CXO',0),(419,'2022-04-12','13:40',13,'城西客运站','乾县客运站',3,3,40,40,22.50,2,2,'60分钟',1,'60公里',1.50,1.50,2.00,0,'610100CXO',0),(420,'2022-04-12','13:50',13,'城西客运站','乾县客运站',3,3,40,40,22.50,2,2,'60分钟',1,'60公里',1.50,1.50,2.00,0,'610100CXO',0),(421,'2022-04-12','14:00',13,'城西客运站','乾县客运站',3,3,40,40,22.50,2,2,'60分钟',1,'60公里',1.50,1.50,2.00,0,'610100CXO',0),(422,'2022-04-12','14:10',13,'城西客运站','乾县客运站',3,3,40,40,22.50,2,2,'60分钟',1,'60公里',1.50,1.50,2.00,0,'610100CXO',0),(423,'2022-04-12','14:20',13,'城西客运站','乾县客运站',3,3,40,40,22.50,2,2,'60分钟',1,'60公里',1.50,1.50,2.00,0,'610100CXO',0),(424,'2022-04-12','14:30',13,'城西客运站','乾县客运站',3,3,40,40,22.50,2,2,'60分钟',1,'60公里',1.50,1.50,2.00,0,'610100CXO',0),(425,'2022-04-12','14:40',13,'城西客运站','乾县客运站',3,3,40,40,22.50,2,2,'60分钟',1,'60公里',1.50,1.50,2.00,0,'610100CXO',0),(426,'2022-04-12','14:50',13,'城西客运站','乾县客运站',3,3,40,40,22.50,2,2,'60分钟',1,'60公里',1.50,1.50,2.00,0,'610100CXO',0),(427,'2022-04-12','15:00',13,'城西客运站','乾县客运站',3,3,40,40,22.50,2,2,'60分钟',1,'60公里',1.50,1.50,2.00,0,'610100CXO',0),(428,'2022-04-12','15:10',13,'城西客运站','乾县客运站',3,3,40,40,22.50,2,2,'60分钟',1,'60公里',1.50,1.50,2.00,0,'610100CXO',0),(429,'2022-04-12','15:20',13,'城西客运站','乾县客运站',3,3,40,40,22.50,2,2,'60分钟',1,'60公里',1.50,1.50,2.00,0,'610100CXO',0),(430,'2022-04-12','15:30',13,'城西客运站','乾县客运站',3,3,40,40,22.50,2,2,'60分钟',1,'60公里',1.50,1.50,2.00,0,'610100CXO',0),(431,'2022-04-12','15:40',13,'城西客运站','乾县客运站',3,3,40,40,22.50,2,2,'60分钟',1,'60公里',1.50,1.50,2.00,0,'610100CXO',0),(432,'2022-04-12','15:50',13,'城西客运站','乾县客运站',3,3,40,40,22.50,2,2,'60分钟',1,'60公里',1.50,1.50,2.00,0,'610100CXO',0),(433,'2022-04-12','16:00',13,'城西客运站','乾县客运站',3,3,40,40,22.50,2,2,'60分钟',1,'60公里',1.50,1.50,2.00,0,'610100CXO',0),(434,'2022-04-12','16:10',13,'城西客运站','乾县客运站',3,3,40,40,22.50,2,2,'60分钟',1,'60公里',1.50,1.50,2.00,0,'610100CXO',0),(435,'2022-04-12','16:20',13,'城西客运站','乾县客运站',3,3,40,40,22.50,2,2,'60分钟',1,'60公里',1.50,1.50,2.00,0,'610100CXO',0),(436,'2022-04-12','16:30',13,'城西客运站','乾县客运站',3,3,40,40,22.50,2,2,'60分钟',1,'60公里',1.50,1.50,2.00,0,'610100CXO',0),(437,'2022-04-12','16:40',13,'城西客运站','乾县客运站',3,3,40,40,22.50,2,2,'60分钟',1,'60公里',1.50,1.50,2.00,0,'610100CXO',0),(438,'2022-04-12','16:50',13,'城西客运站','乾县客运站',3,3,40,40,22.50,2,2,'60分钟',1,'60公里',1.50,1.50,2.00,0,'610100CXO',0),(439,'2022-04-12','17:00',13,'城西客运站','乾县客运站',3,3,40,40,22.50,2,2,'60分钟',1,'60公里',1.50,1.50,2.00,0,'610100CXO',0),(440,'2022-04-12','17:10',13,'城西客运站','乾县客运站',3,3,40,40,22.50,2,2,'60分钟',1,'60公里',1.50,1.50,2.00,0,'610100CXO',0),(441,'2022-04-12','17:20',13,'城西客运站','乾县客运站',3,3,40,40,22.50,2,2,'60分钟',1,'60公里',1.50,1.50,2.00,0,'610100CXO',0),(442,'2022-04-12','17:30',13,'城西客运站','乾县客运站',3,3,40,40,22.50,2,2,'60分钟',1,'60公里',1.50,1.50,2.00,0,'610100CXO',0),(443,'2022-04-12','17:40',13,'城西客运站','乾县客运站',3,3,40,40,22.50,2,2,'60分钟',1,'60公里',1.50,1.50,2.00,0,'610100CXO',0),(444,'2022-04-12','17:50',13,'城西客运站','乾县客运站',3,3,40,40,22.50,2,2,'60分钟',1,'60公里',1.50,1.50,2.00,0,'610100CXO',0),(445,'2022-04-12','16:00前',15,'城西客运站','永寿汽车站',3,3,9999,9999,31.00,1,1,'45分钟',1,'70公里',1.50,1.50,2.00,0,'610100CXO',0),(446,'2022-04-12','12:25',15,'城西客运站','永寿汽车站',3,3,40,40,26.50,2,2,'65分钟',1,'80公里',1.50,1.50,2.00,0,'610100CXO',0),(447,'2022-04-12','16:00前',17,'城西客运站','淳化汽车站',3,3,9999,9999,28.00,1,1,'60分钟',1,'75公里',1.50,1.50,2.00,0,'610100CXO',0),(448,'2022-04-12','16:00前',19,'城西客运站','彬县汽车站',3,3,9999,9999,46.80,1,1,'120分钟',1,'180公里',1.50,2.00,2.00,0,'610100CXO',0),(449,'2022-04-13','19:50前',2,'兴平市客运站','城西客运站',3,3,9999,9999,15.00,1,1,'45分钟',1,'60公里',1.50,1.50,2.00,0,'610100CXO',0),(450,'2022-04-13','19:50前',1,'城西客运站','兴平市客运站',3,3,9999,9999,15.00,1,1,'45分钟',1,'60公里',1.50,1.50,2.00,0,'610100XPO',0),(451,'2022-04-13','18:40前',3,'城西客运站','武功镇',3,3,9999,9999,28.50,1,1,'79分钟',1,'107公里',1.50,2.00,2.00,0,'610100CXO',0),(452,'2022-04-13','19:30前',3,'城西客运站','武功县客运站',3,3,9999,9999,22.90,1,1,'70分钟',1,'99公里',1.50,2.00,2.00,0,'610100CXO',0),(453,'2022-04-13','18:40前',4,'武功镇','城西客运站',3,3,9999,9999,28.50,1,1,'79分钟',1,'107公里',1.50,2.00,2.00,0,'610100WGO',0),(454,'2022-04-13','19:30前',4,'武功县客运站','城西客运站',3,3,9999,9999,22.90,1,1,'70分钟',1,'99公里',1.50,2.00,2.00,0,'610100WGO',0),(455,'2022-04-13','19:00前',5,'城西客运站','礼泉汽车站',3,3,9999,9999,22.20,1,1,'65分钟',1,'95公里',1.50,1.50,2.00,0,'610100CXO',0),(456,'2022-04-13','19:00前',6,'礼泉汽车站','城西客运站',3,3,9999,9999,22.20,1,1,'65分钟',1,'95公里',1.50,1.50,2.00,0,'610100LQO',0),(457,'2022-04-13','16:30前',7,'城西客运站','旬邑汽车站',3,3,9999,9999,50.80,1,1,'120分钟',1,'140公里',1.50,2.00,2.00,0,'610100CXO',0),(458,'2022-04-13','16:30前',8,'旬邑汽车站','城西客运站',3,3,9999,9999,50.80,1,1,'120分钟',1,'140公里',1.50,2.00,2.00,0,'610100XYO',0),(459,'2022-04-13','11:50',9,'城西客运站','杨凌交通枢纽',3,3,40,40,26.00,2,1,'100分钟',1,'130公里',1.50,1.50,2.00,0,'610100CXO',0),(460,'2022-04-13','11:50',10,'杨凌交通枢纽','城西客运站',3,3,40,40,26.00,2,1,'100分钟',1,'130公里',1.50,1.50,2.00,0,'610100YLO',0),(461,'2022-04-13','12:15',9,'城西客运站','杨凌交通枢纽',3,3,40,40,26.00,2,1,'100分钟',1,'130公里',1.50,1.50,2.00,0,'610100CXO',0),(462,'2022-04-13','13:15',9,'城西客运站','杨凌交通枢纽',3,3,40,40,26.00,2,1,'100分钟',1,'130公里',1.50,1.50,2.00,0,'610100CXO',0),(463,'2022-04-13','14:15',9,'城西客运站','杨凌交通枢纽',3,3,40,40,26.00,2,1,'100分钟',1,'130公里',1.50,1.50,2.00,0,'610100CXO',0),(464,'2022-04-13','15:15',9,'城西客运站','杨凌交通枢纽',3,3,40,40,26.00,2,1,'100分钟',1,'130公里',1.50,1.50,2.00,0,'610100CXO',0),(465,'2022-04-13','16:15',9,'城西客运站','杨凌交通枢纽',3,3,40,40,26.00,2,1,'100分钟',1,'130公里',1.50,1.50,2.00,0,'610100CXO',0),(466,'2022-04-13','17:15',9,'城西客运站','杨凌交通枢纽',3,3,40,40,26.00,2,1,'100分钟',1,'130公里',1.50,1.50,2.00,0,'610100CXO',0),(467,'2022-04-13','18:15',9,'城西客运站','杨凌交通枢纽',3,3,40,40,26.00,2,1,'100分钟',1,'130公里',1.50,1.50,2.00,0,'610100CXO',0),(468,'2022-04-13','17:00前',13,'城西客运站','乾县客运站',3,3,9999,9999,26.10,1,1,'40分钟',1,'60公里',1.50,1.50,2.00,0,'610100CXO',0),(469,'2022-04-13','12:30',13,'城西客运站','乾县客运站',3,3,40,40,22.50,2,2,'60分钟',1,'60公里',1.50,1.50,2.00,0,'610100CXO',0),(470,'2022-04-13','12:50',13,'城西客运站','乾县客运站',3,3,40,40,22.50,2,2,'60分钟',1,'60公里',1.50,1.50,2.00,0,'610100CXO',0),(471,'2022-04-13','13:00',13,'城西客运站','乾县客运站',3,3,40,40,22.50,2,2,'60分钟',1,'60公里',1.50,1.50,2.00,0,'610100CXO',0),(472,'2022-04-13','13:10',13,'城西客运站','乾县客运站',3,3,40,40,22.50,2,2,'60分钟',1,'60公里',1.50,1.50,2.00,0,'610100CXO',0),(473,'2022-04-13','13:20',13,'城西客运站','乾县客运站',3,3,40,40,22.50,2,2,'60分钟',1,'60公里',1.50,1.50,2.00,0,'610100CXO',0),(474,'2022-04-13','13:30',13,'城西客运站','乾县客运站',3,3,40,40,22.50,2,2,'60分钟',1,'60公里',1.50,1.50,2.00,0,'610100CXO',0),(475,'2022-04-13','13:40',13,'城西客运站','乾县客运站',3,3,40,40,22.50,2,2,'60分钟',1,'60公里',1.50,1.50,2.00,0,'610100CXO',0),(476,'2022-04-13','13:50',13,'城西客运站','乾县客运站',3,3,40,40,22.50,2,2,'60分钟',1,'60公里',1.50,1.50,2.00,0,'610100CXO',0),(477,'2022-04-13','14:00',13,'城西客运站','乾县客运站',3,3,40,40,22.50,2,2,'60分钟',1,'60公里',1.50,1.50,2.00,0,'610100CXO',0),(478,'2022-04-13','14:10',13,'城西客运站','乾县客运站',3,3,40,40,22.50,2,2,'60分钟',1,'60公里',1.50,1.50,2.00,0,'610100CXO',0),(479,'2022-04-13','14:20',13,'城西客运站','乾县客运站',3,3,40,40,22.50,2,2,'60分钟',1,'60公里',1.50,1.50,2.00,0,'610100CXO',0),(480,'2022-04-13','14:30',13,'城西客运站','乾县客运站',3,3,40,40,22.50,2,2,'60分钟',1,'60公里',1.50,1.50,2.00,0,'610100CXO',0),(481,'2022-04-13','14:40',13,'城西客运站','乾县客运站',3,3,40,40,22.50,2,2,'60分钟',1,'60公里',1.50,1.50,2.00,0,'610100CXO',0),(482,'2022-04-13','14:50',13,'城西客运站','乾县客运站',3,3,40,40,22.50,2,2,'60分钟',1,'60公里',1.50,1.50,2.00,0,'610100CXO',0),(483,'2022-04-13','15:00',13,'城西客运站','乾县客运站',3,3,40,40,22.50,2,2,'60分钟',1,'60公里',1.50,1.50,2.00,0,'610100CXO',0),(484,'2022-04-13','15:10',13,'城西客运站','乾县客运站',3,3,40,40,22.50,2,2,'60分钟',1,'60公里',1.50,1.50,2.00,0,'610100CXO',0),(485,'2022-04-13','15:20',13,'城西客运站','乾县客运站',3,3,40,40,22.50,2,2,'60分钟',1,'60公里',1.50,1.50,2.00,0,'610100CXO',0),(486,'2022-04-13','15:30',13,'城西客运站','乾县客运站',3,3,40,40,22.50,2,2,'60分钟',1,'60公里',1.50,1.50,2.00,0,'610100CXO',0),(487,'2022-04-13','15:40',13,'城西客运站','乾县客运站',3,3,40,40,22.50,2,2,'60分钟',1,'60公里',1.50,1.50,2.00,0,'610100CXO',0),(488,'2022-04-13','15:50',13,'城西客运站','乾县客运站',3,3,40,40,22.50,2,2,'60分钟',1,'60公里',1.50,1.50,2.00,0,'610100CXO',0),(489,'2022-04-13','16:00',13,'城西客运站','乾县客运站',3,3,40,40,22.50,2,2,'60分钟',1,'60公里',1.50,1.50,2.00,0,'610100CXO',0),(490,'2022-04-13','16:10',13,'城西客运站','乾县客运站',3,3,40,40,22.50,2,2,'60分钟',1,'60公里',1.50,1.50,2.00,0,'610100CXO',0),(491,'2022-04-13','16:20',13,'城西客运站','乾县客运站',3,3,40,40,22.50,2,2,'60分钟',1,'60公里',1.50,1.50,2.00,0,'610100CXO',0),(492,'2022-04-13','16:30',13,'城西客运站','乾县客运站',3,3,40,40,22.50,2,2,'60分钟',1,'60公里',1.50,1.50,2.00,0,'610100CXO',0),(493,'2022-04-13','16:40',13,'城西客运站','乾县客运站',3,3,40,40,22.50,2,2,'60分钟',1,'60公里',1.50,1.50,2.00,0,'610100CXO',0),(494,'2022-04-13','16:50',13,'城西客运站','乾县客运站',3,3,40,40,22.50,2,2,'60分钟',1,'60公里',1.50,1.50,2.00,0,'610100CXO',0),(495,'2022-04-13','17:00',13,'城西客运站','乾县客运站',3,3,40,40,22.50,2,2,'60分钟',1,'60公里',1.50,1.50,2.00,0,'610100CXO',0),(496,'2022-04-13','17:10',13,'城西客运站','乾县客运站',3,3,40,40,22.50,2,2,'60分钟',1,'60公里',1.50,1.50,2.00,0,'610100CXO',0),(497,'2022-04-13','17:20',13,'城西客运站','乾县客运站',3,3,40,40,22.50,2,2,'60分钟',1,'60公里',1.50,1.50,2.00,0,'610100CXO',0),(498,'2022-04-13','17:30',13,'城西客运站','乾县客运站',3,3,40,40,22.50,2,2,'60分钟',1,'60公里',1.50,1.50,2.00,0,'610100CXO',0),(499,'2022-04-13','17:40',13,'城西客运站','乾县客运站',3,3,40,40,22.50,2,2,'60分钟',1,'60公里',1.50,1.50,2.00,0,'610100CXO',0),(500,'2022-04-13','17:50',13,'城西客运站','乾县客运站',3,3,40,40,22.50,2,2,'60分钟',1,'60公里',1.50,1.50,2.00,0,'610100CXO',0),(501,'2022-04-13','16:00前',15,'城西客运站','永寿汽车站',3,3,9999,9999,31.00,1,1,'45分钟',1,'70公里',1.50,1.50,2.00,0,'610100CXO',0),(502,'2022-04-13','12:25',15,'城西客运站','永寿汽车站',3,3,40,40,26.50,2,2,'65分钟',1,'80公里',1.50,1.50,2.00,0,'610100CXO',0),(503,'2022-04-13','16:00前',17,'城西客运站','淳化汽车站',3,3,9999,9999,28.00,1,1,'60分钟',1,'75公里',1.50,1.50,2.00,0,'610100CXO',0),(504,'2022-04-13','16:00前',19,'城西客运站','彬县汽车站',3,3,9999,9999,46.80,1,1,'120分钟',1,'180公里',1.50,2.00,2.00,0,'610100CXO',0),(505,'2022-04-14','19:50前',2,'兴平市客运站','城西客运站',3,3,9999,9999,15.00,1,1,'45分钟',1,'60公里',1.50,1.50,2.00,0,'610100CXO',0),(506,'2022-04-14','19:50前',1,'城西客运站','兴平市客运站',3,3,9999,9999,15.00,1,1,'45分钟',1,'60公里',1.50,1.50,2.00,0,'610100XPO',0),(507,'2022-04-14','18:40前',3,'城西客运站','武功镇',3,3,9999,9999,28.50,1,1,'79分钟',1,'107公里',1.50,2.00,2.00,0,'610100CXO',0),(508,'2022-04-14','19:30前',3,'城西客运站','武功县客运站',3,3,9999,9999,22.90,1,1,'70分钟',1,'99公里',1.50,2.00,2.00,0,'610100CXO',0),(509,'2022-04-14','18:40前',4,'武功镇','城西客运站',3,3,9999,9999,28.50,1,1,'79分钟',1,'107公里',1.50,2.00,2.00,0,'610100WGO',0),(510,'2022-04-14','19:30前',4,'武功县客运站','城西客运站',3,3,9999,9999,22.90,1,1,'70分钟',1,'99公里',1.50,2.00,2.00,0,'610100WGO',0),(511,'2022-04-14','19:00前',5,'城西客运站','礼泉汽车站',3,3,9999,9999,22.20,1,1,'65分钟',1,'95公里',1.50,1.50,2.00,0,'610100CXO',0),(512,'2022-04-14','19:00前',6,'礼泉汽车站','城西客运站',3,3,9999,9999,22.20,1,1,'65分钟',1,'95公里',1.50,1.50,2.00,0,'610100LQO',0),(513,'2022-04-14','16:30前',7,'城西客运站','旬邑汽车站',3,3,9999,9999,50.80,1,1,'120分钟',1,'140公里',1.50,2.00,2.00,0,'610100CXO',0),(514,'2022-04-14','16:30前',8,'旬邑汽车站','城西客运站',3,3,9999,9999,50.80,1,1,'120分钟',1,'140公里',1.50,2.00,2.00,0,'610100XYO',0),(515,'2022-04-14','11:50',9,'城西客运站','杨凌交通枢纽',3,3,40,40,26.00,2,1,'100分钟',1,'130公里',1.50,1.50,2.00,0,'610100CXO',0),(516,'2022-04-14','11:50',10,'杨凌交通枢纽','城西客运站',3,3,40,40,26.00,2,1,'100分钟',1,'130公里',1.50,1.50,2.00,0,'610100YLO',0),(517,'2022-04-14','12:15',9,'城西客运站','杨凌交通枢纽',3,3,40,40,26.00,2,1,'100分钟',1,'130公里',1.50,1.50,2.00,0,'610100CXO',0),(518,'2022-04-14','13:15',9,'城西客运站','杨凌交通枢纽',3,3,40,40,26.00,2,1,'100分钟',1,'130公里',1.50,1.50,2.00,0,'610100CXO',0),(519,'2022-04-14','14:15',9,'城西客运站','杨凌交通枢纽',3,3,40,40,26.00,2,1,'100分钟',1,'130公里',1.50,1.50,2.00,0,'610100CXO',0),(520,'2022-04-14','15:15',9,'城西客运站','杨凌交通枢纽',3,3,40,40,26.00,2,1,'100分钟',1,'130公里',1.50,1.50,2.00,0,'610100CXO',0),(521,'2022-04-14','16:15',9,'城西客运站','杨凌交通枢纽',3,3,40,40,26.00,2,1,'100分钟',1,'130公里',1.50,1.50,2.00,0,'610100CXO',0),(522,'2022-04-14','17:15',9,'城西客运站','杨凌交通枢纽',3,3,40,40,26.00,2,1,'100分钟',1,'130公里',1.50,1.50,2.00,0,'610100CXO',0),(523,'2022-04-14','18:15',9,'城西客运站','杨凌交通枢纽',3,3,40,40,26.00,2,1,'100分钟',1,'130公里',1.50,1.50,2.00,0,'610100CXO',0),(524,'2022-04-14','17:00前',13,'城西客运站','乾县客运站',3,3,9999,9999,26.10,1,1,'40分钟',1,'60公里',1.50,1.50,2.00,0,'610100CXO',0),(525,'2022-04-14','12:30',13,'城西客运站','乾县客运站',3,3,40,40,22.50,2,2,'60分钟',1,'60公里',1.50,1.50,2.00,0,'610100CXO',0),(526,'2022-04-14','12:50',13,'城西客运站','乾县客运站',3,3,40,40,22.50,2,2,'60分钟',1,'60公里',1.50,1.50,2.00,0,'610100CXO',0),(527,'2022-04-14','13:00',13,'城西客运站','乾县客运站',3,3,40,40,22.50,2,2,'60分钟',1,'60公里',1.50,1.50,2.00,0,'610100CXO',0),(528,'2022-04-14','13:10',13,'城西客运站','乾县客运站',3,3,40,40,22.50,2,2,'60分钟',1,'60公里',1.50,1.50,2.00,0,'610100CXO',0),(529,'2022-04-14','13:20',13,'城西客运站','乾县客运站',3,3,40,40,22.50,2,2,'60分钟',1,'60公里',1.50,1.50,2.00,0,'610100CXO',0),(530,'2022-04-14','13:30',13,'城西客运站','乾县客运站',3,3,40,40,22.50,2,2,'60分钟',1,'60公里',1.50,1.50,2.00,0,'610100CXO',0),(531,'2022-04-14','13:40',13,'城西客运站','乾县客运站',3,3,40,40,22.50,2,2,'60分钟',1,'60公里',1.50,1.50,2.00,0,'610100CXO',0),(532,'2022-04-14','13:50',13,'城西客运站','乾县客运站',3,3,40,40,22.50,2,2,'60分钟',1,'60公里',1.50,1.50,2.00,0,'610100CXO',0),(533,'2022-04-14','14:00',13,'城西客运站','乾县客运站',3,3,40,40,22.50,2,2,'60分钟',1,'60公里',1.50,1.50,2.00,0,'610100CXO',0),(534,'2022-04-14','14:10',13,'城西客运站','乾县客运站',3,3,40,40,22.50,2,2,'60分钟',1,'60公里',1.50,1.50,2.00,0,'610100CXO',0),(535,'2022-04-14','14:20',13,'城西客运站','乾县客运站',3,3,40,40,22.50,2,2,'60分钟',1,'60公里',1.50,1.50,2.00,0,'610100CXO',0),(536,'2022-04-14','14:30',13,'城西客运站','乾县客运站',3,3,40,40,22.50,2,2,'60分钟',1,'60公里',1.50,1.50,2.00,0,'610100CXO',0),(537,'2022-04-14','14:40',13,'城西客运站','乾县客运站',3,3,40,40,22.50,2,2,'60分钟',1,'60公里',1.50,1.50,2.00,0,'610100CXO',0),(538,'2022-04-14','14:50',13,'城西客运站','乾县客运站',3,3,40,40,22.50,2,2,'60分钟',1,'60公里',1.50,1.50,2.00,0,'610100CXO',0),(539,'2022-04-14','15:00',13,'城西客运站','乾县客运站',3,3,40,40,22.50,2,2,'60分钟',1,'60公里',1.50,1.50,2.00,0,'610100CXO',0),(540,'2022-04-14','15:10',13,'城西客运站','乾县客运站',3,3,40,40,22.50,2,2,'60分钟',1,'60公里',1.50,1.50,2.00,0,'610100CXO',0),(541,'2022-04-14','15:20',13,'城西客运站','乾县客运站',3,3,40,40,22.50,2,2,'60分钟',1,'60公里',1.50,1.50,2.00,0,'610100CXO',0),(542,'2022-04-14','15:30',13,'城西客运站','乾县客运站',3,3,40,40,22.50,2,2,'60分钟',1,'60公里',1.50,1.50,2.00,0,'610100CXO',0),(543,'2022-04-14','15:40',13,'城西客运站','乾县客运站',3,3,40,40,22.50,2,2,'60分钟',1,'60公里',1.50,1.50,2.00,0,'610100CXO',0),(544,'2022-04-14','15:50',13,'城西客运站','乾县客运站',3,3,40,40,22.50,2,2,'60分钟',1,'60公里',1.50,1.50,2.00,0,'610100CXO',0),(545,'2022-04-14','16:00',13,'城西客运站','乾县客运站',3,3,40,40,22.50,2,2,'60分钟',1,'60公里',1.50,1.50,2.00,0,'610100CXO',0),(546,'2022-04-14','16:10',13,'城西客运站','乾县客运站',3,3,40,40,22.50,2,2,'60分钟',1,'60公里',1.50,1.50,2.00,0,'610100CXO',0),(547,'2022-04-14','16:20',13,'城西客运站','乾县客运站',3,3,40,40,22.50,2,2,'60分钟',1,'60公里',1.50,1.50,2.00,0,'610100CXO',0),(548,'2022-04-14','16:30',13,'城西客运站','乾县客运站',3,3,40,40,22.50,2,2,'60分钟',1,'60公里',1.50,1.50,2.00,0,'610100CXO',0),(549,'2022-04-14','16:40',13,'城西客运站','乾县客运站',3,3,40,40,22.50,2,2,'60分钟',1,'60公里',1.50,1.50,2.00,0,'610100CXO',0),(550,'2022-04-14','16:50',13,'城西客运站','乾县客运站',3,3,40,40,22.50,2,2,'60分钟',1,'60公里',1.50,1.50,2.00,0,'610100CXO',0),(551,'2022-04-14','17:00',13,'城西客运站','乾县客运站',3,3,40,40,22.50,2,2,'60分钟',1,'60公里',1.50,1.50,2.00,0,'610100CXO',0),(552,'2022-04-14','17:10',13,'城西客运站','乾县客运站',3,3,40,40,22.50,2,2,'60分钟',1,'60公里',1.50,1.50,2.00,0,'610100CXO',0),(553,'2022-04-14','17:20',13,'城西客运站','乾县客运站',3,3,40,40,22.50,2,2,'60分钟',1,'60公里',1.50,1.50,2.00,0,'610100CXO',0),(554,'2022-04-14','17:30',13,'城西客运站','乾县客运站',3,3,40,40,22.50,2,2,'60分钟',1,'60公里',1.50,1.50,2.00,0,'610100CXO',0),(555,'2022-04-14','17:40',13,'城西客运站','乾县客运站',3,3,40,40,22.50,2,2,'60分钟',1,'60公里',1.50,1.50,2.00,0,'610100CXO',0),(556,'2022-04-14','17:50',13,'城西客运站','乾县客运站',3,3,40,40,22.50,2,2,'60分钟',1,'60公里',1.50,1.50,2.00,0,'610100CXO',0),(557,'2022-04-14','16:00前',15,'城西客运站','永寿汽车站',3,3,9999,9999,31.00,1,1,'45分钟',1,'70公里',1.50,1.50,2.00,0,'610100CXO',0),(558,'2022-04-14','12:25',15,'城西客运站','永寿汽车站',3,3,40,40,26.50,2,2,'65分钟',1,'80公里',1.50,1.50,2.00,0,'610100CXO',0),(559,'2022-04-14','16:00前',17,'城西客运站','淳化汽车站',3,3,9999,9999,28.00,1,1,'60分钟',1,'75公里',1.50,1.50,2.00,0,'610100CXO',0),(560,'2022-04-14','16:00前',19,'城西客运站','彬县汽车站',3,3,9999,9999,46.80,1,1,'120分钟',1,'180公里',1.50,2.00,2.00,0,'610100CXO',0),(561,'2022-04-15','19:50前',2,'兴平市客运站','城西客运站',3,3,9999,9999,15.00,1,1,'45分钟',1,'60公里',1.50,1.50,2.00,0,'610100CXO',0),(562,'2022-04-15','19:50前',1,'城西客运站','兴平市客运站',3,3,9999,9999,15.00,1,1,'45分钟',1,'60公里',1.50,1.50,2.00,0,'610100XPO',0),(563,'2022-04-15','18:40前',3,'城西客运站','武功镇',3,3,9999,9999,28.50,1,1,'79分钟',1,'107公里',1.50,2.00,2.00,0,'610100CXO',0),(564,'2022-04-15','19:30前',3,'城西客运站','武功县客运站',3,3,9999,9999,22.90,1,1,'70分钟',1,'99公里',1.50,2.00,2.00,0,'610100CXO',0),(565,'2022-04-15','18:40前',4,'武功镇','城西客运站',3,3,9999,9999,28.50,1,1,'79分钟',1,'107公里',1.50,2.00,2.00,0,'610100WGO',0),(566,'2022-04-15','19:30前',4,'武功县客运站','城西客运站',3,3,9999,9999,22.90,1,1,'70分钟',1,'99公里',1.50,2.00,2.00,0,'610100WGO',0),(567,'2022-04-15','19:00前',5,'城西客运站','礼泉汽车站',3,3,9999,9999,22.20,1,1,'65分钟',1,'95公里',1.50,1.50,2.00,0,'610100CXO',0),(568,'2022-04-15','19:00前',6,'礼泉汽车站','城西客运站',3,3,9999,9999,22.20,1,1,'65分钟',1,'95公里',1.50,1.50,2.00,0,'610100LQO',0),(569,'2022-04-15','16:30前',7,'城西客运站','旬邑汽车站',3,3,9999,9999,50.80,1,1,'120分钟',1,'140公里',1.50,2.00,2.00,0,'610100CXO',0),(570,'2022-04-15','16:30前',8,'旬邑汽车站','城西客运站',3,3,9999,9999,50.80,1,1,'120分钟',1,'140公里',1.50,2.00,2.00,0,'610100XYO',0),(571,'2022-04-15','11:50',9,'城西客运站','杨凌交通枢纽',3,3,40,40,26.00,2,1,'100分钟',1,'130公里',1.50,1.50,2.00,0,'610100CXO',0),(572,'2022-04-15','11:50',10,'杨凌交通枢纽','城西客运站',3,3,40,40,26.00,2,1,'100分钟',1,'130公里',1.50,1.50,2.00,0,'610100YLO',0),(573,'2022-04-15','12:15',9,'城西客运站','杨凌交通枢纽',3,3,40,40,26.00,2,1,'100分钟',1,'130公里',1.50,1.50,2.00,0,'610100CXO',0),(574,'2022-04-15','13:15',9,'城西客运站','杨凌交通枢纽',3,3,40,40,26.00,2,1,'100分钟',1,'130公里',1.50,1.50,2.00,0,'610100CXO',0),(575,'2022-04-15','14:15',9,'城西客运站','杨凌交通枢纽',3,3,40,40,26.00,2,1,'100分钟',1,'130公里',1.50,1.50,2.00,0,'610100CXO',0),(576,'2022-04-15','15:15',9,'城西客运站','杨凌交通枢纽',3,3,40,40,26.00,2,1,'100分钟',1,'130公里',1.50,1.50,2.00,0,'610100CXO',0),(577,'2022-04-15','16:15',9,'城西客运站','杨凌交通枢纽',3,3,40,40,26.00,2,1,'100分钟',1,'130公里',1.50,1.50,2.00,0,'610100CXO',0),(578,'2022-04-15','17:15',9,'城西客运站','杨凌交通枢纽',3,3,40,40,26.00,2,1,'100分钟',1,'130公里',1.50,1.50,2.00,0,'610100CXO',0),(579,'2022-04-15','18:15',9,'城西客运站','杨凌交通枢纽',3,3,40,40,26.00,2,1,'100分钟',1,'130公里',1.50,1.50,2.00,0,'610100CXO',0),(580,'2022-04-15','17:00前',13,'城西客运站','乾县客运站',3,3,9999,9999,26.10,1,1,'40分钟',1,'60公里',1.50,1.50,2.00,0,'610100CXO',0),(581,'2022-04-15','12:30',13,'城西客运站','乾县客运站',3,3,40,40,22.50,2,2,'60分钟',1,'60公里',1.50,1.50,2.00,0,'610100CXO',0),(582,'2022-04-15','12:50',13,'城西客运站','乾县客运站',3,3,40,40,22.50,2,2,'60分钟',1,'60公里',1.50,1.50,2.00,0,'610100CXO',0),(583,'2022-04-15','13:00',13,'城西客运站','乾县客运站',3,3,40,40,22.50,2,2,'60分钟',1,'60公里',1.50,1.50,2.00,0,'610100CXO',0),(584,'2022-04-15','13:10',13,'城西客运站','乾县客运站',3,3,40,40,22.50,2,2,'60分钟',1,'60公里',1.50,1.50,2.00,0,'610100CXO',0),(585,'2022-04-15','13:20',13,'城西客运站','乾县客运站',3,3,40,40,22.50,2,2,'60分钟',1,'60公里',1.50,1.50,2.00,0,'610100CXO',0),(586,'2022-04-15','13:30',13,'城西客运站','乾县客运站',3,3,40,40,22.50,2,2,'60分钟',1,'60公里',1.50,1.50,2.00,0,'610100CXO',0),(587,'2022-04-15','13:40',13,'城西客运站','乾县客运站',3,3,40,40,22.50,2,2,'60分钟',1,'60公里',1.50,1.50,2.00,0,'610100CXO',0),(588,'2022-04-15','13:50',13,'城西客运站','乾县客运站',3,3,40,40,22.50,2,2,'60分钟',1,'60公里',1.50,1.50,2.00,0,'610100CXO',0),(589,'2022-04-15','14:00',13,'城西客运站','乾县客运站',3,3,40,40,22.50,2,2,'60分钟',1,'60公里',1.50,1.50,2.00,0,'610100CXO',0),(590,'2022-04-15','14:10',13,'城西客运站','乾县客运站',3,3,40,40,22.50,2,2,'60分钟',1,'60公里',1.50,1.50,2.00,0,'610100CXO',0),(591,'2022-04-15','14:20',13,'城西客运站','乾县客运站',3,3,40,40,22.50,2,2,'60分钟',1,'60公里',1.50,1.50,2.00,0,'610100CXO',0),(592,'2022-04-15','14:30',13,'城西客运站','乾县客运站',3,3,40,40,22.50,2,2,'60分钟',1,'60公里',1.50,1.50,2.00,0,'610100CXO',0),(593,'2022-04-15','14:40',13,'城西客运站','乾县客运站',3,3,40,40,22.50,2,2,'60分钟',1,'60公里',1.50,1.50,2.00,0,'610100CXO',0),(594,'2022-04-15','14:50',13,'城西客运站','乾县客运站',3,3,40,40,22.50,2,2,'60分钟',1,'60公里',1.50,1.50,2.00,0,'610100CXO',0),(595,'2022-04-15','15:00',13,'城西客运站','乾县客运站',3,3,40,40,22.50,2,2,'60分钟',1,'60公里',1.50,1.50,2.00,0,'610100CXO',0),(596,'2022-04-15','15:10',13,'城西客运站','乾县客运站',3,3,40,40,22.50,2,2,'60分钟',1,'60公里',1.50,1.50,2.00,0,'610100CXO',0),(597,'2022-04-15','15:20',13,'城西客运站','乾县客运站',3,3,40,40,22.50,2,2,'60分钟',1,'60公里',1.50,1.50,2.00,0,'610100CXO',0),(598,'2022-04-15','15:30',13,'城西客运站','乾县客运站',3,3,40,40,22.50,2,2,'60分钟',1,'60公里',1.50,1.50,2.00,0,'610100CXO',0),(599,'2022-04-15','15:40',13,'城西客运站','乾县客运站',3,3,40,40,22.50,2,2,'60分钟',1,'60公里',1.50,1.50,2.00,0,'610100CXO',0),(600,'2022-04-15','15:50',13,'城西客运站','乾县客运站',3,3,40,40,22.50,2,2,'60分钟',1,'60公里',1.50,1.50,2.00,0,'610100CXO',0),(601,'2022-04-15','16:00',13,'城西客运站','乾县客运站',3,3,40,40,22.50,2,2,'60分钟',1,'60公里',1.50,1.50,2.00,0,'610100CXO',0),(602,'2022-04-15','16:10',13,'城西客运站','乾县客运站',3,3,40,40,22.50,2,2,'60分钟',1,'60公里',1.50,1.50,2.00,0,'610100CXO',0),(603,'2022-04-15','16:20',13,'城西客运站','乾县客运站',3,3,40,40,22.50,2,2,'60分钟',1,'60公里',1.50,1.50,2.00,0,'610100CXO',0),(604,'2022-04-15','16:30',13,'城西客运站','乾县客运站',3,3,40,40,22.50,2,2,'60分钟',1,'60公里',1.50,1.50,2.00,0,'610100CXO',0),(605,'2022-04-15','16:40',13,'城西客运站','乾县客运站',3,3,40,40,22.50,2,2,'60分钟',1,'60公里',1.50,1.50,2.00,0,'610100CXO',0),(606,'2022-04-15','16:50',13,'城西客运站','乾县客运站',3,3,40,40,22.50,2,2,'60分钟',1,'60公里',1.50,1.50,2.00,0,'610100CXO',0),(607,'2022-04-15','17:00',13,'城西客运站','乾县客运站',3,3,40,40,22.50,2,2,'60分钟',1,'60公里',1.50,1.50,2.00,0,'610100CXO',0),(608,'2022-04-15','17:10',13,'城西客运站','乾县客运站',3,3,40,40,22.50,2,2,'60分钟',1,'60公里',1.50,1.50,2.00,0,'610100CXO',0),(609,'2022-04-15','17:20',13,'城西客运站','乾县客运站',3,3,40,40,22.50,2,2,'60分钟',1,'60公里',1.50,1.50,2.00,0,'610100CXO',0),(610,'2022-04-15','17:30',13,'城西客运站','乾县客运站',3,3,40,40,22.50,2,2,'60分钟',1,'60公里',1.50,1.50,2.00,0,'610100CXO',0),(611,'2022-04-15','17:40',13,'城西客运站','乾县客运站',3,3,40,40,22.50,2,2,'60分钟',1,'60公里',1.50,1.50,2.00,0,'610100CXO',0),(612,'2022-04-15','17:50',13,'城西客运站','乾县客运站',3,3,40,40,22.50,2,2,'60分钟',1,'60公里',1.50,1.50,2.00,0,'610100CXO',0),(613,'2022-04-15','16:00前',15,'城西客运站','永寿汽车站',3,3,9999,9999,31.00,1,1,'45分钟',1,'70公里',1.50,1.50,2.00,0,'610100CXO',0),(614,'2022-04-15','12:25',15,'城西客运站','永寿汽车站',3,3,40,40,26.50,2,2,'65分钟',1,'80公里',1.50,1.50,2.00,0,'610100CXO',0),(615,'2022-04-15','16:00前',17,'城西客运站','淳化汽车站',3,3,9999,9999,28.00,1,1,'60分钟',1,'75公里',1.50,1.50,2.00,0,'610100CXO',0),(616,'2022-04-15','16:00前',19,'城西客运站','彬县汽车站',3,3,9999,9999,46.80,1,1,'120分钟',1,'180公里',1.50,2.00,2.00,0,'610100CXO',0),(617,'2022-04-16','19:50前',2,'兴平市客运站','城西客运站',3,3,9999,9999,15.00,1,1,'45分钟',1,'60公里',1.50,1.50,2.00,0,'610100CXO',0),(618,'2022-04-16','19:50前',1,'城西客运站','兴平市客运站',3,3,9999,9999,15.00,1,1,'45分钟',1,'60公里',1.50,1.50,2.00,0,'610100XPO',0),(619,'2022-04-16','18:40前',3,'城西客运站','武功镇',3,3,9999,9999,28.50,1,1,'79分钟',1,'107公里',1.50,2.00,2.00,0,'610100CXO',0),(620,'2022-04-16','19:30前',3,'城西客运站','武功县客运站',3,3,9999,9999,22.90,1,1,'70分钟',1,'99公里',1.50,2.00,2.00,0,'610100CXO',0),(621,'2022-04-16','18:40前',4,'武功镇','城西客运站',3,3,9999,9999,28.50,1,1,'79分钟',1,'107公里',1.50,2.00,2.00,0,'610100WGO',0),(622,'2022-04-16','19:30前',4,'武功县客运站','城西客运站',3,3,9999,9999,22.90,1,1,'70分钟',1,'99公里',1.50,2.00,2.00,0,'610100WGO',0),(623,'2022-04-16','19:00前',5,'城西客运站','礼泉汽车站',3,3,9999,9999,22.20,1,1,'65分钟',1,'95公里',1.50,1.50,2.00,0,'610100CXO',0),(624,'2022-04-16','19:00前',6,'礼泉汽车站','城西客运站',3,3,9999,9999,22.20,1,1,'65分钟',1,'95公里',1.50,1.50,2.00,0,'610100LQO',0),(625,'2022-04-16','16:30前',7,'城西客运站','旬邑汽车站',3,3,9999,9999,50.80,1,1,'120分钟',1,'140公里',1.50,2.00,2.00,0,'610100CXO',0),(626,'2022-04-16','16:30前',8,'旬邑汽车站','城西客运站',3,3,9999,9999,50.80,1,1,'120分钟',1,'140公里',1.50,2.00,2.00,0,'610100XYO',0),(627,'2022-04-16','11:50',9,'城西客运站','杨凌交通枢纽',3,3,40,40,26.00,2,1,'100分钟',1,'130公里',1.50,1.50,2.00,0,'610100CXO',0),(628,'2022-04-16','11:50',10,'杨凌交通枢纽','城西客运站',3,3,40,40,26.00,2,1,'100分钟',1,'130公里',1.50,1.50,2.00,0,'610100YLO',0),(629,'2022-04-16','12:15',9,'城西客运站','杨凌交通枢纽',3,3,40,40,26.00,2,1,'100分钟',1,'130公里',1.50,1.50,2.00,0,'610100CXO',0),(630,'2022-04-16','13:15',9,'城西客运站','杨凌交通枢纽',3,3,40,40,26.00,2,1,'100分钟',1,'130公里',1.50,1.50,2.00,0,'610100CXO',0),(631,'2022-04-16','14:15',9,'城西客运站','杨凌交通枢纽',3,3,40,40,26.00,2,1,'100分钟',1,'130公里',1.50,1.50,2.00,0,'610100CXO',0),(632,'2022-04-16','15:15',9,'城西客运站','杨凌交通枢纽',3,3,40,40,26.00,2,1,'100分钟',1,'130公里',1.50,1.50,2.00,0,'610100CXO',0),(633,'2022-04-16','16:15',9,'城西客运站','杨凌交通枢纽',3,3,40,40,26.00,2,1,'100分钟',1,'130公里',1.50,1.50,2.00,0,'610100CXO',0),(634,'2022-04-16','17:15',9,'城西客运站','杨凌交通枢纽',3,3,40,40,26.00,2,1,'100分钟',1,'130公里',1.50,1.50,2.00,0,'610100CXO',0),(635,'2022-04-16','18:15',9,'城西客运站','杨凌交通枢纽',3,3,40,40,26.00,2,1,'100分钟',1,'130公里',1.50,1.50,2.00,0,'610100CXO',0),(636,'2022-04-16','17:00前',13,'城西客运站','乾县客运站',3,3,9999,9999,26.10,1,1,'40分钟',1,'60公里',1.50,1.50,2.00,0,'610100CXO',0),(637,'2022-04-16','12:30',13,'城西客运站','乾县客运站',3,3,40,40,22.50,2,2,'60分钟',1,'60公里',1.50,1.50,2.00,0,'610100CXO',0),(638,'2022-04-16','12:50',13,'城西客运站','乾县客运站',3,3,40,40,22.50,2,2,'60分钟',1,'60公里',1.50,1.50,2.00,0,'610100CXO',0),(639,'2022-04-16','13:00',13,'城西客运站','乾县客运站',3,3,40,40,22.50,2,2,'60分钟',1,'60公里',1.50,1.50,2.00,0,'610100CXO',0),(640,'2022-04-16','13:10',13,'城西客运站','乾县客运站',3,3,40,40,22.50,2,2,'60分钟',1,'60公里',1.50,1.50,2.00,0,'610100CXO',0),(641,'2022-04-16','13:20',13,'城西客运站','乾县客运站',3,3,40,40,22.50,2,2,'60分钟',1,'60公里',1.50,1.50,2.00,0,'610100CXO',0),(642,'2022-04-16','13:30',13,'城西客运站','乾县客运站',3,3,40,40,22.50,2,2,'60分钟',1,'60公里',1.50,1.50,2.00,0,'610100CXO',0),(643,'2022-04-16','13:40',13,'城西客运站','乾县客运站',3,3,40,40,22.50,2,2,'60分钟',1,'60公里',1.50,1.50,2.00,0,'610100CXO',0),(644,'2022-04-16','13:50',13,'城西客运站','乾县客运站',3,3,40,40,22.50,2,2,'60分钟',1,'60公里',1.50,1.50,2.00,0,'610100CXO',0),(645,'2022-04-16','14:00',13,'城西客运站','乾县客运站',3,3,40,40,22.50,2,2,'60分钟',1,'60公里',1.50,1.50,2.00,0,'610100CXO',0),(646,'2022-04-16','14:10',13,'城西客运站','乾县客运站',3,3,40,40,22.50,2,2,'60分钟',1,'60公里',1.50,1.50,2.00,0,'610100CXO',0),(647,'2022-04-16','14:20',13,'城西客运站','乾县客运站',3,3,40,40,22.50,2,2,'60分钟',1,'60公里',1.50,1.50,2.00,0,'610100CXO',0),(648,'2022-04-16','14:30',13,'城西客运站','乾县客运站',3,3,40,40,22.50,2,2,'60分钟',1,'60公里',1.50,1.50,2.00,0,'610100CXO',0),(649,'2022-04-16','14:40',13,'城西客运站','乾县客运站',3,3,40,40,22.50,2,2,'60分钟',1,'60公里',1.50,1.50,2.00,0,'610100CXO',0),(650,'2022-04-16','14:50',13,'城西客运站','乾县客运站',3,3,40,40,22.50,2,2,'60分钟',1,'60公里',1.50,1.50,2.00,0,'610100CXO',0),(651,'2022-04-16','15:00',13,'城西客运站','乾县客运站',3,3,40,40,22.50,2,2,'60分钟',1,'60公里',1.50,1.50,2.00,0,'610100CXO',0),(652,'2022-04-16','15:10',13,'城西客运站','乾县客运站',3,3,40,40,22.50,2,2,'60分钟',1,'60公里',1.50,1.50,2.00,0,'610100CXO',0),(653,'2022-04-16','15:20',13,'城西客运站','乾县客运站',3,3,40,40,22.50,2,2,'60分钟',1,'60公里',1.50,1.50,2.00,0,'610100CXO',0),(654,'2022-04-16','15:30',13,'城西客运站','乾县客运站',3,3,40,40,22.50,2,2,'60分钟',1,'60公里',1.50,1.50,2.00,0,'610100CXO',0),(655,'2022-04-16','15:40',13,'城西客运站','乾县客运站',3,3,40,40,22.50,2,2,'60分钟',1,'60公里',1.50,1.50,2.00,0,'610100CXO',0),(656,'2022-04-16','15:50',13,'城西客运站','乾县客运站',3,3,40,40,22.50,2,2,'60分钟',1,'60公里',1.50,1.50,2.00,0,'610100CXO',0),(657,'2022-04-16','16:00',13,'城西客运站','乾县客运站',3,3,40,40,22.50,2,2,'60分钟',1,'60公里',1.50,1.50,2.00,0,'610100CXO',0),(658,'2022-04-16','16:10',13,'城西客运站','乾县客运站',3,3,40,40,22.50,2,2,'60分钟',1,'60公里',1.50,1.50,2.00,0,'610100CXO',0),(659,'2022-04-16','16:20',13,'城西客运站','乾县客运站',3,3,40,40,22.50,2,2,'60分钟',1,'60公里',1.50,1.50,2.00,0,'610100CXO',0),(660,'2022-04-16','16:30',13,'城西客运站','乾县客运站',3,3,40,40,22.50,2,2,'60分钟',1,'60公里',1.50,1.50,2.00,0,'610100CXO',0),(661,'2022-04-16','16:40',13,'城西客运站','乾县客运站',3,3,40,40,22.50,2,2,'60分钟',1,'60公里',1.50,1.50,2.00,0,'610100CXO',0),(662,'2022-04-16','16:50',13,'城西客运站','乾县客运站',3,3,40,40,22.50,2,2,'60分钟',1,'60公里',1.50,1.50,2.00,0,'610100CXO',0),(663,'2022-04-16','17:00',13,'城西客运站','乾县客运站',3,3,40,40,22.50,2,2,'60分钟',1,'60公里',1.50,1.50,2.00,0,'610100CXO',0),(664,'2022-04-16','17:10',13,'城西客运站','乾县客运站',3,3,40,40,22.50,2,2,'60分钟',1,'60公里',1.50,1.50,2.00,0,'610100CXO',0),(665,'2022-04-16','17:20',13,'城西客运站','乾县客运站',3,3,40,40,22.50,2,2,'60分钟',1,'60公里',1.50,1.50,2.00,0,'610100CXO',0),(666,'2022-04-16','17:30',13,'城西客运站','乾县客运站',3,3,40,40,22.50,2,2,'60分钟',1,'60公里',1.50,1.50,2.00,0,'610100CXO',0),(667,'2022-04-16','17:40',13,'城西客运站','乾县客运站',3,3,40,40,22.50,2,2,'60分钟',1,'60公里',1.50,1.50,2.00,0,'610100CXO',0),(668,'2022-04-16','17:50',13,'城西客运站','乾县客运站',3,3,40,40,22.50,2,2,'60分钟',1,'60公里',1.50,1.50,2.00,0,'610100CXO',0),(669,'2022-04-16','16:00前',15,'城西客运站','永寿汽车站',3,3,9999,9999,31.00,1,1,'45分钟',1,'70公里',1.50,1.50,2.00,0,'610100CXO',0),(670,'2022-04-16','12:25',15,'城西客运站','永寿汽车站',3,3,40,40,26.50,2,2,'65分钟',1,'80公里',1.50,1.50,2.00,0,'610100CXO',0),(671,'2022-04-16','16:00前',17,'城西客运站','淳化汽车站',3,3,9999,9999,28.00,1,1,'60分钟',1,'75公里',1.50,1.50,2.00,0,'610100CXO',0),(672,'2022-04-16','16:00前',19,'城西客运站','彬县汽车站',3,3,9999,9999,46.80,1,1,'120分钟',1,'180公里',1.50,2.00,2.00,0,'610100CXO',0),(673,'2022-04-17','19:50前',2,'兴平市客运站','城西客运站',3,3,9999,9999,15.00,1,1,'45分钟',1,'60公里',1.50,1.50,2.00,0,'610100CXO',0),(674,'2022-04-17','19:50前',1,'城西客运站','兴平市客运站',3,3,9999,9999,15.00,1,1,'45分钟',1,'60公里',1.50,1.50,2.00,0,'610100XPO',0),(675,'2022-04-17','18:40前',3,'城西客运站','武功镇',3,3,9999,9999,28.50,1,1,'79分钟',1,'107公里',1.50,2.00,2.00,0,'610100CXO',0),(676,'2022-04-17','19:30前',3,'城西客运站','武功县客运站',3,3,9999,9999,22.90,1,1,'70分钟',1,'99公里',1.50,2.00,2.00,0,'610100CXO',0),(677,'2022-04-17','18:40前',4,'武功镇','城西客运站',3,3,9999,9999,28.50,1,1,'79分钟',1,'107公里',1.50,2.00,2.00,0,'610100WGO',0),(678,'2022-04-17','19:30前',4,'武功县客运站','城西客运站',3,3,9999,9999,22.90,1,1,'70分钟',1,'99公里',1.50,2.00,2.00,0,'610100WGO',0),(679,'2022-04-17','19:00前',5,'城西客运站','礼泉汽车站',3,3,9999,9999,22.20,1,1,'65分钟',1,'95公里',1.50,1.50,2.00,0,'610100CXO',0),(680,'2022-04-17','19:00前',6,'礼泉汽车站','城西客运站',3,3,9999,9999,22.20,1,1,'65分钟',1,'95公里',1.50,1.50,2.00,0,'610100LQO',0),(681,'2022-04-17','16:30前',7,'城西客运站','旬邑汽车站',3,3,9999,9999,50.80,1,1,'120分钟',1,'140公里',1.50,2.00,2.00,0,'610100CXO',0),(682,'2022-04-17','16:30前',8,'旬邑汽车站','城西客运站',3,3,9999,9999,50.80,1,1,'120分钟',1,'140公里',1.50,2.00,2.00,0,'610100XYO',0),(683,'2022-04-17','11:50',9,'城西客运站','杨凌交通枢纽',3,3,40,40,26.00,2,1,'100分钟',1,'130公里',1.50,1.50,2.00,0,'610100CXO',0),(684,'2022-04-17','11:50',10,'杨凌交通枢纽','城西客运站',3,3,40,40,26.00,2,1,'100分钟',1,'130公里',1.50,1.50,2.00,0,'610100YLO',0),(685,'2022-04-17','12:15',9,'城西客运站','杨凌交通枢纽',3,3,40,40,26.00,2,1,'100分钟',1,'130公里',1.50,1.50,2.00,0,'610100CXO',0),(686,'2022-04-17','13:15',9,'城西客运站','杨凌交通枢纽',3,3,40,40,26.00,2,1,'100分钟',1,'130公里',1.50,1.50,2.00,0,'610100CXO',0),(687,'2022-04-17','14:15',9,'城西客运站','杨凌交通枢纽',3,3,40,40,26.00,2,1,'100分钟',1,'130公里',1.50,1.50,2.00,0,'610100CXO',0),(688,'2022-04-17','15:15',9,'城西客运站','杨凌交通枢纽',3,3,40,40,26.00,2,1,'100分钟',1,'130公里',1.50,1.50,2.00,0,'610100CXO',0),(689,'2022-04-17','16:15',9,'城西客运站','杨凌交通枢纽',3,3,40,40,26.00,2,1,'100分钟',1,'130公里',1.50,1.50,2.00,0,'610100CXO',0),(690,'2022-04-17','17:15',9,'城西客运站','杨凌交通枢纽',3,3,40,40,26.00,2,1,'100分钟',1,'130公里',1.50,1.50,2.00,0,'610100CXO',0),(691,'2022-04-17','18:15',9,'城西客运站','杨凌交通枢纽',3,3,40,40,26.00,2,1,'100分钟',1,'130公里',1.50,1.50,2.00,0,'610100CXO',0),(692,'2022-04-17','17:00前',13,'城西客运站','乾县客运站',3,3,9999,9999,26.10,1,1,'40分钟',1,'60公里',1.50,1.50,2.00,0,'610100CXO',0),(693,'2022-04-17','12:30',13,'城西客运站','乾县客运站',3,3,40,40,22.50,2,2,'60分钟',1,'60公里',1.50,1.50,2.00,0,'610100CXO',0),(694,'2022-04-17','12:50',13,'城西客运站','乾县客运站',3,3,40,40,22.50,2,2,'60分钟',1,'60公里',1.50,1.50,2.00,0,'610100CXO',0),(695,'2022-04-17','13:00',13,'城西客运站','乾县客运站',3,3,40,40,22.50,2,2,'60分钟',1,'60公里',1.50,1.50,2.00,0,'610100CXO',0),(696,'2022-04-17','13:10',13,'城西客运站','乾县客运站',3,3,40,40,22.50,2,2,'60分钟',1,'60公里',1.50,1.50,2.00,0,'610100CXO',0),(697,'2022-04-17','13:20',13,'城西客运站','乾县客运站',3,3,40,40,22.50,2,2,'60分钟',1,'60公里',1.50,1.50,2.00,0,'610100CXO',0),(698,'2022-04-17','13:30',13,'城西客运站','乾县客运站',3,3,40,40,22.50,2,2,'60分钟',1,'60公里',1.50,1.50,2.00,0,'610100CXO',0),(699,'2022-04-17','13:40',13,'城西客运站','乾县客运站',3,3,40,40,22.50,2,2,'60分钟',1,'60公里',1.50,1.50,2.00,0,'610100CXO',0),(700,'2022-04-17','13:50',13,'城西客运站','乾县客运站',3,3,40,40,22.50,2,2,'60分钟',1,'60公里',1.50,1.50,2.00,0,'610100CXO',0),(701,'2022-04-17','14:00',13,'城西客运站','乾县客运站',3,3,40,40,22.50,2,2,'60分钟',1,'60公里',1.50,1.50,2.00,0,'610100CXO',0),(702,'2022-04-17','14:10',13,'城西客运站','乾县客运站',3,3,40,40,22.50,2,2,'60分钟',1,'60公里',1.50,1.50,2.00,0,'610100CXO',0),(703,'2022-04-17','14:20',13,'城西客运站','乾县客运站',3,3,40,40,22.50,2,2,'60分钟',1,'60公里',1.50,1.50,2.00,0,'610100CXO',0),(704,'2022-04-17','14:30',13,'城西客运站','乾县客运站',3,3,40,40,22.50,2,2,'60分钟',1,'60公里',1.50,1.50,2.00,0,'610100CXO',0),(705,'2022-04-17','14:40',13,'城西客运站','乾县客运站',3,3,40,40,22.50,2,2,'60分钟',1,'60公里',1.50,1.50,2.00,0,'610100CXO',0),(706,'2022-04-17','14:50',13,'城西客运站','乾县客运站',3,3,40,40,22.50,2,2,'60分钟',1,'60公里',1.50,1.50,2.00,0,'610100CXO',0),(707,'2022-04-17','15:00',13,'城西客运站','乾县客运站',3,3,40,40,22.50,2,2,'60分钟',1,'60公里',1.50,1.50,2.00,0,'610100CXO',0),(708,'2022-04-17','15:10',13,'城西客运站','乾县客运站',3,3,40,40,22.50,2,2,'60分钟',1,'60公里',1.50,1.50,2.00,0,'610100CXO',0),(709,'2022-04-17','15:20',13,'城西客运站','乾县客运站',3,3,40,40,22.50,2,2,'60分钟',1,'60公里',1.50,1.50,2.00,0,'610100CXO',0),(710,'2022-04-17','15:30',13,'城西客运站','乾县客运站',3,3,40,40,22.50,2,2,'60分钟',1,'60公里',1.50,1.50,2.00,0,'610100CXO',0),(711,'2022-04-17','15:40',13,'城西客运站','乾县客运站',3,3,40,40,22.50,2,2,'60分钟',1,'60公里',1.50,1.50,2.00,0,'610100CXO',0),(712,'2022-04-17','15:50',13,'城西客运站','乾县客运站',3,3,40,40,22.50,2,2,'60分钟',1,'60公里',1.50,1.50,2.00,0,'610100CXO',0),(713,'2022-04-17','16:00',13,'城西客运站','乾县客运站',3,3,40,40,22.50,2,2,'60分钟',1,'60公里',1.50,1.50,2.00,0,'610100CXO',0),(714,'2022-04-17','16:10',13,'城西客运站','乾县客运站',3,3,40,40,22.50,2,2,'60分钟',1,'60公里',1.50,1.50,2.00,0,'610100CXO',0),(715,'2022-04-17','16:20',13,'城西客运站','乾县客运站',3,3,40,40,22.50,2,2,'60分钟',1,'60公里',1.50,1.50,2.00,0,'610100CXO',0),(716,'2022-04-17','16:30',13,'城西客运站','乾县客运站',3,3,40,40,22.50,2,2,'60分钟',1,'60公里',1.50,1.50,2.00,0,'610100CXO',0),(717,'2022-04-17','16:40',13,'城西客运站','乾县客运站',3,3,40,40,22.50,2,2,'60分钟',1,'60公里',1.50,1.50,2.00,0,'610100CXO',0),(718,'2022-04-17','16:50',13,'城西客运站','乾县客运站',3,3,40,40,22.50,2,2,'60分钟',1,'60公里',1.50,1.50,2.00,0,'610100CXO',0),(719,'2022-04-17','17:00',13,'城西客运站','乾县客运站',3,3,40,40,22.50,2,2,'60分钟',1,'60公里',1.50,1.50,2.00,0,'610100CXO',0),(720,'2022-04-17','17:10',13,'城西客运站','乾县客运站',3,3,40,40,22.50,2,2,'60分钟',1,'60公里',1.50,1.50,2.00,0,'610100CXO',0),(721,'2022-04-17','17:20',13,'城西客运站','乾县客运站',3,3,40,40,22.50,2,2,'60分钟',1,'60公里',1.50,1.50,2.00,0,'610100CXO',0),(722,'2022-04-17','17:30',13,'城西客运站','乾县客运站',3,3,40,40,22.50,2,2,'60分钟',1,'60公里',1.50,1.50,2.00,0,'610100CXO',0),(723,'2022-04-17','17:40',13,'城西客运站','乾县客运站',3,3,40,40,22.50,2,2,'60分钟',1,'60公里',1.50,1.50,2.00,0,'610100CXO',0),(724,'2022-04-17','17:50',13,'城西客运站','乾县客运站',3,3,40,40,22.50,2,2,'60分钟',1,'60公里',1.50,1.50,2.00,0,'610100CXO',0),(725,'2022-04-17','16:00前',15,'城西客运站','永寿汽车站',3,3,9999,9999,31.00,1,1,'45分钟',1,'70公里',1.50,1.50,2.00,0,'610100CXO',0),(726,'2022-04-17','12:25',15,'城西客运站','永寿汽车站',3,3,40,40,26.50,2,2,'65分钟',1,'80公里',1.50,1.50,2.00,0,'610100CXO',0),(727,'2022-04-17','16:00前',17,'城西客运站','淳化汽车站',3,3,9999,9999,28.00,1,1,'60分钟',1,'75公里',1.50,1.50,2.00,0,'610100CXO',0),(728,'2022-04-17','16:00前',19,'城西客运站','彬县汽车站',3,3,9999,9999,46.80,1,1,'120分钟',1,'180公里',1.50,2.00,2.00,0,'610100CXO',0),(729,'2022-04-18','19:50前',2,'兴平市客运站','城西客运站',3,3,9999,9999,15.00,1,1,'45分钟',1,'60公里',1.50,1.50,2.00,0,'610100CXO',0),(730,'2022-04-18','19:50前',1,'城西客运站','兴平市客运站',3,3,9999,9999,15.00,1,1,'45分钟',1,'60公里',1.50,1.50,2.00,0,'610100XPO',0),(731,'2022-04-18','18:40前',3,'城西客运站','武功镇',3,3,9999,9999,28.50,1,1,'79分钟',1,'107公里',1.50,2.00,2.00,0,'610100CXO',0),(732,'2022-04-18','19:30前',3,'城西客运站','武功县客运站',3,3,9999,9999,22.90,1,1,'70分钟',1,'99公里',1.50,2.00,2.00,0,'610100CXO',0),(733,'2022-04-18','18:40前',4,'武功镇','城西客运站',3,3,9999,9999,28.50,1,1,'79分钟',1,'107公里',1.50,2.00,2.00,0,'610100WGO',0),(734,'2022-04-18','19:30前',4,'武功县客运站','城西客运站',3,3,9999,9999,22.90,1,1,'70分钟',1,'99公里',1.50,2.00,2.00,0,'610100WGO',0),(735,'2022-04-18','19:00前',5,'城西客运站','礼泉汽车站',3,3,9999,9999,22.20,1,1,'65分钟',1,'95公里',1.50,1.50,2.00,0,'610100CXO',0),(736,'2022-04-18','19:00前',6,'礼泉汽车站','城西客运站',3,3,9999,9999,22.20,1,1,'65分钟',1,'95公里',1.50,1.50,2.00,0,'610100LQO',0),(737,'2022-04-18','16:30前',7,'城西客运站','旬邑汽车站',3,3,9999,9999,50.80,1,1,'120分钟',1,'140公里',1.50,2.00,2.00,0,'610100CXO',0),(738,'2022-04-18','16:30前',8,'旬邑汽车站','城西客运站',3,3,9999,9999,50.80,1,1,'120分钟',1,'140公里',1.50,2.00,2.00,0,'610100XYO',0),(739,'2022-04-18','11:50',9,'城西客运站','杨凌交通枢纽',3,3,40,40,26.00,2,1,'100分钟',1,'130公里',1.50,1.50,2.00,0,'610100CXO',0),(740,'2022-04-18','11:50',10,'杨凌交通枢纽','城西客运站',3,3,40,40,26.00,2,1,'100分钟',1,'130公里',1.50,1.50,2.00,0,'610100YLO',0),(741,'2022-04-18','12:15',9,'城西客运站','杨凌交通枢纽',3,3,40,40,26.00,2,1,'100分钟',1,'130公里',1.50,1.50,2.00,0,'610100CXO',0),(742,'2022-04-18','13:15',9,'城西客运站','杨凌交通枢纽',3,3,40,40,26.00,2,1,'100分钟',1,'130公里',1.50,1.50,2.00,0,'610100CXO',0),(743,'2022-04-18','14:15',9,'城西客运站','杨凌交通枢纽',3,3,40,40,26.00,2,1,'100分钟',1,'130公里',1.50,1.50,2.00,0,'610100CXO',0),(744,'2022-04-18','15:15',9,'城西客运站','杨凌交通枢纽',3,3,40,40,26.00,2,1,'100分钟',1,'130公里',1.50,1.50,2.00,0,'610100CXO',0),(745,'2022-04-18','16:15',9,'城西客运站','杨凌交通枢纽',3,3,40,40,26.00,2,1,'100分钟',1,'130公里',1.50,1.50,2.00,0,'610100CXO',0),(746,'2022-04-18','17:15',9,'城西客运站','杨凌交通枢纽',3,3,40,40,26.00,2,1,'100分钟',1,'130公里',1.50,1.50,2.00,0,'610100CXO',0),(747,'2022-04-18','18:15',9,'城西客运站','杨凌交通枢纽',3,3,40,40,26.00,2,1,'100分钟',1,'130公里',1.50,1.50,2.00,0,'610100CXO',0),(748,'2022-04-18','17:00前',13,'城西客运站','乾县客运站',3,3,9999,9999,26.10,1,1,'40分钟',1,'60公里',1.50,1.50,2.00,0,'610100CXO',0),(749,'2022-04-18','12:30',13,'城西客运站','乾县客运站',3,3,40,40,22.50,2,2,'60分钟',1,'60公里',1.50,1.50,2.00,0,'610100CXO',0),(750,'2022-04-18','12:50',13,'城西客运站','乾县客运站',3,3,40,40,22.50,2,2,'60分钟',1,'60公里',1.50,1.50,2.00,0,'610100CXO',0),(751,'2022-04-18','13:00',13,'城西客运站','乾县客运站',3,3,40,40,22.50,2,2,'60分钟',1,'60公里',1.50,1.50,2.00,0,'610100CXO',0),(752,'2022-04-18','13:10',13,'城西客运站','乾县客运站',3,3,40,40,22.50,2,2,'60分钟',1,'60公里',1.50,1.50,2.00,0,'610100CXO',0),(753,'2022-04-18','13:20',13,'城西客运站','乾县客运站',3,3,40,40,22.50,2,2,'60分钟',1,'60公里',1.50,1.50,2.00,0,'610100CXO',0),(754,'2022-04-18','13:30',13,'城西客运站','乾县客运站',3,3,40,40,22.50,2,2,'60分钟',1,'60公里',1.50,1.50,2.00,0,'610100CXO',0),(755,'2022-04-18','13:40',13,'城西客运站','乾县客运站',3,3,40,40,22.50,2,2,'60分钟',1,'60公里',1.50,1.50,2.00,0,'610100CXO',0),(756,'2022-04-18','13:50',13,'城西客运站','乾县客运站',3,3,40,40,22.50,2,2,'60分钟',1,'60公里',1.50,1.50,2.00,0,'610100CXO',0),(757,'2022-04-18','14:00',13,'城西客运站','乾县客运站',3,3,40,40,22.50,2,2,'60分钟',1,'60公里',1.50,1.50,2.00,0,'610100CXO',0),(758,'2022-04-18','14:10',13,'城西客运站','乾县客运站',3,3,40,40,22.50,2,2,'60分钟',1,'60公里',1.50,1.50,2.00,0,'610100CXO',0),(759,'2022-04-18','14:20',13,'城西客运站','乾县客运站',3,3,40,40,22.50,2,2,'60分钟',1,'60公里',1.50,1.50,2.00,0,'610100CXO',0),(760,'2022-04-18','14:30',13,'城西客运站','乾县客运站',3,3,40,40,22.50,2,2,'60分钟',1,'60公里',1.50,1.50,2.00,0,'610100CXO',0),(761,'2022-04-18','14:40',13,'城西客运站','乾县客运站',3,3,40,40,22.50,2,2,'60分钟',1,'60公里',1.50,1.50,2.00,0,'610100CXO',0),(762,'2022-04-18','14:50',13,'城西客运站','乾县客运站',3,3,40,40,22.50,2,2,'60分钟',1,'60公里',1.50,1.50,2.00,0,'610100CXO',0),(763,'2022-04-18','15:00',13,'城西客运站','乾县客运站',3,3,40,40,22.50,2,2,'60分钟',1,'60公里',1.50,1.50,2.00,0,'610100CXO',0),(764,'2022-04-18','15:10',13,'城西客运站','乾县客运站',3,3,40,40,22.50,2,2,'60分钟',1,'60公里',1.50,1.50,2.00,0,'610100CXO',0),(765,'2022-04-18','15:20',13,'城西客运站','乾县客运站',3,3,40,40,22.50,2,2,'60分钟',1,'60公里',1.50,1.50,2.00,0,'610100CXO',0),(766,'2022-04-18','15:30',13,'城西客运站','乾县客运站',3,3,40,40,22.50,2,2,'60分钟',1,'60公里',1.50,1.50,2.00,0,'610100CXO',0),(767,'2022-04-18','15:40',13,'城西客运站','乾县客运站',3,3,40,40,22.50,2,2,'60分钟',1,'60公里',1.50,1.50,2.00,0,'610100CXO',0),(768,'2022-04-18','15:50',13,'城西客运站','乾县客运站',3,3,40,40,22.50,2,2,'60分钟',1,'60公里',1.50,1.50,2.00,0,'610100CXO',0),(769,'2022-04-18','16:00',13,'城西客运站','乾县客运站',3,3,40,40,22.50,2,2,'60分钟',1,'60公里',1.50,1.50,2.00,0,'610100CXO',0),(770,'2022-04-18','16:10',13,'城西客运站','乾县客运站',3,3,40,40,22.50,2,2,'60分钟',1,'60公里',1.50,1.50,2.00,0,'610100CXO',0),(771,'2022-04-18','16:20',13,'城西客运站','乾县客运站',3,3,40,40,22.50,2,2,'60分钟',1,'60公里',1.50,1.50,2.00,0,'610100CXO',0),(772,'2022-04-18','16:30',13,'城西客运站','乾县客运站',3,3,40,40,22.50,2,2,'60分钟',1,'60公里',1.50,1.50,2.00,0,'610100CXO',0),(773,'2022-04-18','16:40',13,'城西客运站','乾县客运站',3,3,40,40,22.50,2,2,'60分钟',1,'60公里',1.50,1.50,2.00,0,'610100CXO',0),(774,'2022-04-18','16:50',13,'城西客运站','乾县客运站',3,3,40,40,22.50,2,2,'60分钟',1,'60公里',1.50,1.50,2.00,0,'610100CXO',0),(775,'2022-04-18','17:00',13,'城西客运站','乾县客运站',3,3,40,40,22.50,2,2,'60分钟',1,'60公里',1.50,1.50,2.00,0,'610100CXO',0),(776,'2022-04-18','17:10',13,'城西客运站','乾县客运站',3,3,40,40,22.50,2,2,'60分钟',1,'60公里',1.50,1.50,2.00,0,'610100CXO',0),(777,'2022-04-18','17:20',13,'城西客运站','乾县客运站',3,3,40,40,22.50,2,2,'60分钟',1,'60公里',1.50,1.50,2.00,0,'610100CXO',0),(778,'2022-04-18','17:30',13,'城西客运站','乾县客运站',3,3,40,40,22.50,2,2,'60分钟',1,'60公里',1.50,1.50,2.00,0,'610100CXO',0),(779,'2022-04-18','17:40',13,'城西客运站','乾县客运站',3,3,40,40,22.50,2,2,'60分钟',1,'60公里',1.50,1.50,2.00,0,'610100CXO',0),(780,'2022-04-18','17:50',13,'城西客运站','乾县客运站',3,3,40,40,22.50,2,2,'60分钟',1,'60公里',1.50,1.50,2.00,0,'610100CXO',0),(781,'2022-04-18','16:00前',15,'城西客运站','永寿汽车站',3,3,9999,9999,31.00,1,1,'45分钟',1,'70公里',1.50,1.50,2.00,0,'610100CXO',0),(782,'2022-04-18','12:25',15,'城西客运站','永寿汽车站',3,3,40,40,26.50,2,2,'65分钟',1,'80公里',1.50,1.50,2.00,0,'610100CXO',0),(783,'2022-04-18','16:00前',17,'城西客运站','淳化汽车站',3,3,9999,9999,28.00,1,1,'60分钟',1,'75公里',1.50,1.50,2.00,0,'610100CXO',0),(784,'2022-04-18','16:00前',19,'城西客运站','彬县汽车站',3,3,9999,9999,46.80,1,1,'120分钟',1,'180公里',1.50,2.00,2.00,0,'610100CXO',0),(785,'2022-04-19','19:50前',2,'兴平市客运站','城西客运站',3,3,9999,9999,15.00,1,1,'45分钟',1,'60公里',1.50,1.50,2.00,0,'610100CXO',0),(786,'2022-04-19','19:50前',1,'城西客运站','兴平市客运站',3,3,9999,9999,15.00,1,1,'45分钟',1,'60公里',1.50,1.50,2.00,0,'610100XPO',0),(787,'2022-04-19','18:40前',3,'城西客运站','武功镇',3,3,9999,9999,28.50,1,1,'79分钟',1,'107公里',1.50,2.00,2.00,0,'610100CXO',0),(788,'2022-04-19','19:30前',3,'城西客运站','武功县客运站',3,3,9999,9999,22.90,1,1,'70分钟',1,'99公里',1.50,2.00,2.00,0,'610100CXO',0),(789,'2022-04-19','18:40前',4,'武功镇','城西客运站',3,3,9999,9999,28.50,1,1,'79分钟',1,'107公里',1.50,2.00,2.00,0,'610100WGO',0),(790,'2022-04-19','19:30前',4,'武功县客运站','城西客运站',3,3,9999,9999,22.90,1,1,'70分钟',1,'99公里',1.50,2.00,2.00,0,'610100WGO',0),(791,'2022-04-19','19:00前',5,'城西客运站','礼泉汽车站',3,3,9999,9999,22.20,1,1,'65分钟',1,'95公里',1.50,1.50,2.00,0,'610100CXO',0),(792,'2022-04-19','19:00前',6,'礼泉汽车站','城西客运站',3,3,9999,9999,22.20,1,1,'65分钟',1,'95公里',1.50,1.50,2.00,0,'610100LQO',0),(793,'2022-04-19','16:30前',7,'城西客运站','旬邑汽车站',3,3,9999,9999,50.80,1,1,'120分钟',1,'140公里',1.50,2.00,2.00,0,'610100CXO',0),(794,'2022-04-19','16:30前',8,'旬邑汽车站','城西客运站',3,3,9999,9999,50.80,1,1,'120分钟',1,'140公里',1.50,2.00,2.00,0,'610100XYO',0),(795,'2022-04-19','11:50',9,'城西客运站','杨凌交通枢纽',3,3,40,40,26.00,2,1,'100分钟',1,'130公里',1.50,1.50,2.00,0,'610100CXO',0),(796,'2022-04-19','11:50',10,'杨凌交通枢纽','城西客运站',3,3,40,40,26.00,2,1,'100分钟',1,'130公里',1.50,1.50,2.00,0,'610100YLO',0),(797,'2022-04-19','12:15',9,'城西客运站','杨凌交通枢纽',3,3,40,40,26.00,2,1,'100分钟',1,'130公里',1.50,1.50,2.00,0,'610100CXO',0),(798,'2022-04-19','13:15',9,'城西客运站','杨凌交通枢纽',3,3,40,40,26.00,2,1,'100分钟',1,'130公里',1.50,1.50,2.00,0,'610100CXO',0),(799,'2022-04-19','14:15',9,'城西客运站','杨凌交通枢纽',3,3,40,40,26.00,2,1,'100分钟',1,'130公里',1.50,1.50,2.00,0,'610100CXO',0),(800,'2022-04-19','15:15',9,'城西客运站','杨凌交通枢纽',3,3,40,40,26.00,2,1,'100分钟',1,'130公里',1.50,1.50,2.00,0,'610100CXO',0),(801,'2022-04-19','16:15',9,'城西客运站','杨凌交通枢纽',3,3,40,40,26.00,2,1,'100分钟',1,'130公里',1.50,1.50,2.00,0,'610100CXO',0),(802,'2022-04-19','17:15',9,'城西客运站','杨凌交通枢纽',3,3,40,40,26.00,2,1,'100分钟',1,'130公里',1.50,1.50,2.00,0,'610100CXO',0),(803,'2022-04-19','18:15',9,'城西客运站','杨凌交通枢纽',3,3,40,40,26.00,2,1,'100分钟',1,'130公里',1.50,1.50,2.00,0,'610100CXO',0),(804,'2022-04-19','17:00前',13,'城西客运站','乾县客运站',3,3,9999,9999,26.10,1,1,'40分钟',1,'60公里',1.50,1.50,2.00,0,'610100CXO',0),(805,'2022-04-19','12:30',13,'城西客运站','乾县客运站',3,3,40,40,22.50,2,2,'60分钟',1,'60公里',1.50,1.50,2.00,0,'610100CXO',0),(806,'2022-04-19','12:50',13,'城西客运站','乾县客运站',3,3,40,40,22.50,2,2,'60分钟',1,'60公里',1.50,1.50,2.00,0,'610100CXO',0),(807,'2022-04-19','13:00',13,'城西客运站','乾县客运站',3,3,40,40,22.50,2,2,'60分钟',1,'60公里',1.50,1.50,2.00,0,'610100CXO',0),(808,'2022-04-19','13:10',13,'城西客运站','乾县客运站',3,3,40,40,22.50,2,2,'60分钟',1,'60公里',1.50,1.50,2.00,0,'610100CXO',0),(809,'2022-04-19','13:20',13,'城西客运站','乾县客运站',3,3,40,40,22.50,2,2,'60分钟',1,'60公里',1.50,1.50,2.00,0,'610100CXO',0),(810,'2022-04-19','13:30',13,'城西客运站','乾县客运站',3,3,40,40,22.50,2,2,'60分钟',1,'60公里',1.50,1.50,2.00,0,'610100CXO',0),(811,'2022-04-19','13:40',13,'城西客运站','乾县客运站',3,3,40,40,22.50,2,2,'60分钟',1,'60公里',1.50,1.50,2.00,0,'610100CXO',0),(812,'2022-04-19','13:50',13,'城西客运站','乾县客运站',3,3,40,40,22.50,2,2,'60分钟',1,'60公里',1.50,1.50,2.00,0,'610100CXO',0),(813,'2022-04-19','14:00',13,'城西客运站','乾县客运站',3,3,40,40,22.50,2,2,'60分钟',1,'60公里',1.50,1.50,2.00,0,'610100CXO',0),(814,'2022-04-19','14:10',13,'城西客运站','乾县客运站',3,3,40,40,22.50,2,2,'60分钟',1,'60公里',1.50,1.50,2.00,0,'610100CXO',0),(815,'2022-04-19','14:20',13,'城西客运站','乾县客运站',3,3,40,40,22.50,2,2,'60分钟',1,'60公里',1.50,1.50,2.00,0,'610100CXO',0),(816,'2022-04-19','14:30',13,'城西客运站','乾县客运站',3,3,40,40,22.50,2,2,'60分钟',1,'60公里',1.50,1.50,2.00,0,'610100CXO',0),(817,'2022-04-19','14:40',13,'城西客运站','乾县客运站',3,3,40,40,22.50,2,2,'60分钟',1,'60公里',1.50,1.50,2.00,0,'610100CXO',0),(818,'2022-04-19','14:50',13,'城西客运站','乾县客运站',3,3,40,40,22.50,2,2,'60分钟',1,'60公里',1.50,1.50,2.00,0,'610100CXO',0),(819,'2022-04-19','15:00',13,'城西客运站','乾县客运站',3,3,40,40,22.50,2,2,'60分钟',1,'60公里',1.50,1.50,2.00,0,'610100CXO',0),(820,'2022-04-19','15:10',13,'城西客运站','乾县客运站',3,3,40,40,22.50,2,2,'60分钟',1,'60公里',1.50,1.50,2.00,0,'610100CXO',0),(821,'2022-04-19','15:20',13,'城西客运站','乾县客运站',3,3,40,40,22.50,2,2,'60分钟',1,'60公里',1.50,1.50,2.00,0,'610100CXO',0),(822,'2022-04-19','15:30',13,'城西客运站','乾县客运站',3,3,40,40,22.50,2,2,'60分钟',1,'60公里',1.50,1.50,2.00,0,'610100CXO',0),(823,'2022-04-19','15:40',13,'城西客运站','乾县客运站',3,3,40,40,22.50,2,2,'60分钟',1,'60公里',1.50,1.50,2.00,0,'610100CXO',0),(824,'2022-04-19','15:50',13,'城西客运站','乾县客运站',3,3,40,40,22.50,2,2,'60分钟',1,'60公里',1.50,1.50,2.00,0,'610100CXO',0),(825,'2022-04-19','16:00',13,'城西客运站','乾县客运站',3,3,40,40,22.50,2,2,'60分钟',1,'60公里',1.50,1.50,2.00,0,'610100CXO',0),(826,'2022-04-19','16:10',13,'城西客运站','乾县客运站',3,3,40,40,22.50,2,2,'60分钟',1,'60公里',1.50,1.50,2.00,0,'610100CXO',0),(827,'2022-04-19','16:20',13,'城西客运站','乾县客运站',3,3,40,40,22.50,2,2,'60分钟',1,'60公里',1.50,1.50,2.00,0,'610100CXO',0),(828,'2022-04-19','16:30',13,'城西客运站','乾县客运站',3,3,40,40,22.50,2,2,'60分钟',1,'60公里',1.50,1.50,2.00,0,'610100CXO',0),(829,'2022-04-19','16:40',13,'城西客运站','乾县客运站',3,3,40,40,22.50,2,2,'60分钟',1,'60公里',1.50,1.50,2.00,0,'610100CXO',0),(830,'2022-04-19','16:50',13,'城西客运站','乾县客运站',3,3,40,40,22.50,2,2,'60分钟',1,'60公里',1.50,1.50,2.00,0,'610100CXO',0),(831,'2022-04-19','17:00',13,'城西客运站','乾县客运站',3,3,40,40,22.50,2,2,'60分钟',1,'60公里',1.50,1.50,2.00,0,'610100CXO',0),(832,'2022-04-19','17:10',13,'城西客运站','乾县客运站',3,3,40,40,22.50,2,2,'60分钟',1,'60公里',1.50,1.50,2.00,0,'610100CXO',0),(833,'2022-04-19','17:20',13,'城西客运站','乾县客运站',3,3,40,40,22.50,2,2,'60分钟',1,'60公里',1.50,1.50,2.00,0,'610100CXO',0),(834,'2022-04-19','17:30',13,'城西客运站','乾县客运站',3,3,40,40,22.50,2,2,'60分钟',1,'60公里',1.50,1.50,2.00,0,'610100CXO',0),(835,'2022-04-19','17:40',13,'城西客运站','乾县客运站',3,3,40,40,22.50,2,2,'60分钟',1,'60公里',1.50,1.50,2.00,0,'610100CXO',0),(836,'2022-04-19','17:50',13,'城西客运站','乾县客运站',3,3,40,40,22.50,2,2,'60分钟',1,'60公里',1.50,1.50,2.00,0,'610100CXO',0),(837,'2022-04-19','16:00前',15,'城西客运站','永寿汽车站',3,3,9999,9999,31.00,1,1,'45分钟',1,'70公里',1.50,1.50,2.00,0,'610100CXO',0),(838,'2022-04-19','12:25',15,'城西客运站','永寿汽车站',3,3,40,40,26.50,2,2,'65分钟',1,'80公里',1.50,1.50,2.00,0,'610100CXO',0),(839,'2022-04-19','16:00前',17,'城西客运站','淳化汽车站',3,3,9999,9999,28.00,1,1,'60分钟',1,'75公里',1.50,1.50,2.00,0,'610100CXO',0),(840,'2022-04-19','16:00前',19,'城西客运站','彬县汽车站',3,3,9999,9999,46.80,1,1,'120分钟',1,'180公里',1.50,2.00,2.00,0,'610100CXO',0),(841,'2022-04-20','19:50前',2,'兴平市客运站','城西客运站',3,3,9999,9999,15.00,1,1,'45分钟',1,'60公里',1.50,1.50,2.00,0,'610100CXO',0),(842,'2022-04-20','19:50前',1,'城西客运站','兴平市客运站',3,3,9999,9999,15.00,1,1,'45分钟',1,'60公里',1.50,1.50,2.00,0,'610100XPO',0),(843,'2022-04-20','18:40前',3,'城西客运站','武功镇',3,3,9999,9999,28.50,1,1,'79分钟',1,'107公里',1.50,2.00,2.00,0,'610100CXO',0),(844,'2022-04-20','19:30前',3,'城西客运站','武功县客运站',3,3,9999,9999,22.90,1,1,'70分钟',1,'99公里',1.50,2.00,2.00,0,'610100CXO',0),(845,'2022-04-20','18:40前',4,'武功镇','城西客运站',3,3,9999,9999,28.50,1,1,'79分钟',1,'107公里',1.50,2.00,2.00,0,'610100WGO',0),(846,'2022-04-20','19:30前',4,'武功县客运站','城西客运站',3,3,9999,9999,22.90,1,1,'70分钟',1,'99公里',1.50,2.00,2.00,0,'610100WGO',0),(847,'2022-04-20','19:00前',5,'城西客运站','礼泉汽车站',3,3,9999,9999,22.20,1,1,'65分钟',1,'95公里',1.50,1.50,2.00,0,'610100CXO',0),(848,'2022-04-20','19:00前',6,'礼泉汽车站','城西客运站',3,3,9999,9999,22.20,1,1,'65分钟',1,'95公里',1.50,1.50,2.00,0,'610100LQO',0),(849,'2022-04-20','16:30前',7,'城西客运站','旬邑汽车站',3,3,9999,9999,50.80,1,1,'120分钟',1,'140公里',1.50,2.00,2.00,0,'610100CXO',0),(850,'2022-04-20','16:30前',8,'旬邑汽车站','城西客运站',3,3,9999,9999,50.80,1,1,'120分钟',1,'140公里',1.50,2.00,2.00,0,'610100XYO',0),(851,'2022-04-20','11:50',9,'城西客运站','杨凌交通枢纽',3,3,40,40,26.00,2,1,'100分钟',1,'130公里',1.50,1.50,2.00,0,'610100CXO',0),(852,'2022-04-20','11:50',10,'杨凌交通枢纽','城西客运站',3,3,40,40,26.00,2,1,'100分钟',1,'130公里',1.50,1.50,2.00,0,'610100YLO',0),(853,'2022-04-20','12:15',9,'城西客运站','杨凌交通枢纽',3,3,40,40,26.00,2,1,'100分钟',1,'130公里',1.50,1.50,2.00,0,'610100CXO',0),(854,'2022-04-20','13:15',9,'城西客运站','杨凌交通枢纽',3,3,40,40,26.00,2,1,'100分钟',1,'130公里',1.50,1.50,2.00,0,'610100CXO',0),(855,'2022-04-20','14:15',9,'城西客运站','杨凌交通枢纽',3,3,40,40,26.00,2,1,'100分钟',1,'130公里',1.50,1.50,2.00,0,'610100CXO',0),(856,'2022-04-20','15:15',9,'城西客运站','杨凌交通枢纽',3,3,40,40,26.00,2,1,'100分钟',1,'130公里',1.50,1.50,2.00,0,'610100CXO',0),(857,'2022-04-20','16:15',9,'城西客运站','杨凌交通枢纽',3,3,40,40,26.00,2,1,'100分钟',1,'130公里',1.50,1.50,2.00,0,'610100CXO',0),(858,'2022-04-20','17:15',9,'城西客运站','杨凌交通枢纽',3,3,40,40,26.00,2,1,'100分钟',1,'130公里',1.50,1.50,2.00,0,'610100CXO',0),(859,'2022-04-20','18:15',9,'城西客运站','杨凌交通枢纽',3,3,40,40,26.00,2,1,'100分钟',1,'130公里',1.50,1.50,2.00,0,'610100CXO',0),(860,'2022-04-20','17:00前',13,'城西客运站','乾县客运站',3,3,9999,9999,26.10,1,1,'40分钟',1,'60公里',1.50,1.50,2.00,0,'610100CXO',0),(861,'2022-04-20','12:30',13,'城西客运站','乾县客运站',3,3,40,40,22.50,2,2,'60分钟',1,'60公里',1.50,1.50,2.00,0,'610100CXO',0),(862,'2022-04-20','12:50',13,'城西客运站','乾县客运站',3,3,40,40,22.50,2,2,'60分钟',1,'60公里',1.50,1.50,2.00,0,'610100CXO',0),(863,'2022-04-20','13:00',13,'城西客运站','乾县客运站',3,3,40,40,22.50,2,2,'60分钟',1,'60公里',1.50,1.50,2.00,0,'610100CXO',0),(864,'2022-04-20','13:10',13,'城西客运站','乾县客运站',3,3,40,40,22.50,2,2,'60分钟',1,'60公里',1.50,1.50,2.00,0,'610100CXO',0),(865,'2022-04-20','13:20',13,'城西客运站','乾县客运站',3,3,40,40,22.50,2,2,'60分钟',1,'60公里',1.50,1.50,2.00,0,'610100CXO',0),(866,'2022-04-20','13:30',13,'城西客运站','乾县客运站',3,3,40,40,22.50,2,2,'60分钟',1,'60公里',1.50,1.50,2.00,0,'610100CXO',0),(867,'2022-04-20','13:40',13,'城西客运站','乾县客运站',3,3,40,40,22.50,2,2,'60分钟',1,'60公里',1.50,1.50,2.00,0,'610100CXO',0),(868,'2022-04-20','13:50',13,'城西客运站','乾县客运站',3,3,40,40,22.50,2,2,'60分钟',1,'60公里',1.50,1.50,2.00,0,'610100CXO',0),(869,'2022-04-20','14:00',13,'城西客运站','乾县客运站',3,3,40,40,22.50,2,2,'60分钟',1,'60公里',1.50,1.50,2.00,0,'610100CXO',0),(870,'2022-04-20','14:10',13,'城西客运站','乾县客运站',3,3,40,40,22.50,2,2,'60分钟',1,'60公里',1.50,1.50,2.00,0,'610100CXO',0),(871,'2022-04-20','14:20',13,'城西客运站','乾县客运站',3,3,40,40,22.50,2,2,'60分钟',1,'60公里',1.50,1.50,2.00,0,'610100CXO',0),(872,'2022-04-20','14:30',13,'城西客运站','乾县客运站',3,3,40,40,22.50,2,2,'60分钟',1,'60公里',1.50,1.50,2.00,0,'610100CXO',0),(873,'2022-04-20','14:40',13,'城西客运站','乾县客运站',3,3,40,40,22.50,2,2,'60分钟',1,'60公里',1.50,1.50,2.00,0,'610100CXO',0),(874,'2022-04-20','14:50',13,'城西客运站','乾县客运站',3,3,40,40,22.50,2,2,'60分钟',1,'60公里',1.50,1.50,2.00,0,'610100CXO',0),(875,'2022-04-20','15:00',13,'城西客运站','乾县客运站',3,3,40,40,22.50,2,2,'60分钟',1,'60公里',1.50,1.50,2.00,0,'610100CXO',0),(876,'2022-04-20','15:10',13,'城西客运站','乾县客运站',3,3,40,40,22.50,2,2,'60分钟',1,'60公里',1.50,1.50,2.00,0,'610100CXO',0),(877,'2022-04-20','15:20',13,'城西客运站','乾县客运站',3,3,40,40,22.50,2,2,'60分钟',1,'60公里',1.50,1.50,2.00,0,'610100CXO',0),(878,'2022-04-20','15:30',13,'城西客运站','乾县客运站',3,3,40,40,22.50,2,2,'60分钟',1,'60公里',1.50,1.50,2.00,0,'610100CXO',0),(879,'2022-04-20','15:40',13,'城西客运站','乾县客运站',3,3,40,40,22.50,2,2,'60分钟',1,'60公里',1.50,1.50,2.00,0,'610100CXO',0),(880,'2022-04-20','15:50',13,'城西客运站','乾县客运站',3,3,40,40,22.50,2,2,'60分钟',1,'60公里',1.50,1.50,2.00,0,'610100CXO',0),(881,'2022-04-20','16:00',13,'城西客运站','乾县客运站',3,3,40,40,22.50,2,2,'60分钟',1,'60公里',1.50,1.50,2.00,0,'610100CXO',0),(882,'2022-04-20','16:10',13,'城西客运站','乾县客运站',3,3,40,40,22.50,2,2,'60分钟',1,'60公里',1.50,1.50,2.00,0,'610100CXO',0),(883,'2022-04-20','16:20',13,'城西客运站','乾县客运站',3,3,40,40,22.50,2,2,'60分钟',1,'60公里',1.50,1.50,2.00,0,'610100CXO',0),(884,'2022-04-20','16:30',13,'城西客运站','乾县客运站',3,3,40,40,22.50,2,2,'60分钟',1,'60公里',1.50,1.50,2.00,0,'610100CXO',0),(885,'2022-04-20','16:40',13,'城西客运站','乾县客运站',3,3,40,40,22.50,2,2,'60分钟',1,'60公里',1.50,1.50,2.00,0,'610100CXO',0),(886,'2022-04-20','16:50',13,'城西客运站','乾县客运站',3,3,40,40,22.50,2,2,'60分钟',1,'60公里',1.50,1.50,2.00,0,'610100CXO',0),(887,'2022-04-20','17:00',13,'城西客运站','乾县客运站',3,3,40,40,22.50,2,2,'60分钟',1,'60公里',1.50,1.50,2.00,0,'610100CXO',0),(888,'2022-04-20','17:10',13,'城西客运站','乾县客运站',3,3,40,40,22.50,2,2,'60分钟',1,'60公里',1.50,1.50,2.00,0,'610100CXO',0),(889,'2022-04-20','17:20',13,'城西客运站','乾县客运站',3,3,40,40,22.50,2,2,'60分钟',1,'60公里',1.50,1.50,2.00,0,'610100CXO',0),(890,'2022-04-20','17:30',13,'城西客运站','乾县客运站',3,3,40,40,22.50,2,2,'60分钟',1,'60公里',1.50,1.50,2.00,0,'610100CXO',0),(891,'2022-04-20','17:40',13,'城西客运站','乾县客运站',3,3,40,40,22.50,2,2,'60分钟',1,'60公里',1.50,1.50,2.00,0,'610100CXO',0),(892,'2022-04-20','17:50',13,'城西客运站','乾县客运站',3,3,40,40,22.50,2,2,'60分钟',1,'60公里',1.50,1.50,2.00,0,'610100CXO',0),(893,'2022-04-20','16:00前',15,'城西客运站','永寿汽车站',3,3,9999,9999,31.00,1,1,'45分钟',1,'70公里',1.50,1.50,2.00,0,'610100CXO',0),(894,'2022-04-20','12:25',15,'城西客运站','永寿汽车站',3,3,40,40,26.50,2,2,'65分钟',1,'80公里',1.50,1.50,2.00,0,'610100CXO',0),(895,'2022-04-20','16:00前',17,'城西客运站','淳化汽车站',3,3,9999,9999,28.00,1,1,'60分钟',1,'75公里',1.50,1.50,2.00,0,'610100CXO',0),(896,'2022-04-20','16:00前',19,'城西客运站','彬县汽车站',3,3,9999,9999,46.80,1,1,'120分钟',1,'180公里',1.50,2.00,2.00,0,'610100CXO',0),(897,'2022-04-21','19:50前',2,'兴平市客运站','城西客运站',3,3,9999,9999,15.00,1,1,'45分钟',1,'60公里',1.50,1.50,2.00,0,'610100CXO',0),(898,'2022-04-21','19:50前',1,'城西客运站','兴平市客运站',3,3,9999,9999,15.00,1,1,'45分钟',1,'60公里',1.50,1.50,2.00,0,'610100XPO',0),(899,'2022-04-21','18:40前',3,'城西客运站','武功镇',3,3,9999,9999,28.50,1,1,'79分钟',1,'107公里',1.50,2.00,2.00,0,'610100CXO',0),(900,'2022-04-21','19:30前',3,'城西客运站','武功县客运站',3,3,9999,9999,22.90,1,1,'70分钟',1,'99公里',1.50,2.00,2.00,0,'610100CXO',0),(901,'2022-04-21','18:40前',4,'武功镇','城西客运站',3,3,9999,9999,28.50,1,1,'79分钟',1,'107公里',1.50,2.00,2.00,0,'610100WGO',0),(902,'2022-04-21','19:30前',4,'武功县客运站','城西客运站',3,3,9999,9999,22.90,1,1,'70分钟',1,'99公里',1.50,2.00,2.00,0,'610100WGO',0),(903,'2022-04-21','19:00前',5,'城西客运站','礼泉汽车站',3,3,9999,9999,22.20,1,1,'65分钟',1,'95公里',1.50,1.50,2.00,0,'610100CXO',0),(904,'2022-04-21','19:00前',6,'礼泉汽车站','城西客运站',3,3,9999,9999,22.20,1,1,'65分钟',1,'95公里',1.50,1.50,2.00,0,'610100LQO',0),(905,'2022-04-21','16:30前',7,'城西客运站','旬邑汽车站',3,3,9999,9999,50.80,1,1,'120分钟',1,'140公里',1.50,2.00,2.00,0,'610100CXO',0),(906,'2022-04-21','16:30前',8,'旬邑汽车站','城西客运站',3,3,9999,9999,50.80,1,1,'120分钟',1,'140公里',1.50,2.00,2.00,0,'610100XYO',0),(907,'2022-04-21','11:50',9,'城西客运站','杨凌交通枢纽',3,3,40,40,26.00,2,1,'100分钟',1,'130公里',1.50,1.50,2.00,0,'610100CXO',0),(908,'2022-04-21','11:50',10,'杨凌交通枢纽','城西客运站',3,3,40,40,26.00,2,1,'100分钟',1,'130公里',1.50,1.50,2.00,0,'610100YLO',0),(909,'2022-04-21','12:15',9,'城西客运站','杨凌交通枢纽',3,3,40,40,26.00,2,1,'100分钟',1,'130公里',1.50,1.50,2.00,0,'610100CXO',0),(910,'2022-04-21','13:15',9,'城西客运站','杨凌交通枢纽',3,3,40,40,26.00,2,1,'100分钟',1,'130公里',1.50,1.50,2.00,0,'610100CXO',0),(911,'2022-04-21','14:15',9,'城西客运站','杨凌交通枢纽',3,3,40,40,26.00,2,1,'100分钟',1,'130公里',1.50,1.50,2.00,0,'610100CXO',0),(912,'2022-04-21','15:15',9,'城西客运站','杨凌交通枢纽',3,3,40,40,26.00,2,1,'100分钟',1,'130公里',1.50,1.50,2.00,0,'610100CXO',0),(913,'2022-04-21','16:15',9,'城西客运站','杨凌交通枢纽',3,3,40,40,26.00,2,1,'100分钟',1,'130公里',1.50,1.50,2.00,0,'610100CXO',0),(914,'2022-04-21','17:15',9,'城西客运站','杨凌交通枢纽',3,3,40,40,26.00,2,1,'100分钟',1,'130公里',1.50,1.50,2.00,0,'610100CXO',0),(915,'2022-04-21','18:15',9,'城西客运站','杨凌交通枢纽',3,3,40,40,26.00,2,1,'100分钟',1,'130公里',1.50,1.50,2.00,0,'610100CXO',0),(916,'2022-04-21','17:00前',13,'城西客运站','乾县客运站',3,3,9999,9999,26.10,1,1,'40分钟',1,'60公里',1.50,1.50,2.00,0,'610100CXO',0),(917,'2022-04-21','12:30',13,'城西客运站','乾县客运站',3,3,40,40,22.50,2,2,'60分钟',1,'60公里',1.50,1.50,2.00,0,'610100CXO',0),(918,'2022-04-21','12:50',13,'城西客运站','乾县客运站',3,3,40,40,22.50,2,2,'60分钟',1,'60公里',1.50,1.50,2.00,0,'610100CXO',0),(919,'2022-04-21','13:00',13,'城西客运站','乾县客运站',3,3,40,40,22.50,2,2,'60分钟',1,'60公里',1.50,1.50,2.00,0,'610100CXO',0),(920,'2022-04-21','13:10',13,'城西客运站','乾县客运站',3,3,40,40,22.50,2,2,'60分钟',1,'60公里',1.50,1.50,2.00,0,'610100CXO',0),(921,'2022-04-21','13:20',13,'城西客运站','乾县客运站',3,3,40,40,22.50,2,2,'60分钟',1,'60公里',1.50,1.50,2.00,0,'610100CXO',0),(922,'2022-04-21','13:30',13,'城西客运站','乾县客运站',3,3,40,40,22.50,2,2,'60分钟',1,'60公里',1.50,1.50,2.00,0,'610100CXO',0),(923,'2022-04-21','13:40',13,'城西客运站','乾县客运站',3,3,40,40,22.50,2,2,'60分钟',1,'60公里',1.50,1.50,2.00,0,'610100CXO',0),(924,'2022-04-21','13:50',13,'城西客运站','乾县客运站',3,3,40,40,22.50,2,2,'60分钟',1,'60公里',1.50,1.50,2.00,0,'610100CXO',0),(925,'2022-04-21','14:00',13,'城西客运站','乾县客运站',3,3,40,40,22.50,2,2,'60分钟',1,'60公里',1.50,1.50,2.00,0,'610100CXO',0),(926,'2022-04-21','14:10',13,'城西客运站','乾县客运站',3,3,40,40,22.50,2,2,'60分钟',1,'60公里',1.50,1.50,2.00,0,'610100CXO',0),(927,'2022-04-21','14:20',13,'城西客运站','乾县客运站',3,3,40,40,22.50,2,2,'60分钟',1,'60公里',1.50,1.50,2.00,0,'610100CXO',0),(928,'2022-04-21','14:30',13,'城西客运站','乾县客运站',3,3,40,40,22.50,2,2,'60分钟',1,'60公里',1.50,1.50,2.00,0,'610100CXO',0),(929,'2022-04-21','14:40',13,'城西客运站','乾县客运站',3,3,40,40,22.50,2,2,'60分钟',1,'60公里',1.50,1.50,2.00,0,'610100CXO',0),(930,'2022-04-21','14:50',13,'城西客运站','乾县客运站',3,3,40,40,22.50,2,2,'60分钟',1,'60公里',1.50,1.50,2.00,0,'610100CXO',0),(931,'2022-04-21','15:00',13,'城西客运站','乾县客运站',3,3,40,40,22.50,2,2,'60分钟',1,'60公里',1.50,1.50,2.00,0,'610100CXO',0),(932,'2022-04-21','15:10',13,'城西客运站','乾县客运站',3,3,40,40,22.50,2,2,'60分钟',1,'60公里',1.50,1.50,2.00,0,'610100CXO',0),(933,'2022-04-21','15:20',13,'城西客运站','乾县客运站',3,3,40,40,22.50,2,2,'60分钟',1,'60公里',1.50,1.50,2.00,0,'610100CXO',0),(934,'2022-04-21','15:30',13,'城西客运站','乾县客运站',3,3,40,40,22.50,2,2,'60分钟',1,'60公里',1.50,1.50,2.00,0,'610100CXO',0),(935,'2022-04-21','15:40',13,'城西客运站','乾县客运站',3,3,40,40,22.50,2,2,'60分钟',1,'60公里',1.50,1.50,2.00,0,'610100CXO',0),(936,'2022-04-21','15:50',13,'城西客运站','乾县客运站',3,3,40,40,22.50,2,2,'60分钟',1,'60公里',1.50,1.50,2.00,0,'610100CXO',0),(937,'2022-04-21','16:00',13,'城西客运站','乾县客运站',3,3,40,40,22.50,2,2,'60分钟',1,'60公里',1.50,1.50,2.00,0,'610100CXO',0),(938,'2022-04-21','16:10',13,'城西客运站','乾县客运站',3,3,40,40,22.50,2,2,'60分钟',1,'60公里',1.50,1.50,2.00,0,'610100CXO',0),(939,'2022-04-21','16:20',13,'城西客运站','乾县客运站',3,3,40,40,22.50,2,2,'60分钟',1,'60公里',1.50,1.50,2.00,0,'610100CXO',0),(940,'2022-04-21','16:30',13,'城西客运站','乾县客运站',3,3,40,40,22.50,2,2,'60分钟',1,'60公里',1.50,1.50,2.00,0,'610100CXO',0),(941,'2022-04-21','16:40',13,'城西客运站','乾县客运站',3,3,40,40,22.50,2,2,'60分钟',1,'60公里',1.50,1.50,2.00,0,'610100CXO',0),(942,'2022-04-21','16:50',13,'城西客运站','乾县客运站',3,3,40,40,22.50,2,2,'60分钟',1,'60公里',1.50,1.50,2.00,0,'610100CXO',0),(943,'2022-04-21','17:00',13,'城西客运站','乾县客运站',3,3,40,40,22.50,2,2,'60分钟',1,'60公里',1.50,1.50,2.00,0,'610100CXO',0),(944,'2022-04-21','17:10',13,'城西客运站','乾县客运站',3,3,40,40,22.50,2,2,'60分钟',1,'60公里',1.50,1.50,2.00,0,'610100CXO',0),(945,'2022-04-21','17:20',13,'城西客运站','乾县客运站',3,3,40,40,22.50,2,2,'60分钟',1,'60公里',1.50,1.50,2.00,0,'610100CXO',0),(946,'2022-04-21','17:30',13,'城西客运站','乾县客运站',3,3,40,40,22.50,2,2,'60分钟',1,'60公里',1.50,1.50,2.00,0,'610100CXO',0),(947,'2022-04-21','17:40',13,'城西客运站','乾县客运站',3,3,40,40,22.50,2,2,'60分钟',1,'60公里',1.50,1.50,2.00,0,'610100CXO',0),(948,'2022-04-21','17:50',13,'城西客运站','乾县客运站',3,3,40,40,22.50,2,2,'60分钟',1,'60公里',1.50,1.50,2.00,0,'610100CXO',0),(949,'2022-04-21','16:00前',15,'城西客运站','永寿汽车站',3,3,9999,9999,31.00,1,1,'45分钟',1,'70公里',1.50,1.50,2.00,0,'610100CXO',0),(950,'2022-04-21','12:25',15,'城西客运站','永寿汽车站',3,3,40,40,26.50,2,2,'65分钟',1,'80公里',1.50,1.50,2.00,0,'610100CXO',0),(951,'2022-04-21','16:00前',17,'城西客运站','淳化汽车站',3,3,9999,9999,28.00,1,1,'60分钟',1,'75公里',1.50,1.50,2.00,0,'610100CXO',0),(952,'2022-04-21','16:00前',19,'城西客运站','彬县汽车站',3,3,9999,9999,46.80,1,1,'120分钟',1,'180公里',1.50,2.00,2.00,0,'610100CXO',0),(953,'2022-04-22','19:50前',2,'兴平市客运站','城西客运站',3,3,9999,9999,15.00,1,1,'45分钟',1,'60公里',1.50,1.50,2.00,0,'610100CXO',0),(954,'2022-04-22','19:50前',1,'城西客运站','兴平市客运站',3,3,9999,9999,15.00,1,1,'45分钟',1,'60公里',1.50,1.50,2.00,0,'610100XPO',0),(955,'2022-04-22','18:40前',3,'城西客运站','武功镇',3,3,9999,9999,28.50,1,1,'79分钟',1,'107公里',1.50,2.00,2.00,0,'610100CXO',0),(956,'2022-04-22','19:30前',3,'城西客运站','武功县客运站',3,3,9999,9999,22.90,1,1,'70分钟',1,'99公里',1.50,2.00,2.00,0,'610100CXO',0),(957,'2022-04-22','18:40前',4,'武功镇','城西客运站',3,3,9999,9999,28.50,1,1,'79分钟',1,'107公里',1.50,2.00,2.00,0,'610100WGO',0),(958,'2022-04-22','19:30前',4,'武功县客运站','城西客运站',3,3,9999,9999,22.90,1,1,'70分钟',1,'99公里',1.50,2.00,2.00,0,'610100WGO',0),(959,'2022-04-22','19:00前',5,'城西客运站','礼泉汽车站',3,3,9999,9999,22.20,1,1,'65分钟',1,'95公里',1.50,1.50,2.00,0,'610100CXO',0),(960,'2022-04-22','19:00前',6,'礼泉汽车站','城西客运站',3,3,9999,9999,22.20,1,1,'65分钟',1,'95公里',1.50,1.50,2.00,0,'610100LQO',0),(961,'2022-04-22','16:30前',7,'城西客运站','旬邑汽车站',3,3,9999,9999,50.80,1,1,'120分钟',1,'140公里',1.50,2.00,2.00,0,'610100CXO',0),(962,'2022-04-22','16:30前',8,'旬邑汽车站','城西客运站',3,3,9999,9999,50.80,1,1,'120分钟',1,'140公里',1.50,2.00,2.00,0,'610100XYO',0),(963,'2022-04-22','11:50',9,'城西客运站','杨凌交通枢纽',3,3,40,40,26.00,2,1,'100分钟',1,'130公里',1.50,1.50,2.00,0,'610100CXO',0),(964,'2022-04-22','11:50',10,'杨凌交通枢纽','城西客运站',3,3,40,40,26.00,2,1,'100分钟',1,'130公里',1.50,1.50,2.00,0,'610100YLO',0),(965,'2022-04-22','12:15',9,'城西客运站','杨凌交通枢纽',3,3,40,40,26.00,2,1,'100分钟',1,'130公里',1.50,1.50,2.00,0,'610100CXO',0),(966,'2022-04-22','13:15',9,'城西客运站','杨凌交通枢纽',3,3,40,40,26.00,2,1,'100分钟',1,'130公里',1.50,1.50,2.00,0,'610100CXO',0),(967,'2022-04-22','14:15',9,'城西客运站','杨凌交通枢纽',3,3,40,40,26.00,2,1,'100分钟',1,'130公里',1.50,1.50,2.00,0,'610100CXO',0),(968,'2022-04-22','15:15',9,'城西客运站','杨凌交通枢纽',3,3,40,40,26.00,2,1,'100分钟',1,'130公里',1.50,1.50,2.00,0,'610100CXO',0),(969,'2022-04-22','16:15',9,'城西客运站','杨凌交通枢纽',3,3,40,40,26.00,2,1,'100分钟',1,'130公里',1.50,1.50,2.00,0,'610100CXO',0),(970,'2022-04-22','17:15',9,'城西客运站','杨凌交通枢纽',3,3,40,40,26.00,2,1,'100分钟',1,'130公里',1.50,1.50,2.00,0,'610100CXO',0),(971,'2022-04-22','18:15',9,'城西客运站','杨凌交通枢纽',3,3,40,40,26.00,2,1,'100分钟',1,'130公里',1.50,1.50,2.00,0,'610100CXO',0),(972,'2022-04-22','17:00前',13,'城西客运站','乾县客运站',3,3,9999,9999,26.10,1,1,'40分钟',1,'60公里',1.50,1.50,2.00,0,'610100CXO',0),(973,'2022-04-22','12:30',13,'城西客运站','乾县客运站',3,3,40,40,22.50,2,2,'60分钟',1,'60公里',1.50,1.50,2.00,0,'610100CXO',0),(974,'2022-04-22','12:50',13,'城西客运站','乾县客运站',3,3,40,40,22.50,2,2,'60分钟',1,'60公里',1.50,1.50,2.00,0,'610100CXO',0),(975,'2022-04-22','13:00',13,'城西客运站','乾县客运站',3,3,40,40,22.50,2,2,'60分钟',1,'60公里',1.50,1.50,2.00,0,'610100CXO',0),(976,'2022-04-22','13:10',13,'城西客运站','乾县客运站',3,3,40,40,22.50,2,2,'60分钟',1,'60公里',1.50,1.50,2.00,0,'610100CXO',0),(977,'2022-04-22','13:20',13,'城西客运站','乾县客运站',3,3,40,40,22.50,2,2,'60分钟',1,'60公里',1.50,1.50,2.00,0,'610100CXO',0),(978,'2022-04-22','13:30',13,'城西客运站','乾县客运站',3,3,40,40,22.50,2,2,'60分钟',1,'60公里',1.50,1.50,2.00,0,'610100CXO',0),(979,'2022-04-22','13:40',13,'城西客运站','乾县客运站',3,3,40,40,22.50,2,2,'60分钟',1,'60公里',1.50,1.50,2.00,0,'610100CXO',0),(980,'2022-04-22','13:50',13,'城西客运站','乾县客运站',3,3,40,40,22.50,2,2,'60分钟',1,'60公里',1.50,1.50,2.00,0,'610100CXO',0),(981,'2022-04-22','14:00',13,'城西客运站','乾县客运站',3,3,40,40,22.50,2,2,'60分钟',1,'60公里',1.50,1.50,2.00,0,'610100CXO',0),(982,'2022-04-22','14:10',13,'城西客运站','乾县客运站',3,3,40,40,22.50,2,2,'60分钟',1,'60公里',1.50,1.50,2.00,0,'610100CXO',0),(983,'2022-04-22','14:20',13,'城西客运站','乾县客运站',3,3,40,40,22.50,2,2,'60分钟',1,'60公里',1.50,1.50,2.00,0,'610100CXO',0),(984,'2022-04-22','14:30',13,'城西客运站','乾县客运站',3,3,40,40,22.50,2,2,'60分钟',1,'60公里',1.50,1.50,2.00,0,'610100CXO',0),(985,'2022-04-22','14:40',13,'城西客运站','乾县客运站',3,3,40,40,22.50,2,2,'60分钟',1,'60公里',1.50,1.50,2.00,0,'610100CXO',0),(986,'2022-04-22','14:50',13,'城西客运站','乾县客运站',3,3,40,40,22.50,2,2,'60分钟',1,'60公里',1.50,1.50,2.00,0,'610100CXO',0),(987,'2022-04-22','15:00',13,'城西客运站','乾县客运站',3,3,40,40,22.50,2,2,'60分钟',1,'60公里',1.50,1.50,2.00,0,'610100CXO',0),(988,'2022-04-22','15:10',13,'城西客运站','乾县客运站',3,3,40,40,22.50,2,2,'60分钟',1,'60公里',1.50,1.50,2.00,0,'610100CXO',0),(989,'2022-04-22','15:20',13,'城西客运站','乾县客运站',3,3,40,40,22.50,2,2,'60分钟',1,'60公里',1.50,1.50,2.00,0,'610100CXO',0),(990,'2022-04-22','15:30',13,'城西客运站','乾县客运站',3,3,40,40,22.50,2,2,'60分钟',1,'60公里',1.50,1.50,2.00,0,'610100CXO',0),(991,'2022-04-22','15:40',13,'城西客运站','乾县客运站',3,3,40,40,22.50,2,2,'60分钟',1,'60公里',1.50,1.50,2.00,0,'610100CXO',0),(992,'2022-04-22','15:50',13,'城西客运站','乾县客运站',3,3,40,40,22.50,2,2,'60分钟',1,'60公里',1.50,1.50,2.00,0,'610100CXO',0),(993,'2022-04-22','16:00',13,'城西客运站','乾县客运站',3,3,40,40,22.50,2,2,'60分钟',1,'60公里',1.50,1.50,2.00,0,'610100CXO',0),(994,'2022-04-22','16:10',13,'城西客运站','乾县客运站',3,3,40,40,22.50,2,2,'60分钟',1,'60公里',1.50,1.50,2.00,0,'610100CXO',0),(995,'2022-04-22','16:20',13,'城西客运站','乾县客运站',3,3,40,40,22.50,2,2,'60分钟',1,'60公里',1.50,1.50,2.00,0,'610100CXO',0),(996,'2022-04-22','16:30',13,'城西客运站','乾县客运站',3,3,40,40,22.50,2,2,'60分钟',1,'60公里',1.50,1.50,2.00,0,'610100CXO',0),(997,'2022-04-22','16:40',13,'城西客运站','乾县客运站',3,3,40,40,22.50,2,2,'60分钟',1,'60公里',1.50,1.50,2.00,0,'610100CXO',0),(998,'2022-04-22','16:50',13,'城西客运站','乾县客运站',3,3,40,40,22.50,2,2,'60分钟',1,'60公里',1.50,1.50,2.00,0,'610100CXO',0),(999,'2022-04-22','17:00',13,'城西客运站','乾县客运站',3,3,40,40,22.50,2,2,'60分钟',1,'60公里',1.50,1.50,2.00,0,'610100CXO',0),(1000,'2022-04-22','17:10',13,'城西客运站','乾县客运站',3,3,40,40,22.50,2,2,'60分钟',1,'60公里',1.50,1.50,2.00,0,'610100CXO',0),(1001,'2022-04-22','17:20',13,'城西客运站','乾县客运站',3,3,40,40,22.50,2,2,'60分钟',1,'60公里',1.50,1.50,2.00,0,'610100CXO',0),(1002,'2022-04-22','17:30',13,'城西客运站','乾县客运站',3,3,40,40,22.50,2,2,'60分钟',1,'60公里',1.50,1.50,2.00,0,'610100CXO',0),(1003,'2022-04-22','17:40',13,'城西客运站','乾县客运站',3,3,40,40,22.50,2,2,'60分钟',1,'60公里',1.50,1.50,2.00,0,'610100CXO',0),(1004,'2022-04-22','17:50',13,'城西客运站','乾县客运站',3,3,40,40,22.50,2,2,'60分钟',1,'60公里',1.50,1.50,2.00,0,'610100CXO',0),(1005,'2022-04-22','16:00前',15,'城西客运站','永寿汽车站',3,3,9999,9999,31.00,1,1,'45分钟',1,'70公里',1.50,1.50,2.00,0,'610100CXO',0),(1006,'2022-04-22','12:25',15,'城西客运站','永寿汽车站',3,3,40,40,26.50,2,2,'65分钟',1,'80公里',1.50,1.50,2.00,0,'610100CXO',0),(1007,'2022-04-22','16:00前',17,'城西客运站','淳化汽车站',3,3,9999,9999,28.00,1,1,'60分钟',1,'75公里',1.50,1.50,2.00,0,'610100CXO',0),(1008,'2022-04-22','16:00前',19,'城西客运站','彬县汽车站',3,3,9999,9999,46.80,1,1,'120分钟',1,'180公里',1.50,2.00,2.00,0,'610100CXO',0),(1009,'2022-04-23','19:50前',2,'兴平市客运站','城西客运站',3,3,9999,9999,15.00,1,1,'45分钟',1,'60公里',1.50,1.50,2.00,0,'610100CXO',0),(1010,'2022-04-23','19:50前',1,'城西客运站','兴平市客运站',3,3,9999,9999,15.00,1,1,'45分钟',1,'60公里',1.50,1.50,2.00,0,'610100XPO',0),(1011,'2022-04-23','18:40前',3,'城西客运站','武功镇',3,3,9999,9999,28.50,1,1,'79分钟',1,'107公里',1.50,2.00,2.00,0,'610100CXO',0),(1012,'2022-04-23','19:30前',3,'城西客运站','武功县客运站',3,3,9999,9999,22.90,1,1,'70分钟',1,'99公里',1.50,2.00,2.00,0,'610100CXO',0),(1013,'2022-04-23','18:40前',4,'武功镇','城西客运站',3,3,9999,9999,28.50,1,1,'79分钟',1,'107公里',1.50,2.00,2.00,0,'610100WGO',0),(1014,'2022-04-23','19:30前',4,'武功县客运站','城西客运站',3,3,9999,9999,22.90,1,1,'70分钟',1,'99公里',1.50,2.00,2.00,0,'610100WGO',0),(1015,'2022-04-23','19:00前',5,'城西客运站','礼泉汽车站',3,3,9999,9999,22.20,1,1,'65分钟',1,'95公里',1.50,1.50,2.00,0,'610100CXO',0),(1016,'2022-04-23','19:00前',6,'礼泉汽车站','城西客运站',3,3,9999,9999,22.20,1,1,'65分钟',1,'95公里',1.50,1.50,2.00,0,'610100LQO',0),(1017,'2022-04-23','16:30前',7,'城西客运站','旬邑汽车站',3,3,9999,9999,50.80,1,1,'120分钟',1,'140公里',1.50,2.00,2.00,0,'610100CXO',0),(1018,'2022-04-23','16:30前',8,'旬邑汽车站','城西客运站',3,3,9999,9999,50.80,1,1,'120分钟',1,'140公里',1.50,2.00,2.00,0,'610100XYO',0),(1019,'2022-04-23','11:50',9,'城西客运站','杨凌交通枢纽',3,3,40,40,26.00,2,1,'100分钟',1,'130公里',1.50,1.50,2.00,0,'610100CXO',0),(1020,'2022-04-23','11:50',10,'杨凌交通枢纽','城西客运站',3,3,40,40,26.00,2,1,'100分钟',1,'130公里',1.50,1.50,2.00,0,'610100YLO',0),(1021,'2022-04-23','12:15',9,'城西客运站','杨凌交通枢纽',3,3,40,40,26.00,2,1,'100分钟',1,'130公里',1.50,1.50,2.00,0,'610100CXO',0),(1022,'2022-04-23','13:15',9,'城西客运站','杨凌交通枢纽',3,3,40,40,26.00,2,1,'100分钟',1,'130公里',1.50,1.50,2.00,0,'610100CXO',0),(1023,'2022-04-23','14:15',9,'城西客运站','杨凌交通枢纽',3,3,40,40,26.00,2,1,'100分钟',1,'130公里',1.50,1.50,2.00,0,'610100CXO',0),(1024,'2022-04-23','15:15',9,'城西客运站','杨凌交通枢纽',3,3,40,40,26.00,2,1,'100分钟',1,'130公里',1.50,1.50,2.00,0,'610100CXO',0),(1025,'2022-04-23','16:15',9,'城西客运站','杨凌交通枢纽',3,3,40,40,26.00,2,1,'100分钟',1,'130公里',1.50,1.50,2.00,0,'610100CXO',0),(1026,'2022-04-23','17:15',9,'城西客运站','杨凌交通枢纽',3,3,40,40,26.00,2,1,'100分钟',1,'130公里',1.50,1.50,2.00,0,'610100CXO',0),(1027,'2022-04-23','18:15',9,'城西客运站','杨凌交通枢纽',3,3,40,40,26.00,2,1,'100分钟',1,'130公里',1.50,1.50,2.00,0,'610100CXO',0),(1028,'2022-04-23','17:00前',13,'城西客运站','乾县客运站',3,3,9999,9999,26.10,1,1,'40分钟',1,'60公里',1.50,1.50,2.00,0,'610100CXO',0),(1029,'2022-04-23','12:30',13,'城西客运站','乾县客运站',3,3,40,40,22.50,2,2,'60分钟',1,'60公里',1.50,1.50,2.00,0,'610100CXO',0),(1030,'2022-04-23','12:50',13,'城西客运站','乾县客运站',3,3,40,40,22.50,2,2,'60分钟',1,'60公里',1.50,1.50,2.00,0,'610100CXO',0),(1031,'2022-04-23','13:00',13,'城西客运站','乾县客运站',3,3,40,40,22.50,2,2,'60分钟',1,'60公里',1.50,1.50,2.00,0,'610100CXO',0),(1032,'2022-04-23','13:10',13,'城西客运站','乾县客运站',3,3,40,40,22.50,2,2,'60分钟',1,'60公里',1.50,1.50,2.00,0,'610100CXO',0),(1033,'2022-04-23','13:20',13,'城西客运站','乾县客运站',3,3,40,40,22.50,2,2,'60分钟',1,'60公里',1.50,1.50,2.00,0,'610100CXO',0),(1034,'2022-04-23','13:30',13,'城西客运站','乾县客运站',3,3,40,40,22.50,2,2,'60分钟',1,'60公里',1.50,1.50,2.00,0,'610100CXO',0),(1035,'2022-04-23','13:40',13,'城西客运站','乾县客运站',3,3,40,40,22.50,2,2,'60分钟',1,'60公里',1.50,1.50,2.00,0,'610100CXO',0),(1036,'2022-04-23','13:50',13,'城西客运站','乾县客运站',3,3,40,40,22.50,2,2,'60分钟',1,'60公里',1.50,1.50,2.00,0,'610100CXO',0),(1037,'2022-04-23','14:00',13,'城西客运站','乾县客运站',3,3,40,40,22.50,2,2,'60分钟',1,'60公里',1.50,1.50,2.00,0,'610100CXO',0),(1038,'2022-04-23','14:10',13,'城西客运站','乾县客运站',3,3,40,40,22.50,2,2,'60分钟',1,'60公里',1.50,1.50,2.00,0,'610100CXO',0),(1039,'2022-04-23','14:20',13,'城西客运站','乾县客运站',3,3,40,40,22.50,2,2,'60分钟',1,'60公里',1.50,1.50,2.00,0,'610100CXO',0),(1040,'2022-04-23','14:30',13,'城西客运站','乾县客运站',3,3,40,40,22.50,2,2,'60分钟',1,'60公里',1.50,1.50,2.00,0,'610100CXO',0),(1041,'2022-04-23','14:40',13,'城西客运站','乾县客运站',3,3,40,40,22.50,2,2,'60分钟',1,'60公里',1.50,1.50,2.00,0,'610100CXO',0),(1042,'2022-04-23','14:50',13,'城西客运站','乾县客运站',3,3,40,40,22.50,2,2,'60分钟',1,'60公里',1.50,1.50,2.00,0,'610100CXO',0),(1043,'2022-04-23','15:00',13,'城西客运站','乾县客运站',3,3,40,40,22.50,2,2,'60分钟',1,'60公里',1.50,1.50,2.00,0,'610100CXO',0),(1044,'2022-04-23','15:10',13,'城西客运站','乾县客运站',3,3,40,40,22.50,2,2,'60分钟',1,'60公里',1.50,1.50,2.00,0,'610100CXO',0),(1045,'2022-04-23','15:20',13,'城西客运站','乾县客运站',3,3,40,40,22.50,2,2,'60分钟',1,'60公里',1.50,1.50,2.00,0,'610100CXO',0),(1046,'2022-04-23','15:30',13,'城西客运站','乾县客运站',3,3,40,40,22.50,2,2,'60分钟',1,'60公里',1.50,1.50,2.00,0,'610100CXO',0),(1047,'2022-04-23','15:40',13,'城西客运站','乾县客运站',3,3,40,40,22.50,2,2,'60分钟',1,'60公里',1.50,1.50,2.00,0,'610100CXO',0),(1048,'2022-04-23','15:50',13,'城西客运站','乾县客运站',3,3,40,40,22.50,2,2,'60分钟',1,'60公里',1.50,1.50,2.00,0,'610100CXO',0),(1049,'2022-04-23','16:00',13,'城西客运站','乾县客运站',3,3,40,40,22.50,2,2,'60分钟',1,'60公里',1.50,1.50,2.00,0,'610100CXO',0),(1050,'2022-04-23','16:10',13,'城西客运站','乾县客运站',3,3,40,40,22.50,2,2,'60分钟',1,'60公里',1.50,1.50,2.00,0,'610100CXO',0),(1051,'2022-04-23','16:20',13,'城西客运站','乾县客运站',3,3,40,40,22.50,2,2,'60分钟',1,'60公里',1.50,1.50,2.00,0,'610100CXO',0),(1052,'2022-04-23','16:30',13,'城西客运站','乾县客运站',3,3,40,40,22.50,2,2,'60分钟',1,'60公里',1.50,1.50,2.00,0,'610100CXO',0),(1053,'2022-04-23','16:40',13,'城西客运站','乾县客运站',3,3,40,40,22.50,2,2,'60分钟',1,'60公里',1.50,1.50,2.00,0,'610100CXO',0),(1054,'2022-04-23','16:50',13,'城西客运站','乾县客运站',3,3,40,40,22.50,2,2,'60分钟',1,'60公里',1.50,1.50,2.00,0,'610100CXO',0),(1055,'2022-04-23','17:00',13,'城西客运站','乾县客运站',3,3,40,40,22.50,2,2,'60分钟',1,'60公里',1.50,1.50,2.00,0,'610100CXO',0),(1056,'2022-04-23','17:10',13,'城西客运站','乾县客运站',3,3,40,40,22.50,2,2,'60分钟',1,'60公里',1.50,1.50,2.00,0,'610100CXO',0),(1057,'2022-04-23','17:20',13,'城西客运站','乾县客运站',3,3,40,40,22.50,2,2,'60分钟',1,'60公里',1.50,1.50,2.00,0,'610100CXO',0),(1058,'2022-04-23','17:30',13,'城西客运站','乾县客运站',3,3,40,40,22.50,2,2,'60分钟',1,'60公里',1.50,1.50,2.00,0,'610100CXO',0),(1059,'2022-04-23','17:40',13,'城西客运站','乾县客运站',3,3,40,40,22.50,2,2,'60分钟',1,'60公里',1.50,1.50,2.00,0,'610100CXO',0),(1060,'2022-04-23','17:50',13,'城西客运站','乾县客运站',3,3,40,40,22.50,2,2,'60分钟',1,'60公里',1.50,1.50,2.00,0,'610100CXO',0),(1061,'2022-04-23','16:00前',15,'城西客运站','永寿汽车站',3,3,9999,9999,31.00,1,1,'45分钟',1,'70公里',1.50,1.50,2.00,0,'610100CXO',0),(1062,'2022-04-23','12:25',15,'城西客运站','永寿汽车站',3,3,40,40,26.50,2,2,'65分钟',1,'80公里',1.50,1.50,2.00,0,'610100CXO',0),(1063,'2022-04-23','16:00前',17,'城西客运站','淳化汽车站',3,3,9999,9999,28.00,1,1,'60分钟',1,'75公里',1.50,1.50,2.00,0,'610100CXO',0),(1064,'2022-04-23','16:00前',19,'城西客运站','彬县汽车站',3,3,9999,9999,46.80,1,1,'120分钟',1,'180公里',1.50,2.00,2.00,0,'610100CXO',0),(1065,'2022-04-24','19:50前',2,'兴平市客运站','城西客运站',3,3,9999,9999,15.00,1,1,'45分钟',1,'60公里',1.50,1.50,2.00,0,'610100CXO',0),(1066,'2022-04-24','19:50前',1,'城西客运站','兴平市客运站',3,3,9999,9999,15.00,1,1,'45分钟',1,'60公里',1.50,1.50,2.00,0,'610100XPO',0),(1067,'2022-04-24','18:40前',3,'城西客运站','武功镇',3,3,9999,9999,28.50,1,1,'79分钟',1,'107公里',1.50,2.00,2.00,0,'610100CXO',0),(1068,'2022-04-24','19:30前',3,'城西客运站','武功县客运站',3,3,9999,9999,22.90,1,1,'70分钟',1,'99公里',1.50,2.00,2.00,0,'610100CXO',0),(1069,'2022-04-24','18:40前',4,'武功镇','城西客运站',3,3,9999,9999,28.50,1,1,'79分钟',1,'107公里',1.50,2.00,2.00,0,'610100WGO',0),(1070,'2022-04-24','19:30前',4,'武功县客运站','城西客运站',3,3,9999,9999,22.90,1,1,'70分钟',1,'99公里',1.50,2.00,2.00,0,'610100WGO',0),(1071,'2022-04-24','19:00前',5,'城西客运站','礼泉汽车站',3,3,9999,9999,22.20,1,1,'65分钟',1,'95公里',1.50,1.50,2.00,0,'610100CXO',0),(1072,'2022-04-24','19:00前',6,'礼泉汽车站','城西客运站',3,3,9999,9999,22.20,1,1,'65分钟',1,'95公里',1.50,1.50,2.00,0,'610100LQO',0),(1073,'2022-04-24','16:30前',7,'城西客运站','旬邑汽车站',3,3,9999,9999,50.80,1,1,'120分钟',1,'140公里',1.50,2.00,2.00,0,'610100CXO',0),(1074,'2022-04-24','16:30前',8,'旬邑汽车站','城西客运站',3,3,9999,9999,50.80,1,1,'120分钟',1,'140公里',1.50,2.00,2.00,0,'610100XYO',0),(1075,'2022-04-24','11:50',9,'城西客运站','杨凌交通枢纽',3,3,40,40,26.00,2,1,'100分钟',1,'130公里',1.50,1.50,2.00,0,'610100CXO',0),(1076,'2022-04-24','11:50',10,'杨凌交通枢纽','城西客运站',3,3,40,40,26.00,2,1,'100分钟',1,'130公里',1.50,1.50,2.00,0,'610100YLO',0),(1077,'2022-04-24','12:15',9,'城西客运站','杨凌交通枢纽',3,3,40,40,26.00,2,1,'100分钟',1,'130公里',1.50,1.50,2.00,0,'610100CXO',0),(1078,'2022-04-24','13:15',9,'城西客运站','杨凌交通枢纽',3,3,40,40,26.00,2,1,'100分钟',1,'130公里',1.50,1.50,2.00,0,'610100CXO',0),(1079,'2022-04-24','14:15',9,'城西客运站','杨凌交通枢纽',3,3,40,40,26.00,2,1,'100分钟',1,'130公里',1.50,1.50,2.00,0,'610100CXO',0),(1080,'2022-04-24','15:15',9,'城西客运站','杨凌交通枢纽',3,3,40,40,26.00,2,1,'100分钟',1,'130公里',1.50,1.50,2.00,0,'610100CXO',0),(1081,'2022-04-24','16:15',9,'城西客运站','杨凌交通枢纽',3,3,40,40,26.00,2,1,'100分钟',1,'130公里',1.50,1.50,2.00,0,'610100CXO',0),(1082,'2022-04-24','17:15',9,'城西客运站','杨凌交通枢纽',3,3,40,40,26.00,2,1,'100分钟',1,'130公里',1.50,1.50,2.00,0,'610100CXO',0),(1083,'2022-04-24','18:15',9,'城西客运站','杨凌交通枢纽',3,3,40,40,26.00,2,1,'100分钟',1,'130公里',1.50,1.50,2.00,0,'610100CXO',0),(1084,'2022-04-24','17:00前',13,'城西客运站','乾县客运站',3,3,9999,9999,26.10,1,1,'40分钟',1,'60公里',1.50,1.50,2.00,0,'610100CXO',0),(1085,'2022-04-24','12:30',13,'城西客运站','乾县客运站',3,3,40,40,22.50,2,2,'60分钟',1,'60公里',1.50,1.50,2.00,0,'610100CXO',0),(1086,'2022-04-24','12:50',13,'城西客运站','乾县客运站',3,3,40,40,22.50,2,2,'60分钟',1,'60公里',1.50,1.50,2.00,0,'610100CXO',0),(1087,'2022-04-24','13:00',13,'城西客运站','乾县客运站',3,3,40,40,22.50,2,2,'60分钟',1,'60公里',1.50,1.50,2.00,0,'610100CXO',0),(1088,'2022-04-24','13:10',13,'城西客运站','乾县客运站',3,3,40,40,22.50,2,2,'60分钟',1,'60公里',1.50,1.50,2.00,0,'610100CXO',0),(1089,'2022-04-24','13:20',13,'城西客运站','乾县客运站',3,3,40,40,22.50,2,2,'60分钟',1,'60公里',1.50,1.50,2.00,0,'610100CXO',0),(1090,'2022-04-24','13:30',13,'城西客运站','乾县客运站',3,3,40,40,22.50,2,2,'60分钟',1,'60公里',1.50,1.50,2.00,0,'610100CXO',0),(1091,'2022-04-24','13:40',13,'城西客运站','乾县客运站',3,3,40,40,22.50,2,2,'60分钟',1,'60公里',1.50,1.50,2.00,0,'610100CXO',0),(1092,'2022-04-24','13:50',13,'城西客运站','乾县客运站',3,3,40,40,22.50,2,2,'60分钟',1,'60公里',1.50,1.50,2.00,0,'610100CXO',0),(1093,'2022-04-24','14:00',13,'城西客运站','乾县客运站',3,3,40,40,22.50,2,2,'60分钟',1,'60公里',1.50,1.50,2.00,0,'610100CXO',0),(1094,'2022-04-24','14:10',13,'城西客运站','乾县客运站',3,3,40,40,22.50,2,2,'60分钟',1,'60公里',1.50,1.50,2.00,0,'610100CXO',0),(1095,'2022-04-24','14:20',13,'城西客运站','乾县客运站',3,3,40,40,22.50,2,2,'60分钟',1,'60公里',1.50,1.50,2.00,0,'610100CXO',0),(1096,'2022-04-24','14:30',13,'城西客运站','乾县客运站',3,3,40,40,22.50,2,2,'60分钟',1,'60公里',1.50,1.50,2.00,0,'610100CXO',0),(1097,'2022-04-24','14:40',13,'城西客运站','乾县客运站',3,3,40,40,22.50,2,2,'60分钟',1,'60公里',1.50,1.50,2.00,0,'610100CXO',0),(1098,'2022-04-24','14:50',13,'城西客运站','乾县客运站',3,3,40,40,22.50,2,2,'60分钟',1,'60公里',1.50,1.50,2.00,0,'610100CXO',0),(1099,'2022-04-24','15:00',13,'城西客运站','乾县客运站',3,3,40,40,22.50,2,2,'60分钟',1,'60公里',1.50,1.50,2.00,0,'610100CXO',0),(1100,'2022-04-24','15:10',13,'城西客运站','乾县客运站',3,3,40,40,22.50,2,2,'60分钟',1,'60公里',1.50,1.50,2.00,0,'610100CXO',0),(1101,'2022-04-24','15:20',13,'城西客运站','乾县客运站',3,3,40,40,22.50,2,2,'60分钟',1,'60公里',1.50,1.50,2.00,0,'610100CXO',0),(1102,'2022-04-24','15:30',13,'城西客运站','乾县客运站',3,3,40,40,22.50,2,2,'60分钟',1,'60公里',1.50,1.50,2.00,0,'610100CXO',0),(1103,'2022-04-24','15:40',13,'城西客运站','乾县客运站',3,3,40,40,22.50,2,2,'60分钟',1,'60公里',1.50,1.50,2.00,0,'610100CXO',0),(1104,'2022-04-24','15:50',13,'城西客运站','乾县客运站',3,3,40,40,22.50,2,2,'60分钟',1,'60公里',1.50,1.50,2.00,0,'610100CXO',0),(1105,'2022-04-24','16:00',13,'城西客运站','乾县客运站',3,3,40,40,22.50,2,2,'60分钟',1,'60公里',1.50,1.50,2.00,0,'610100CXO',0),(1106,'2022-04-24','16:10',13,'城西客运站','乾县客运站',3,3,40,40,22.50,2,2,'60分钟',1,'60公里',1.50,1.50,2.00,0,'610100CXO',0),(1107,'2022-04-24','16:20',13,'城西客运站','乾县客运站',3,3,40,40,22.50,2,2,'60分钟',1,'60公里',1.50,1.50,2.00,0,'610100CXO',0),(1108,'2022-04-24','16:30',13,'城西客运站','乾县客运站',3,3,40,40,22.50,2,2,'60分钟',1,'60公里',1.50,1.50,2.00,0,'610100CXO',0),(1109,'2022-04-24','16:40',13,'城西客运站','乾县客运站',3,3,40,40,22.50,2,2,'60分钟',1,'60公里',1.50,1.50,2.00,0,'610100CXO',0),(1110,'2022-04-24','16:50',13,'城西客运站','乾县客运站',3,3,40,40,22.50,2,2,'60分钟',1,'60公里',1.50,1.50,2.00,0,'610100CXO',0),(1111,'2022-04-24','17:00',13,'城西客运站','乾县客运站',3,3,40,40,22.50,2,2,'60分钟',1,'60公里',1.50,1.50,2.00,0,'610100CXO',0),(1112,'2022-04-24','17:10',13,'城西客运站','乾县客运站',3,3,40,40,22.50,2,2,'60分钟',1,'60公里',1.50,1.50,2.00,0,'610100CXO',0),(1113,'2022-04-24','17:20',13,'城西客运站','乾县客运站',3,3,40,40,22.50,2,2,'60分钟',1,'60公里',1.50,1.50,2.00,0,'610100CXO',0),(1114,'2022-04-24','17:30',13,'城西客运站','乾县客运站',3,3,40,40,22.50,2,2,'60分钟',1,'60公里',1.50,1.50,2.00,0,'610100CXO',0),(1115,'2022-04-24','17:40',13,'城西客运站','乾县客运站',3,3,40,40,22.50,2,2,'60分钟',1,'60公里',1.50,1.50,2.00,0,'610100CXO',0),(1116,'2022-04-24','17:50',13,'城西客运站','乾县客运站',3,3,40,40,22.50,2,2,'60分钟',1,'60公里',1.50,1.50,2.00,0,'610100CXO',0),(1117,'2022-04-24','16:00前',15,'城西客运站','永寿汽车站',3,3,9999,9999,31.00,1,1,'45分钟',1,'70公里',1.50,1.50,2.00,0,'610100CXO',0),(1118,'2022-04-24','12:25',15,'城西客运站','永寿汽车站',3,3,40,40,26.50,2,2,'65分钟',1,'80公里',1.50,1.50,2.00,0,'610100CXO',0),(1119,'2022-04-24','16:00前',17,'城西客运站','淳化汽车站',3,3,9999,9999,28.00,1,1,'60分钟',1,'75公里',1.50,1.50,2.00,0,'610100CXO',0),(1120,'2022-04-24','16:00前',19,'城西客运站','彬县汽车站',3,3,9999,9999,46.80,1,1,'120分钟',1,'180公里',1.50,2.00,2.00,0,'610100CXO',0),(1121,'2022-04-25','19:50前',2,'兴平市客运站','城西客运站',3,3,9999,9999,15.00,1,1,'45分钟',1,'60公里',1.50,1.50,2.00,0,'610100CXO',0),(1122,'2022-04-25','19:50前',1,'城西客运站','兴平市客运站',3,3,9999,9999,15.00,1,1,'45分钟',1,'60公里',1.50,1.50,2.00,0,'610100XPO',0),(1123,'2022-04-25','18:40前',3,'城西客运站','武功镇',3,3,9999,9999,28.50,1,1,'79分钟',1,'107公里',1.50,2.00,2.00,0,'610100CXO',0),(1124,'2022-04-25','19:30前',3,'城西客运站','武功县客运站',3,3,9999,9999,22.90,1,1,'70分钟',1,'99公里',1.50,2.00,2.00,0,'610100CXO',0),(1125,'2022-04-25','18:40前',4,'武功镇','城西客运站',3,3,9999,9999,28.50,1,1,'79分钟',1,'107公里',1.50,2.00,2.00,0,'610100WGO',0),(1126,'2022-04-25','19:30前',4,'武功县客运站','城西客运站',3,3,9999,9999,22.90,1,1,'70分钟',1,'99公里',1.50,2.00,2.00,0,'610100WGO',0),(1127,'2022-04-25','19:00前',5,'城西客运站','礼泉汽车站',3,3,9999,9999,22.20,1,1,'65分钟',1,'95公里',1.50,1.50,2.00,0,'610100CXO',0),(1128,'2022-04-25','19:00前',6,'礼泉汽车站','城西客运站',3,3,9999,9999,22.20,1,1,'65分钟',1,'95公里',1.50,1.50,2.00,0,'610100LQO',0),(1129,'2022-04-25','16:30前',7,'城西客运站','旬邑汽车站',3,3,9999,9999,50.80,1,1,'120分钟',1,'140公里',1.50,2.00,2.00,0,'610100CXO',0),(1130,'2022-04-25','16:30前',8,'旬邑汽车站','城西客运站',3,3,9999,9999,50.80,1,1,'120分钟',1,'140公里',1.50,2.00,2.00,0,'610100XYO',0),(1131,'2022-04-25','11:50',9,'城西客运站','杨凌交通枢纽',3,3,40,40,26.00,2,1,'100分钟',1,'130公里',1.50,1.50,2.00,0,'610100CXO',0),(1132,'2022-04-25','11:50',10,'杨凌交通枢纽','城西客运站',3,3,40,40,26.00,2,1,'100分钟',1,'130公里',1.50,1.50,2.00,0,'610100YLO',0),(1133,'2022-04-25','12:15',9,'城西客运站','杨凌交通枢纽',3,3,40,40,26.00,2,1,'100分钟',1,'130公里',1.50,1.50,2.00,0,'610100CXO',0),(1134,'2022-04-25','13:15',9,'城西客运站','杨凌交通枢纽',3,3,40,40,26.00,2,1,'100分钟',1,'130公里',1.50,1.50,2.00,0,'610100CXO',0),(1135,'2022-04-25','14:15',9,'城西客运站','杨凌交通枢纽',3,3,40,40,26.00,2,1,'100分钟',1,'130公里',1.50,1.50,2.00,0,'610100CXO',0),(1136,'2022-04-25','15:15',9,'城西客运站','杨凌交通枢纽',3,3,40,40,26.00,2,1,'100分钟',1,'130公里',1.50,1.50,2.00,0,'610100CXO',0),(1137,'2022-04-25','16:15',9,'城西客运站','杨凌交通枢纽',3,3,40,40,26.00,2,1,'100分钟',1,'130公里',1.50,1.50,2.00,0,'610100CXO',0),(1138,'2022-04-25','17:15',9,'城西客运站','杨凌交通枢纽',3,3,40,40,26.00,2,1,'100分钟',1,'130公里',1.50,1.50,2.00,0,'610100CXO',0),(1139,'2022-04-25','18:15',9,'城西客运站','杨凌交通枢纽',3,3,40,40,26.00,2,1,'100分钟',1,'130公里',1.50,1.50,2.00,0,'610100CXO',0),(1140,'2022-04-25','17:00前',13,'城西客运站','乾县客运站',3,3,9999,9999,26.10,1,1,'40分钟',1,'60公里',1.50,1.50,2.00,0,'610100CXO',0),(1141,'2022-04-25','12:30',13,'城西客运站','乾县客运站',3,3,40,40,22.50,2,2,'60分钟',1,'60公里',1.50,1.50,2.00,0,'610100CXO',0),(1142,'2022-04-25','12:50',13,'城西客运站','乾县客运站',3,3,40,40,22.50,2,2,'60分钟',1,'60公里',1.50,1.50,2.00,0,'610100CXO',0),(1143,'2022-04-25','13:00',13,'城西客运站','乾县客运站',3,3,40,40,22.50,2,2,'60分钟',1,'60公里',1.50,1.50,2.00,0,'610100CXO',0),(1144,'2022-04-25','13:10',13,'城西客运站','乾县客运站',3,3,40,40,22.50,2,2,'60分钟',1,'60公里',1.50,1.50,2.00,0,'610100CXO',0),(1145,'2022-04-25','13:20',13,'城西客运站','乾县客运站',3,3,40,40,22.50,2,2,'60分钟',1,'60公里',1.50,1.50,2.00,0,'610100CXO',0),(1146,'2022-04-25','13:30',13,'城西客运站','乾县客运站',3,3,40,40,22.50,2,2,'60分钟',1,'60公里',1.50,1.50,2.00,0,'610100CXO',0),(1147,'2022-04-25','13:40',13,'城西客运站','乾县客运站',3,3,40,40,22.50,2,2,'60分钟',1,'60公里',1.50,1.50,2.00,0,'610100CXO',0),(1148,'2022-04-25','13:50',13,'城西客运站','乾县客运站',3,3,40,40,22.50,2,2,'60分钟',1,'60公里',1.50,1.50,2.00,0,'610100CXO',0),(1149,'2022-04-25','14:00',13,'城西客运站','乾县客运站',3,3,40,40,22.50,2,2,'60分钟',1,'60公里',1.50,1.50,2.00,0,'610100CXO',0),(1150,'2022-04-25','14:10',13,'城西客运站','乾县客运站',3,3,40,40,22.50,2,2,'60分钟',1,'60公里',1.50,1.50,2.00,0,'610100CXO',0),(1151,'2022-04-25','14:20',13,'城西客运站','乾县客运站',3,3,40,40,22.50,2,2,'60分钟',1,'60公里',1.50,1.50,2.00,0,'610100CXO',0),(1152,'2022-04-25','14:30',13,'城西客运站','乾县客运站',3,3,40,40,22.50,2,2,'60分钟',1,'60公里',1.50,1.50,2.00,0,'610100CXO',0),(1153,'2022-04-25','14:40',13,'城西客运站','乾县客运站',3,3,40,40,22.50,2,2,'60分钟',1,'60公里',1.50,1.50,2.00,0,'610100CXO',0),(1154,'2022-04-25','14:50',13,'城西客运站','乾县客运站',3,3,40,40,22.50,2,2,'60分钟',1,'60公里',1.50,1.50,2.00,0,'610100CXO',0),(1155,'2022-04-25','15:00',13,'城西客运站','乾县客运站',3,3,40,40,22.50,2,2,'60分钟',1,'60公里',1.50,1.50,2.00,0,'610100CXO',0),(1156,'2022-04-25','15:10',13,'城西客运站','乾县客运站',3,3,40,40,22.50,2,2,'60分钟',1,'60公里',1.50,1.50,2.00,0,'610100CXO',0),(1157,'2022-04-25','15:20',13,'城西客运站','乾县客运站',3,3,40,40,22.50,2,2,'60分钟',1,'60公里',1.50,1.50,2.00,0,'610100CXO',0),(1158,'2022-04-25','15:30',13,'城西客运站','乾县客运站',3,3,40,40,22.50,2,2,'60分钟',1,'60公里',1.50,1.50,2.00,0,'610100CXO',0),(1159,'2022-04-25','15:40',13,'城西客运站','乾县客运站',3,3,40,40,22.50,2,2,'60分钟',1,'60公里',1.50,1.50,2.00,0,'610100CXO',0),(1160,'2022-04-25','15:50',13,'城西客运站','乾县客运站',3,3,40,40,22.50,2,2,'60分钟',1,'60公里',1.50,1.50,2.00,0,'610100CXO',0),(1161,'2022-04-25','16:00',13,'城西客运站','乾县客运站',3,3,40,40,22.50,2,2,'60分钟',1,'60公里',1.50,1.50,2.00,0,'610100CXO',0),(1162,'2022-04-25','16:10',13,'城西客运站','乾县客运站',3,3,40,40,22.50,2,2,'60分钟',1,'60公里',1.50,1.50,2.00,0,'610100CXO',0),(1163,'2022-04-25','16:20',13,'城西客运站','乾县客运站',3,3,40,40,22.50,2,2,'60分钟',1,'60公里',1.50,1.50,2.00,0,'610100CXO',0),(1164,'2022-04-25','16:30',13,'城西客运站','乾县客运站',3,3,40,40,22.50,2,2,'60分钟',1,'60公里',1.50,1.50,2.00,0,'610100CXO',0),(1165,'2022-04-25','16:40',13,'城西客运站','乾县客运站',3,3,40,40,22.50,2,2,'60分钟',1,'60公里',1.50,1.50,2.00,0,'610100CXO',0),(1166,'2022-04-25','16:50',13,'城西客运站','乾县客运站',3,3,40,40,22.50,2,2,'60分钟',1,'60公里',1.50,1.50,2.00,0,'610100CXO',0),(1167,'2022-04-25','17:00',13,'城西客运站','乾县客运站',3,3,40,40,22.50,2,2,'60分钟',1,'60公里',1.50,1.50,2.00,0,'610100CXO',0),(1168,'2022-04-25','17:10',13,'城西客运站','乾县客运站',3,3,40,40,22.50,2,2,'60分钟',1,'60公里',1.50,1.50,2.00,0,'610100CXO',0),(1169,'2022-04-25','17:20',13,'城西客运站','乾县客运站',3,3,40,40,22.50,2,2,'60分钟',1,'60公里',1.50,1.50,2.00,0,'610100CXO',0),(1170,'2022-04-25','17:30',13,'城西客运站','乾县客运站',3,3,40,40,22.50,2,2,'60分钟',1,'60公里',1.50,1.50,2.00,0,'610100CXO',0),(1171,'2022-04-25','17:40',13,'城西客运站','乾县客运站',3,3,40,40,22.50,2,2,'60分钟',1,'60公里',1.50,1.50,2.00,0,'610100CXO',0),(1172,'2022-04-25','17:50',13,'城西客运站','乾县客运站',3,3,40,40,22.50,2,2,'60分钟',1,'60公里',1.50,1.50,2.00,0,'610100CXO',0),(1173,'2022-04-25','16:00前',15,'城西客运站','永寿汽车站',3,3,9999,9999,31.00,1,1,'45分钟',1,'70公里',1.50,1.50,2.00,0,'610100CXO',0),(1174,'2022-04-25','12:25',15,'城西客运站','永寿汽车站',3,3,40,40,26.50,2,2,'65分钟',1,'80公里',1.50,1.50,2.00,0,'610100CXO',0),(1175,'2022-04-25','16:00前',17,'城西客运站','淳化汽车站',3,3,9999,9999,28.00,1,1,'60分钟',1,'75公里',1.50,1.50,2.00,0,'610100CXO',0),(1176,'2022-04-25','16:00前',19,'城西客运站','彬县汽车站',3,3,9999,9999,46.80,1,1,'120分钟',1,'180公里',1.50,2.00,2.00,0,'610100CXO',0),(1177,'2022-04-26','19:50前',2,'兴平市客运站','城西客运站',3,3,9999,9999,15.00,1,1,'45分钟',1,'60公里',1.50,1.50,2.00,0,'610100CXO',0),(1178,'2022-04-26','19:50前',1,'城西客运站','兴平市客运站',3,3,9999,9999,15.00,1,1,'45分钟',1,'60公里',1.50,1.50,2.00,0,'610100XPO',0),(1179,'2022-04-26','18:40前',3,'城西客运站','武功镇',3,3,9999,9999,28.50,1,1,'79分钟',1,'107公里',1.50,2.00,2.00,0,'610100CXO',0),(1180,'2022-04-26','19:30前',3,'城西客运站','武功县客运站',3,3,9999,9999,22.90,1,1,'70分钟',1,'99公里',1.50,2.00,2.00,0,'610100CXO',0),(1181,'2022-04-26','18:40前',4,'武功镇','城西客运站',3,3,9999,9999,28.50,1,1,'79分钟',1,'107公里',1.50,2.00,2.00,0,'610100WGO',0),(1182,'2022-04-26','19:30前',4,'武功县客运站','城西客运站',3,3,9999,9999,22.90,1,1,'70分钟',1,'99公里',1.50,2.00,2.00,0,'610100WGO',0),(1183,'2022-04-26','19:00前',5,'城西客运站','礼泉汽车站',3,3,9999,9999,22.20,1,1,'65分钟',1,'95公里',1.50,1.50,2.00,0,'610100CXO',0),(1184,'2022-04-26','19:00前',6,'礼泉汽车站','城西客运站',3,3,9999,9999,22.20,1,1,'65分钟',1,'95公里',1.50,1.50,2.00,0,'610100LQO',0),(1185,'2022-04-26','16:30前',7,'城西客运站','旬邑汽车站',3,3,9999,9999,50.80,1,1,'120分钟',1,'140公里',1.50,2.00,2.00,0,'610100CXO',0),(1186,'2022-04-26','16:30前',8,'旬邑汽车站','城西客运站',3,3,9999,9999,50.80,1,1,'120分钟',1,'140公里',1.50,2.00,2.00,0,'610100XYO',0),(1187,'2022-04-26','11:50',9,'城西客运站','杨凌交通枢纽',3,3,40,40,26.00,2,1,'100分钟',1,'130公里',1.50,1.50,2.00,0,'610100CXO',0),(1188,'2022-04-26','11:50',10,'杨凌交通枢纽','城西客运站',3,3,40,40,26.00,2,1,'100分钟',1,'130公里',1.50,1.50,2.00,0,'610100YLO',0),(1189,'2022-04-26','12:15',9,'城西客运站','杨凌交通枢纽',3,3,40,40,26.00,2,1,'100分钟',1,'130公里',1.50,1.50,2.00,0,'610100CXO',0),(1190,'2022-04-26','13:15',9,'城西客运站','杨凌交通枢纽',3,3,40,40,26.00,2,1,'100分钟',1,'130公里',1.50,1.50,2.00,0,'610100CXO',0),(1191,'2022-04-26','14:15',9,'城西客运站','杨凌交通枢纽',3,3,40,40,26.00,2,1,'100分钟',1,'130公里',1.50,1.50,2.00,0,'610100CXO',0),(1192,'2022-04-26','15:15',9,'城西客运站','杨凌交通枢纽',3,3,40,40,26.00,2,1,'100分钟',1,'130公里',1.50,1.50,2.00,0,'610100CXO',0),(1193,'2022-04-26','16:15',9,'城西客运站','杨凌交通枢纽',3,3,40,40,26.00,2,1,'100分钟',1,'130公里',1.50,1.50,2.00,0,'610100CXO',0),(1194,'2022-04-26','17:15',9,'城西客运站','杨凌交通枢纽',3,3,40,40,26.00,2,1,'100分钟',1,'130公里',1.50,1.50,2.00,0,'610100CXO',0),(1195,'2022-04-26','18:15',9,'城西客运站','杨凌交通枢纽',3,3,40,40,26.00,2,1,'100分钟',1,'130公里',1.50,1.50,2.00,0,'610100CXO',0),(1196,'2022-04-26','17:00前',13,'城西客运站','乾县客运站',3,3,9999,9999,26.10,1,1,'40分钟',1,'60公里',1.50,1.50,2.00,0,'610100CXO',0),(1197,'2022-04-26','12:30',13,'城西客运站','乾县客运站',3,3,40,40,22.50,2,2,'60分钟',1,'60公里',1.50,1.50,2.00,0,'610100CXO',0),(1198,'2022-04-26','12:50',13,'城西客运站','乾县客运站',3,3,40,40,22.50,2,2,'60分钟',1,'60公里',1.50,1.50,2.00,0,'610100CXO',0),(1199,'2022-04-26','13:00',13,'城西客运站','乾县客运站',3,3,40,40,22.50,2,2,'60分钟',1,'60公里',1.50,1.50,2.00,0,'610100CXO',0),(1200,'2022-04-26','13:10',13,'城西客运站','乾县客运站',3,3,40,40,22.50,2,2,'60分钟',1,'60公里',1.50,1.50,2.00,0,'610100CXO',0),(1201,'2022-04-26','13:20',13,'城西客运站','乾县客运站',3,3,40,40,22.50,2,2,'60分钟',1,'60公里',1.50,1.50,2.00,0,'610100CXO',0),(1202,'2022-04-26','13:30',13,'城西客运站','乾县客运站',3,3,40,40,22.50,2,2,'60分钟',1,'60公里',1.50,1.50,2.00,0,'610100CXO',0),(1203,'2022-04-26','13:40',13,'城西客运站','乾县客运站',3,3,40,40,22.50,2,2,'60分钟',1,'60公里',1.50,1.50,2.00,0,'610100CXO',0),(1204,'2022-04-26','13:50',13,'城西客运站','乾县客运站',3,3,40,40,22.50,2,2,'60分钟',1,'60公里',1.50,1.50,2.00,0,'610100CXO',0),(1205,'2022-04-26','14:00',13,'城西客运站','乾县客运站',3,3,40,40,22.50,2,2,'60分钟',1,'60公里',1.50,1.50,2.00,0,'610100CXO',0),(1206,'2022-04-26','14:10',13,'城西客运站','乾县客运站',3,3,40,40,22.50,2,2,'60分钟',1,'60公里',1.50,1.50,2.00,0,'610100CXO',0),(1207,'2022-04-26','14:20',13,'城西客运站','乾县客运站',3,3,40,40,22.50,2,2,'60分钟',1,'60公里',1.50,1.50,2.00,0,'610100CXO',0),(1208,'2022-04-26','14:30',13,'城西客运站','乾县客运站',3,3,40,40,22.50,2,2,'60分钟',1,'60公里',1.50,1.50,2.00,0,'610100CXO',0),(1209,'2022-04-26','14:40',13,'城西客运站','乾县客运站',3,3,40,40,22.50,2,2,'60分钟',1,'60公里',1.50,1.50,2.00,0,'610100CXO',0),(1210,'2022-04-26','14:50',13,'城西客运站','乾县客运站',3,3,40,40,22.50,2,2,'60分钟',1,'60公里',1.50,1.50,2.00,0,'610100CXO',0),(1211,'2022-04-26','15:00',13,'城西客运站','乾县客运站',3,3,40,40,22.50,2,2,'60分钟',1,'60公里',1.50,1.50,2.00,0,'610100CXO',0),(1212,'2022-04-26','15:10',13,'城西客运站','乾县客运站',3,3,40,40,22.50,2,2,'60分钟',1,'60公里',1.50,1.50,2.00,0,'610100CXO',0),(1213,'2022-04-26','15:20',13,'城西客运站','乾县客运站',3,3,40,40,22.50,2,2,'60分钟',1,'60公里',1.50,1.50,2.00,0,'610100CXO',0),(1214,'2022-04-26','15:30',13,'城西客运站','乾县客运站',3,3,40,40,22.50,2,2,'60分钟',1,'60公里',1.50,1.50,2.00,0,'610100CXO',0),(1215,'2022-04-26','15:40',13,'城西客运站','乾县客运站',3,3,40,40,22.50,2,2,'60分钟',1,'60公里',1.50,1.50,2.00,0,'610100CXO',0),(1216,'2022-04-26','15:50',13,'城西客运站','乾县客运站',3,3,40,40,22.50,2,2,'60分钟',1,'60公里',1.50,1.50,2.00,0,'610100CXO',0),(1217,'2022-04-26','16:00',13,'城西客运站','乾县客运站',3,3,40,40,22.50,2,2,'60分钟',1,'60公里',1.50,1.50,2.00,0,'610100CXO',0),(1218,'2022-04-26','16:10',13,'城西客运站','乾县客运站',3,3,40,40,22.50,2,2,'60分钟',1,'60公里',1.50,1.50,2.00,0,'610100CXO',0),(1219,'2022-04-26','16:20',13,'城西客运站','乾县客运站',3,3,40,40,22.50,2,2,'60分钟',1,'60公里',1.50,1.50,2.00,0,'610100CXO',0),(1220,'2022-04-26','16:30',13,'城西客运站','乾县客运站',3,3,40,40,22.50,2,2,'60分钟',1,'60公里',1.50,1.50,2.00,0,'610100CXO',0),(1221,'2022-04-26','16:40',13,'城西客运站','乾县客运站',3,3,40,40,22.50,2,2,'60分钟',1,'60公里',1.50,1.50,2.00,0,'610100CXO',0),(1222,'2022-04-26','16:50',13,'城西客运站','乾县客运站',3,3,40,40,22.50,2,2,'60分钟',1,'60公里',1.50,1.50,2.00,0,'610100CXO',0),(1223,'2022-04-26','17:00',13,'城西客运站','乾县客运站',3,3,40,40,22.50,2,2,'60分钟',1,'60公里',1.50,1.50,2.00,0,'610100CXO',0),(1224,'2022-04-26','17:10',13,'城西客运站','乾县客运站',3,3,40,40,22.50,2,2,'60分钟',1,'60公里',1.50,1.50,2.00,0,'610100CXO',0),(1225,'2022-04-26','17:20',13,'城西客运站','乾县客运站',3,3,40,40,22.50,2,2,'60分钟',1,'60公里',1.50,1.50,2.00,0,'610100CXO',0),(1226,'2022-04-26','17:30',13,'城西客运站','乾县客运站',3,3,40,40,22.50,2,2,'60分钟',1,'60公里',1.50,1.50,2.00,0,'610100CXO',0),(1227,'2022-04-26','17:40',13,'城西客运站','乾县客运站',3,3,40,40,22.50,2,2,'60分钟',1,'60公里',1.50,1.50,2.00,0,'610100CXO',0),(1228,'2022-04-26','17:50',13,'城西客运站','乾县客运站',3,3,40,40,22.50,2,2,'60分钟',1,'60公里',1.50,1.50,2.00,0,'610100CXO',0),(1229,'2022-04-26','16:00前',15,'城西客运站','永寿汽车站',3,3,9999,9999,31.00,1,1,'45分钟',1,'70公里',1.50,1.50,2.00,0,'610100CXO',0),(1230,'2022-04-26','12:25',15,'城西客运站','永寿汽车站',3,3,40,40,26.50,2,2,'65分钟',1,'80公里',1.50,1.50,2.00,0,'610100CXO',0),(1231,'2022-04-26','16:00前',17,'城西客运站','淳化汽车站',3,3,9999,9999,28.00,1,1,'60分钟',1,'75公里',1.50,1.50,2.00,0,'610100CXO',0),(1232,'2022-04-26','16:00前',19,'城西客运站','彬县汽车站',3,3,9999,9999,46.80,1,1,'120分钟',1,'180公里',1.50,2.00,2.00,0,'610100CXO',0),(1233,'2022-04-27','19:50前',2,'兴平市客运站','城西客运站',3,3,9999,9999,15.00,1,1,'45分钟',1,'60公里',1.50,1.50,2.00,0,'610100CXO',0),(1234,'2022-04-27','19:50前',1,'城西客运站','兴平市客运站',3,3,9999,9999,15.00,1,1,'45分钟',1,'60公里',1.50,1.50,2.00,0,'610100XPO',0),(1235,'2022-04-27','18:40前',3,'城西客运站','武功镇',3,3,9999,9999,28.50,1,1,'79分钟',1,'107公里',1.50,2.00,2.00,0,'610100CXO',0),(1236,'2022-04-27','19:30前',3,'城西客运站','武功县客运站',3,3,9999,9999,22.90,1,1,'70分钟',1,'99公里',1.50,2.00,2.00,0,'610100CXO',0),(1237,'2022-04-27','18:40前',4,'武功镇','城西客运站',3,3,9999,9999,28.50,1,1,'79分钟',1,'107公里',1.50,2.00,2.00,0,'610100WGO',0),(1238,'2022-04-27','19:30前',4,'武功县客运站','城西客运站',3,3,9999,9999,22.90,1,1,'70分钟',1,'99公里',1.50,2.00,2.00,0,'610100WGO',0),(1239,'2022-04-27','19:00前',5,'城西客运站','礼泉汽车站',3,3,9999,9999,22.20,1,1,'65分钟',1,'95公里',1.50,1.50,2.00,0,'610100CXO',0),(1240,'2022-04-27','19:00前',6,'礼泉汽车站','城西客运站',3,3,9999,9999,22.20,1,1,'65分钟',1,'95公里',1.50,1.50,2.00,0,'610100LQO',0),(1241,'2022-04-27','16:30前',7,'城西客运站','旬邑汽车站',3,3,9999,9999,50.80,1,1,'120分钟',1,'140公里',1.50,2.00,2.00,0,'610100CXO',0),(1242,'2022-04-27','16:30前',8,'旬邑汽车站','城西客运站',3,3,9999,9999,50.80,1,1,'120分钟',1,'140公里',1.50,2.00,2.00,0,'610100XYO',0),(1243,'2022-04-27','11:50',9,'城西客运站','杨凌交通枢纽',3,3,40,40,26.00,2,1,'100分钟',1,'130公里',1.50,1.50,2.00,0,'610100CXO',0),(1244,'2022-04-27','11:50',10,'杨凌交通枢纽','城西客运站',3,3,40,40,26.00,2,1,'100分钟',1,'130公里',1.50,1.50,2.00,0,'610100YLO',0),(1245,'2022-04-27','12:15',9,'城西客运站','杨凌交通枢纽',3,3,40,40,26.00,2,1,'100分钟',1,'130公里',1.50,1.50,2.00,0,'610100CXO',0),(1246,'2022-04-27','13:15',9,'城西客运站','杨凌交通枢纽',3,3,40,40,26.00,2,1,'100分钟',1,'130公里',1.50,1.50,2.00,0,'610100CXO',0),(1247,'2022-04-27','14:15',9,'城西客运站','杨凌交通枢纽',3,3,40,40,26.00,2,1,'100分钟',1,'130公里',1.50,1.50,2.00,0,'610100CXO',0),(1248,'2022-04-27','15:15',9,'城西客运站','杨凌交通枢纽',3,3,40,40,26.00,2,1,'100分钟',1,'130公里',1.50,1.50,2.00,0,'610100CXO',0),(1249,'2022-04-27','16:15',9,'城西客运站','杨凌交通枢纽',3,3,40,40,26.00,2,1,'100分钟',1,'130公里',1.50,1.50,2.00,0,'610100CXO',0),(1250,'2022-04-27','17:15',9,'城西客运站','杨凌交通枢纽',3,3,40,40,26.00,2,1,'100分钟',1,'130公里',1.50,1.50,2.00,0,'610100CXO',0),(1251,'2022-04-27','18:15',9,'城西客运站','杨凌交通枢纽',3,3,40,40,26.00,2,1,'100分钟',1,'130公里',1.50,1.50,2.00,0,'610100CXO',0),(1252,'2022-04-27','17:00前',13,'城西客运站','乾县客运站',3,3,9999,9999,26.10,1,1,'40分钟',1,'60公里',1.50,1.50,2.00,0,'610100CXO',0),(1253,'2022-04-27','12:30',13,'城西客运站','乾县客运站',3,3,40,40,22.50,2,2,'60分钟',1,'60公里',1.50,1.50,2.00,0,'610100CXO',0),(1254,'2022-04-27','12:50',13,'城西客运站','乾县客运站',3,3,40,40,22.50,2,2,'60分钟',1,'60公里',1.50,1.50,2.00,0,'610100CXO',0),(1255,'2022-04-27','13:00',13,'城西客运站','乾县客运站',3,3,40,40,22.50,2,2,'60分钟',1,'60公里',1.50,1.50,2.00,0,'610100CXO',0),(1256,'2022-04-27','13:10',13,'城西客运站','乾县客运站',3,3,40,40,22.50,2,2,'60分钟',1,'60公里',1.50,1.50,2.00,0,'610100CXO',0),(1257,'2022-04-27','13:20',13,'城西客运站','乾县客运站',3,3,40,40,22.50,2,2,'60分钟',1,'60公里',1.50,1.50,2.00,0,'610100CXO',0),(1258,'2022-04-27','13:30',13,'城西客运站','乾县客运站',3,3,40,40,22.50,2,2,'60分钟',1,'60公里',1.50,1.50,2.00,0,'610100CXO',0),(1259,'2022-04-27','13:40',13,'城西客运站','乾县客运站',3,3,40,40,22.50,2,2,'60分钟',1,'60公里',1.50,1.50,2.00,0,'610100CXO',0),(1260,'2022-04-27','13:50',13,'城西客运站','乾县客运站',3,3,40,40,22.50,2,2,'60分钟',1,'60公里',1.50,1.50,2.00,0,'610100CXO',0),(1261,'2022-04-27','14:00',13,'城西客运站','乾县客运站',3,3,40,40,22.50,2,2,'60分钟',1,'60公里',1.50,1.50,2.00,0,'610100CXO',0),(1262,'2022-04-27','14:10',13,'城西客运站','乾县客运站',3,3,40,40,22.50,2,2,'60分钟',1,'60公里',1.50,1.50,2.00,0,'610100CXO',0),(1263,'2022-04-27','14:20',13,'城西客运站','乾县客运站',3,3,40,40,22.50,2,2,'60分钟',1,'60公里',1.50,1.50,2.00,0,'610100CXO',0),(1264,'2022-04-27','14:30',13,'城西客运站','乾县客运站',3,3,40,40,22.50,2,2,'60分钟',1,'60公里',1.50,1.50,2.00,0,'610100CXO',0),(1265,'2022-04-27','14:40',13,'城西客运站','乾县客运站',3,3,40,40,22.50,2,2,'60分钟',1,'60公里',1.50,1.50,2.00,0,'610100CXO',0),(1266,'2022-04-27','14:50',13,'城西客运站','乾县客运站',3,3,40,40,22.50,2,2,'60分钟',1,'60公里',1.50,1.50,2.00,0,'610100CXO',0),(1267,'2022-04-27','15:00',13,'城西客运站','乾县客运站',3,3,40,40,22.50,2,2,'60分钟',1,'60公里',1.50,1.50,2.00,0,'610100CXO',0),(1268,'2022-04-27','15:10',13,'城西客运站','乾县客运站',3,3,40,40,22.50,2,2,'60分钟',1,'60公里',1.50,1.50,2.00,0,'610100CXO',0),(1269,'2022-04-27','15:20',13,'城西客运站','乾县客运站',3,3,40,40,22.50,2,2,'60分钟',1,'60公里',1.50,1.50,2.00,0,'610100CXO',0),(1270,'2022-04-27','15:30',13,'城西客运站','乾县客运站',3,3,40,40,22.50,2,2,'60分钟',1,'60公里',1.50,1.50,2.00,0,'610100CXO',0),(1271,'2022-04-27','15:40',13,'城西客运站','乾县客运站',3,3,40,40,22.50,2,2,'60分钟',1,'60公里',1.50,1.50,2.00,0,'610100CXO',0),(1272,'2022-04-27','15:50',13,'城西客运站','乾县客运站',3,3,40,40,22.50,2,2,'60分钟',1,'60公里',1.50,1.50,2.00,0,'610100CXO',0),(1273,'2022-04-27','16:00',13,'城西客运站','乾县客运站',3,3,40,40,22.50,2,2,'60分钟',1,'60公里',1.50,1.50,2.00,0,'610100CXO',0),(1274,'2022-04-27','16:10',13,'城西客运站','乾县客运站',3,3,40,40,22.50,2,2,'60分钟',1,'60公里',1.50,1.50,2.00,0,'610100CXO',0),(1275,'2022-04-27','16:20',13,'城西客运站','乾县客运站',3,3,40,40,22.50,2,2,'60分钟',1,'60公里',1.50,1.50,2.00,0,'610100CXO',0),(1276,'2022-04-27','16:30',13,'城西客运站','乾县客运站',3,3,40,40,22.50,2,2,'60分钟',1,'60公里',1.50,1.50,2.00,0,'610100CXO',0),(1277,'2022-04-27','16:40',13,'城西客运站','乾县客运站',3,3,40,40,22.50,2,2,'60分钟',1,'60公里',1.50,1.50,2.00,0,'610100CXO',0),(1278,'2022-04-27','16:50',13,'城西客运站','乾县客运站',3,3,40,40,22.50,2,2,'60分钟',1,'60公里',1.50,1.50,2.00,0,'610100CXO',0),(1279,'2022-04-27','17:00',13,'城西客运站','乾县客运站',3,3,40,40,22.50,2,2,'60分钟',1,'60公里',1.50,1.50,2.00,0,'610100CXO',0),(1280,'2022-04-27','17:10',13,'城西客运站','乾县客运站',3,3,40,40,22.50,2,2,'60分钟',1,'60公里',1.50,1.50,2.00,0,'610100CXO',0),(1281,'2022-04-27','17:20',13,'城西客运站','乾县客运站',3,3,40,40,22.50,2,2,'60分钟',1,'60公里',1.50,1.50,2.00,0,'610100CXO',0),(1282,'2022-04-27','17:30',13,'城西客运站','乾县客运站',3,3,40,40,22.50,2,2,'60分钟',1,'60公里',1.50,1.50,2.00,0,'610100CXO',0),(1283,'2022-04-27','17:40',13,'城西客运站','乾县客运站',3,3,40,40,22.50,2,2,'60分钟',1,'60公里',1.50,1.50,2.00,0,'610100CXO',0),(1284,'2022-04-27','17:50',13,'城西客运站','乾县客运站',3,3,40,40,22.50,2,2,'60分钟',1,'60公里',1.50,1.50,2.00,0,'610100CXO',0),(1285,'2022-04-27','16:00前',15,'城西客运站','永寿汽车站',3,3,9999,9999,31.00,1,1,'45分钟',1,'70公里',1.50,1.50,2.00,0,'610100CXO',0),(1286,'2022-04-27','12:25',15,'城西客运站','永寿汽车站',3,3,40,40,26.50,2,2,'65分钟',1,'80公里',1.50,1.50,2.00,0,'610100CXO',0),(1287,'2022-04-27','16:00前',17,'城西客运站','淳化汽车站',3,3,9999,9999,28.00,1,1,'60分钟',1,'75公里',1.50,1.50,2.00,0,'610100CXO',0),(1288,'2022-04-27','16:00前',19,'城西客运站','彬县汽车站',3,3,9999,9999,46.80,1,1,'120分钟',1,'180公里',1.50,2.00,2.00,0,'610100CXO',0),(1289,'2022-01-05','08:00',9,'城西客运站','杨凌客运站',2,2,26,26,28.00,2,1,'1小时20分钟',1,'80公里',28.00,28.00,28.00,0,'610100CXO',0),(1290,'2022-01-05','08:00',9,'城西客运站','杨凌客运站',2,2,26,26,28.00,2,1,'1小时20分钟',1,'80公里',28.00,28.00,28.00,0,'610100CXO',0),(1292,'2022-04-28','19:50前',2,'兴平市客运站','城西客运站',3,3,9999,9999,15.00,1,1,'45分钟',1,'60公里',1.50,1.50,2.00,0,'610100CXO',0),(1293,'2022-04-28','19:50前',1,'城西客运站','兴平市客运站',3,3,9999,9999,15.00,1,1,'45分钟',1,'60公里',1.50,1.50,2.00,0,'610100XPO',0),(1294,'2022-04-28','18:40前',3,'城西客运站','武功镇',3,3,9999,9999,28.50,1,1,'79分钟',1,'107公里',1.50,2.00,2.00,0,'610100CXO',0),(1295,'2022-04-28','19:30前',3,'城西客运站','武功县客运站',3,3,9999,9999,22.90,1,1,'70分钟',1,'99公里',1.50,2.00,2.00,0,'610100CXO',0),(1296,'2022-04-28','18:40前',4,'武功镇','城西客运站',3,3,9999,9999,28.50,1,1,'79分钟',1,'107公里',1.50,2.00,2.00,0,'610100WGO',0),(1297,'2022-04-28','19:30前',4,'武功县客运站','城西客运站',3,3,9999,9999,22.90,1,1,'70分钟',1,'99公里',1.50,2.00,2.00,0,'610100WGO',0),(1298,'2022-04-28','19:00前',5,'城西客运站','礼泉汽车站',3,3,9999,9999,22.20,1,1,'65分钟',1,'95公里',1.50,1.50,2.00,0,'610100CXO',0),(1299,'2022-04-28','19:00前',6,'礼泉汽车站','城西客运站',3,3,9999,9999,22.20,1,1,'65分钟',1,'95公里',1.50,1.50,2.00,0,'610100LQO',0),(1300,'2022-04-28','16:30前',7,'城西客运站','旬邑汽车站',3,3,9999,9999,50.80,1,1,'120分钟',1,'140公里',1.50,2.00,2.00,0,'610100CXO',0),(1301,'2022-04-28','16:30前',8,'旬邑汽车站','城西客运站',3,3,9999,9999,50.80,1,1,'120分钟',1,'140公里',1.50,2.00,2.00,0,'610100XYO',0),(1302,'2022-04-28','11:50',9,'城西客运站','杨凌交通枢纽',3,3,40,40,26.00,2,1,'100分钟',1,'130公里',1.50,1.50,2.00,0,'610100CXO',0),(1303,'2022-04-28','11:50',10,'杨凌交通枢纽','城西客运站',3,3,40,40,26.00,2,1,'100分钟',1,'130公里',1.50,1.50,2.00,0,'610100YLO',0),(1304,'2022-04-28','12:15',9,'城西客运站','杨凌交通枢纽',3,3,40,40,26.00,2,1,'100分钟',1,'130公里',1.50,1.50,2.00,0,'610100CXO',0),(1305,'2022-04-28','13:15',9,'城西客运站','杨凌交通枢纽',3,3,40,40,26.00,2,1,'100分钟',1,'130公里',1.50,1.50,2.00,0,'610100CXO',0),(1306,'2022-04-28','14:15',9,'城西客运站','杨凌交通枢纽',3,3,40,40,26.00,2,1,'100分钟',1,'130公里',1.50,1.50,2.00,0,'610100CXO',0),(1307,'2022-04-28','15:15',9,'城西客运站','杨凌交通枢纽',3,3,40,40,26.00,2,1,'100分钟',1,'130公里',1.50,1.50,2.00,0,'610100CXO',0),(1308,'2022-04-28','16:15',9,'城西客运站','杨凌交通枢纽',3,3,40,40,26.00,2,1,'100分钟',1,'130公里',1.50,1.50,2.00,0,'610100CXO',0),(1309,'2022-04-28','17:15',9,'城西客运站','杨凌交通枢纽',3,3,40,40,26.00,2,1,'100分钟',1,'130公里',1.50,1.50,2.00,0,'610100CXO',0),(1310,'2022-04-28','18:15',9,'城西客运站','杨凌交通枢纽',3,3,40,40,26.00,2,1,'100分钟',1,'130公里',1.50,1.50,2.00,0,'610100CXO',0),(1311,'2022-04-28','17:00前',13,'城西客运站','乾县客运站',3,3,9999,9999,26.10,1,1,'40分钟',1,'60公里',1.50,1.50,2.00,0,'610100CXO',0),(1312,'2022-04-28','12:30',13,'城西客运站','乾县客运站',3,3,40,40,22.50,2,2,'60分钟',1,'60公里',1.50,1.50,2.00,0,'610100CXO',0),(1313,'2022-04-28','12:50',13,'城西客运站','乾县客运站',3,3,40,40,22.50,2,2,'60分钟',1,'60公里',1.50,1.50,2.00,0,'610100CXO',0),(1314,'2022-04-28','13:00',13,'城西客运站','乾县客运站',3,3,40,40,22.50,2,2,'60分钟',1,'60公里',1.50,1.50,2.00,0,'610100CXO',0),(1315,'2022-04-28','13:10',13,'城西客运站','乾县客运站',3,3,40,40,22.50,2,2,'60分钟',1,'60公里',1.50,1.50,2.00,0,'610100CXO',0),(1316,'2022-04-28','13:20',13,'城西客运站','乾县客运站',3,3,40,40,22.50,2,2,'60分钟',1,'60公里',1.50,1.50,2.00,0,'610100CXO',0),(1317,'2022-04-28','13:30',13,'城西客运站','乾县客运站',3,3,40,40,22.50,2,2,'60分钟',1,'60公里',1.50,1.50,2.00,0,'610100CXO',0),(1318,'2022-04-28','13:40',13,'城西客运站','乾县客运站',3,3,40,40,22.50,2,2,'60分钟',1,'60公里',1.50,1.50,2.00,0,'610100CXO',0),(1319,'2022-04-28','13:50',13,'城西客运站','乾县客运站',3,3,40,40,22.50,2,2,'60分钟',1,'60公里',1.50,1.50,2.00,0,'610100CXO',0),(1320,'2022-04-28','14:00',13,'城西客运站','乾县客运站',3,3,40,40,22.50,2,2,'60分钟',1,'60公里',1.50,1.50,2.00,0,'610100CXO',0),(1321,'2022-04-28','14:10',13,'城西客运站','乾县客运站',3,3,40,40,22.50,2,2,'60分钟',1,'60公里',1.50,1.50,2.00,0,'610100CXO',0),(1322,'2022-04-28','14:20',13,'城西客运站','乾县客运站',3,3,40,40,22.50,2,2,'60分钟',1,'60公里',1.50,1.50,2.00,0,'610100CXO',0),(1323,'2022-04-28','14:30',13,'城西客运站','乾县客运站',3,3,40,40,22.50,2,2,'60分钟',1,'60公里',1.50,1.50,2.00,0,'610100CXO',0),(1324,'2022-04-28','14:40',13,'城西客运站','乾县客运站',3,3,40,40,22.50,2,2,'60分钟',1,'60公里',1.50,1.50,2.00,0,'610100CXO',0),(1325,'2022-04-28','14:50',13,'城西客运站','乾县客运站',3,3,40,40,22.50,2,2,'60分钟',1,'60公里',1.50,1.50,2.00,0,'610100CXO',0),(1326,'2022-04-28','15:00',13,'城西客运站','乾县客运站',3,3,40,40,22.50,2,2,'60分钟',1,'60公里',1.50,1.50,2.00,0,'610100CXO',0),(1327,'2022-04-28','15:10',13,'城西客运站','乾县客运站',3,3,40,40,22.50,2,2,'60分钟',1,'60公里',1.50,1.50,2.00,0,'610100CXO',0),(1328,'2022-04-28','15:20',13,'城西客运站','乾县客运站',3,3,40,40,22.50,2,2,'60分钟',1,'60公里',1.50,1.50,2.00,0,'610100CXO',0),(1329,'2022-04-28','15:30',13,'城西客运站','乾县客运站',3,3,40,40,22.50,2,2,'60分钟',1,'60公里',1.50,1.50,2.00,0,'610100CXO',0),(1330,'2022-04-28','15:40',13,'城西客运站','乾县客运站',3,3,40,40,22.50,2,2,'60分钟',1,'60公里',1.50,1.50,2.00,0,'610100CXO',0),(1331,'2022-04-28','15:50',13,'城西客运站','乾县客运站',3,3,40,40,22.50,2,2,'60分钟',1,'60公里',1.50,1.50,2.00,0,'610100CXO',0),(1332,'2022-04-28','16:00',13,'城西客运站','乾县客运站',3,3,40,40,22.50,2,2,'60分钟',1,'60公里',1.50,1.50,2.00,0,'610100CXO',0),(1333,'2022-04-28','16:10',13,'城西客运站','乾县客运站',3,3,40,40,22.50,2,2,'60分钟',1,'60公里',1.50,1.50,2.00,0,'610100CXO',0),(1334,'2022-04-28','16:20',13,'城西客运站','乾县客运站',3,3,40,40,22.50,2,2,'60分钟',1,'60公里',1.50,1.50,2.00,0,'610100CXO',0),(1335,'2022-04-28','16:30',13,'城西客运站','乾县客运站',3,3,40,40,22.50,2,2,'60分钟',1,'60公里',1.50,1.50,2.00,0,'610100CXO',0),(1336,'2022-04-28','16:40',13,'城西客运站','乾县客运站',3,3,40,40,22.50,2,2,'60分钟',1,'60公里',1.50,1.50,2.00,0,'610100CXO',0),(1337,'2022-04-28','16:50',13,'城西客运站','乾县客运站',3,3,40,40,22.50,2,2,'60分钟',1,'60公里',1.50,1.50,2.00,0,'610100CXO',0),(1338,'2022-04-28','17:00',13,'城西客运站','乾县客运站',3,3,40,40,22.50,2,2,'60分钟',1,'60公里',1.50,1.50,2.00,0,'610100CXO',0),(1339,'2022-04-28','17:10',13,'城西客运站','乾县客运站',3,3,40,40,22.50,2,2,'60分钟',1,'60公里',1.50,1.50,2.00,0,'610100CXO',0),(1340,'2022-04-28','17:20',13,'城西客运站','乾县客运站',3,3,40,40,22.50,2,2,'60分钟',1,'60公里',1.50,1.50,2.00,0,'610100CXO',0),(1341,'2022-04-28','17:30',13,'城西客运站','乾县客运站',3,3,40,40,22.50,2,2,'60分钟',1,'60公里',1.50,1.50,2.00,0,'610100CXO',0),(1342,'2022-04-28','17:40',13,'城西客运站','乾县客运站',3,3,40,40,22.50,2,2,'60分钟',1,'60公里',1.50,1.50,2.00,0,'610100CXO',0),(1343,'2022-04-28','17:50',13,'城西客运站','乾县客运站',3,3,40,40,22.50,2,2,'60分钟',1,'60公里',1.50,1.50,2.00,0,'610100CXO',0),(1344,'2022-04-28','16:00前',15,'城西客运站','永寿汽车站',3,3,9999,9999,31.00,1,1,'45分钟',1,'70公里',1.50,1.50,2.00,0,'610100CXO',0),(1345,'2022-04-28','12:25',15,'城西客运站','永寿汽车站',3,3,40,40,26.50,2,2,'65分钟',1,'80公里',1.50,1.50,2.00,0,'610100CXO',0),(1346,'2022-04-28','16:00前',17,'城西客运站','淳化汽车站',3,3,9999,9999,28.00,1,1,'60分钟',1,'75公里',1.50,1.50,2.00,0,'610100CXO',0),(1347,'2022-04-28','16:00前',19,'城西客运站','彬县汽车站',3,3,9999,9999,46.80,1,1,'120分钟',1,'180公里',1.50,2.00,2.00,0,'610100CXO',0),(1348,'2022-04-29','19:50前',2,'兴平市客运站','城西客运站',3,3,9999,9999,15.00,1,1,'45分钟',1,'60公里',1.50,1.50,2.00,0,'610100CXO',0),(1349,'2022-04-29','19:50前',1,'城西客运站','兴平市客运站',3,3,9999,9999,15.00,1,1,'45分钟',1,'60公里',1.50,1.50,2.00,0,'610100XPO',0),(1350,'2022-04-29','18:40前',3,'城西客运站','武功镇',3,3,9999,9999,28.50,1,1,'79分钟',1,'107公里',1.50,2.00,2.00,0,'610100CXO',0),(1351,'2022-04-29','19:30前',3,'城西客运站','武功县客运站',3,3,9999,9999,22.90,1,1,'70分钟',1,'99公里',1.50,2.00,2.00,0,'610100CXO',0),(1352,'2022-04-29','18:40前',4,'武功镇','城西客运站',3,3,9999,9999,28.50,1,1,'79分钟',1,'107公里',1.50,2.00,2.00,0,'610100WGO',0),(1353,'2022-04-29','19:30前',4,'武功县客运站','城西客运站',3,3,9999,9999,22.90,1,1,'70分钟',1,'99公里',1.50,2.00,2.00,0,'610100WGO',0),(1354,'2022-04-29','19:00前',5,'城西客运站','礼泉汽车站',3,3,9999,9999,22.20,1,1,'65分钟',1,'95公里',1.50,1.50,2.00,0,'610100CXO',0),(1355,'2022-04-29','19:00前',6,'礼泉汽车站','城西客运站',3,3,9999,9999,22.20,1,1,'65分钟',1,'95公里',1.50,1.50,2.00,0,'610100LQO',0),(1356,'2022-04-29','16:30前',7,'城西客运站','旬邑汽车站',3,3,9999,9999,50.80,1,1,'120分钟',1,'140公里',1.50,2.00,2.00,0,'610100CXO',0),(1357,'2022-04-29','16:30前',8,'旬邑汽车站','城西客运站',3,3,9999,9999,50.80,1,1,'120分钟',1,'140公里',1.50,2.00,2.00,0,'610100XYO',0),(1358,'2022-04-29','11:50',9,'城西客运站','杨凌交通枢纽',3,3,40,40,26.00,2,1,'100分钟',1,'130公里',1.50,1.50,2.00,0,'610100CXO',0),(1359,'2022-04-29','11:50',10,'杨凌交通枢纽','城西客运站',3,3,40,40,26.00,2,1,'100分钟',1,'130公里',1.50,1.50,2.00,0,'610100YLO',0),(1360,'2022-04-29','12:15',9,'城西客运站','杨凌交通枢纽',3,3,40,40,26.00,2,1,'100分钟',1,'130公里',1.50,1.50,2.00,0,'610100CXO',0),(1361,'2022-04-29','13:15',9,'城西客运站','杨凌交通枢纽',3,3,40,40,26.00,2,1,'100分钟',1,'130公里',1.50,1.50,2.00,0,'610100CXO',0),(1362,'2022-04-29','14:15',9,'城西客运站','杨凌交通枢纽',3,3,40,40,26.00,2,1,'100分钟',1,'130公里',1.50,1.50,2.00,0,'610100CXO',0),(1363,'2022-04-29','15:15',9,'城西客运站','杨凌交通枢纽',3,3,40,40,26.00,2,1,'100分钟',1,'130公里',1.50,1.50,2.00,0,'610100CXO',0),(1364,'2022-04-29','16:15',9,'城西客运站','杨凌交通枢纽',3,3,40,40,26.00,2,1,'100分钟',1,'130公里',1.50,1.50,2.00,0,'610100CXO',0),(1365,'2022-04-29','17:15',9,'城西客运站','杨凌交通枢纽',3,3,40,40,26.00,2,1,'100分钟',1,'130公里',1.50,1.50,2.00,0,'610100CXO',0),(1366,'2022-04-29','18:15',9,'城西客运站','杨凌交通枢纽',3,3,40,40,26.00,2,1,'100分钟',1,'130公里',1.50,1.50,2.00,0,'610100CXO',0),(1367,'2022-04-29','17:00前',13,'城西客运站','乾县客运站',3,3,9999,9999,26.10,1,1,'40分钟',1,'60公里',1.50,1.50,2.00,0,'610100CXO',0),(1368,'2022-04-29','12:30',13,'城西客运站','乾县客运站',3,3,40,40,22.50,2,2,'60分钟',1,'60公里',1.50,1.50,2.00,0,'610100CXO',0),(1369,'2022-04-29','12:50',13,'城西客运站','乾县客运站',3,3,40,40,22.50,2,2,'60分钟',1,'60公里',1.50,1.50,2.00,0,'610100CXO',0),(1370,'2022-04-29','13:00',13,'城西客运站','乾县客运站',3,3,40,40,22.50,2,2,'60分钟',1,'60公里',1.50,1.50,2.00,0,'610100CXO',0),(1371,'2022-04-29','13:10',13,'城西客运站','乾县客运站',3,3,40,40,22.50,2,2,'60分钟',1,'60公里',1.50,1.50,2.00,0,'610100CXO',0),(1372,'2022-04-29','13:20',13,'城西客运站','乾县客运站',3,3,40,40,22.50,2,2,'60分钟',1,'60公里',1.50,1.50,2.00,0,'610100CXO',0),(1373,'2022-04-29','13:30',13,'城西客运站','乾县客运站',3,3,40,40,22.50,2,2,'60分钟',1,'60公里',1.50,1.50,2.00,0,'610100CXO',0),(1374,'2022-04-29','13:40',13,'城西客运站','乾县客运站',3,3,40,40,22.50,2,2,'60分钟',1,'60公里',1.50,1.50,2.00,0,'610100CXO',0),(1375,'2022-04-29','13:50',13,'城西客运站','乾县客运站',3,3,40,40,22.50,2,2,'60分钟',1,'60公里',1.50,1.50,2.00,0,'610100CXO',0),(1376,'2022-04-29','14:00',13,'城西客运站','乾县客运站',3,3,40,40,22.50,2,2,'60分钟',1,'60公里',1.50,1.50,2.00,0,'610100CXO',0),(1377,'2022-04-29','14:10',13,'城西客运站','乾县客运站',3,3,40,40,22.50,2,2,'60分钟',1,'60公里',1.50,1.50,2.00,0,'610100CXO',0),(1378,'2022-04-29','14:20',13,'城西客运站','乾县客运站',3,3,40,40,22.50,2,2,'60分钟',1,'60公里',1.50,1.50,2.00,0,'610100CXO',0),(1379,'2022-04-29','14:30',13,'城西客运站','乾县客运站',3,3,40,40,22.50,2,2,'60分钟',1,'60公里',1.50,1.50,2.00,0,'610100CXO',0),(1380,'2022-04-29','14:40',13,'城西客运站','乾县客运站',3,3,40,40,22.50,2,2,'60分钟',1,'60公里',1.50,1.50,2.00,0,'610100CXO',0),(1381,'2022-04-29','14:50',13,'城西客运站','乾县客运站',3,3,40,40,22.50,2,2,'60分钟',1,'60公里',1.50,1.50,2.00,0,'610100CXO',0),(1382,'2022-04-29','15:00',13,'城西客运站','乾县客运站',3,3,40,40,22.50,2,2,'60分钟',1,'60公里',1.50,1.50,2.00,0,'610100CXO',0),(1383,'2022-04-29','15:10',13,'城西客运站','乾县客运站',3,3,40,40,22.50,2,2,'60分钟',1,'60公里',1.50,1.50,2.00,0,'610100CXO',0),(1384,'2022-04-29','15:20',13,'城西客运站','乾县客运站',3,3,40,40,22.50,2,2,'60分钟',1,'60公里',1.50,1.50,2.00,0,'610100CXO',0),(1385,'2022-04-29','15:30',13,'城西客运站','乾县客运站',3,3,40,40,22.50,2,2,'60分钟',1,'60公里',1.50,1.50,2.00,0,'610100CXO',0),(1386,'2022-04-29','15:40',13,'城西客运站','乾县客运站',3,3,40,40,22.50,2,2,'60分钟',1,'60公里',1.50,1.50,2.00,0,'610100CXO',0),(1387,'2022-04-29','15:50',13,'城西客运站','乾县客运站',3,3,40,40,22.50,2,2,'60分钟',1,'60公里',1.50,1.50,2.00,0,'610100CXO',0),(1388,'2022-04-29','16:00',13,'城西客运站','乾县客运站',3,3,40,40,22.50,2,2,'60分钟',1,'60公里',1.50,1.50,2.00,0,'610100CXO',0),(1389,'2022-04-29','16:10',13,'城西客运站','乾县客运站',3,3,40,40,22.50,2,2,'60分钟',1,'60公里',1.50,1.50,2.00,0,'610100CXO',0),(1390,'2022-04-29','16:20',13,'城西客运站','乾县客运站',3,3,40,40,22.50,2,2,'60分钟',1,'60公里',1.50,1.50,2.00,0,'610100CXO',0),(1391,'2022-04-29','16:30',13,'城西客运站','乾县客运站',3,3,40,40,22.50,2,2,'60分钟',1,'60公里',1.50,1.50,2.00,0,'610100CXO',0),(1392,'2022-04-29','16:40',13,'城西客运站','乾县客运站',3,3,40,40,22.50,2,2,'60分钟',1,'60公里',1.50,1.50,2.00,0,'610100CXO',0),(1393,'2022-04-29','16:50',13,'城西客运站','乾县客运站',3,3,40,40,22.50,2,2,'60分钟',1,'60公里',1.50,1.50,2.00,0,'610100CXO',0),(1394,'2022-04-29','17:00',13,'城西客运站','乾县客运站',3,3,40,40,22.50,2,2,'60分钟',1,'60公里',1.50,1.50,2.00,0,'610100CXO',0),(1395,'2022-04-29','17:10',13,'城西客运站','乾县客运站',3,3,40,40,22.50,2,2,'60分钟',1,'60公里',1.50,1.50,2.00,0,'610100CXO',0),(1396,'2022-04-29','17:20',13,'城西客运站','乾县客运站',3,3,40,40,22.50,2,2,'60分钟',1,'60公里',1.50,1.50,2.00,0,'610100CXO',0),(1397,'2022-04-29','17:30',13,'城西客运站','乾县客运站',3,3,40,40,22.50,2,2,'60分钟',1,'60公里',1.50,1.50,2.00,0,'610100CXO',0),(1398,'2022-04-29','17:40',13,'城西客运站','乾县客运站',3,3,40,40,22.50,2,2,'60分钟',1,'60公里',1.50,1.50,2.00,0,'610100CXO',0),(1399,'2022-04-29','17:50',13,'城西客运站','乾县客运站',3,3,40,40,22.50,2,2,'60分钟',1,'60公里',1.50,1.50,2.00,0,'610100CXO',0),(1400,'2022-04-29','16:00前',15,'城西客运站','永寿汽车站',3,3,9999,9999,31.00,1,1,'45分钟',1,'70公里',1.50,1.50,2.00,0,'610100CXO',0),(1401,'2022-04-29','12:25',15,'城西客运站','永寿汽车站',3,3,40,40,26.50,2,2,'65分钟',1,'80公里',1.50,1.50,2.00,0,'610100CXO',0),(1402,'2022-04-29','16:00前',17,'城西客运站','淳化汽车站',3,3,9999,9999,28.00,1,1,'60分钟',1,'75公里',1.50,1.50,2.00,0,'610100CXO',0),(1403,'2022-04-29','16:00前',19,'城西客运站','彬县汽车站',3,3,9999,9999,46.80,1,1,'120分钟',1,'180公里',1.50,2.00,2.00,0,'610100CXO',0),(1405,'2022-03-06','08:00',13,'城西客运站','永寿汽车站',4,4,25,25,28.00,2,1,'1小时',1,'80公里',28.00,28.00,28.00,0,'610100CXO',1),(1406,'2022-04-30','19:50前',2,'兴平市客运站','城西客运站',3,3,9999,9999,15.00,1,1,'45分钟',1,'60公里',1.50,1.50,2.00,0,'610100CXO',0),(1407,'2022-04-30','19:50前',1,'城西客运站','兴平市客运站',3,3,9999,9999,15.00,1,1,'45分钟',1,'60公里',1.50,1.50,2.00,0,'610100XPO',0),(1408,'2022-04-30','18:40前',3,'城西客运站','武功镇',3,3,9999,9999,28.50,1,1,'79分钟',1,'107公里',1.50,2.00,2.00,0,'610100CXO',0),(1409,'2022-04-30','19:30前',3,'城西客运站','武功县客运站',3,3,9999,9999,22.90,1,1,'70分钟',1,'99公里',1.50,2.00,2.00,0,'610100CXO',0),(1410,'2022-04-30','18:40前',4,'武功镇','城西客运站',3,3,9999,9999,28.50,1,1,'79分钟',1,'107公里',1.50,2.00,2.00,0,'610100WGO',0),(1411,'2022-04-30','19:30前',4,'武功县客运站','城西客运站',3,3,9999,9999,22.90,1,1,'70分钟',1,'99公里',1.50,2.00,2.00,0,'610100WGO',0),(1412,'2022-04-30','19:00前',5,'城西客运站','礼泉汽车站',3,3,9999,9999,22.20,1,1,'65分钟',1,'95公里',1.50,1.50,2.00,0,'610100CXO',0),(1413,'2022-04-30','19:00前',6,'礼泉汽车站','城西客运站',3,3,9999,9999,22.20,1,1,'65分钟',1,'95公里',1.50,1.50,2.00,0,'610100LQO',0),(1414,'2022-04-30','16:30前',7,'城西客运站','旬邑汽车站',3,3,9999,9999,50.80,1,1,'120分钟',1,'140公里',1.50,2.00,2.00,0,'610100CXO',0),(1415,'2022-04-30','16:30前',8,'旬邑汽车站','城西客运站',3,3,9999,9999,50.80,1,1,'120分钟',1,'140公里',1.50,2.00,2.00,0,'610100XYO',0),(1416,'2022-04-30','11:50',9,'城西客运站','杨凌交通枢纽',3,3,40,40,26.00,2,1,'100分钟',1,'130公里',1.50,1.50,2.00,0,'610100CXO',0),(1417,'2022-04-30','11:50',10,'杨凌交通枢纽','城西客运站',3,3,40,40,26.00,2,1,'100分钟',1,'130公里',1.50,1.50,2.00,0,'610100YLO',0),(1418,'2022-04-30','12:15',9,'城西客运站','杨凌交通枢纽',3,3,40,40,26.00,2,1,'100分钟',1,'130公里',1.50,1.50,2.00,0,'610100CXO',0),(1419,'2022-04-30','13:15',9,'城西客运站','杨凌交通枢纽',3,3,40,40,26.00,2,1,'100分钟',1,'130公里',1.50,1.50,2.00,0,'610100CXO',0),(1420,'2022-04-30','14:15',9,'城西客运站','杨凌交通枢纽',3,3,40,40,26.00,2,1,'100分钟',1,'130公里',1.50,1.50,2.00,0,'610100CXO',0),(1421,'2022-04-30','15:15',9,'城西客运站','杨凌交通枢纽',3,3,40,40,26.00,2,1,'100分钟',1,'130公里',1.50,1.50,2.00,0,'610100CXO',0),(1422,'2022-04-30','16:15',9,'城西客运站','杨凌交通枢纽',3,3,40,40,26.00,2,1,'100分钟',1,'130公里',1.50,1.50,2.00,0,'610100CXO',0),(1423,'2022-04-30','17:15',9,'城西客运站','杨凌交通枢纽',3,3,40,40,26.00,2,1,'100分钟',1,'130公里',1.50,1.50,2.00,0,'610100CXO',0),(1424,'2022-04-30','18:15',9,'城西客运站','杨凌交通枢纽',3,3,40,40,26.00,2,1,'100分钟',1,'130公里',1.50,1.50,2.00,0,'610100CXO',0),(1425,'2022-04-30','17:00前',13,'城西客运站','乾县客运站',3,3,9999,9999,26.10,1,1,'40分钟',1,'60公里',1.50,1.50,2.00,0,'610100CXO',0),(1426,'2022-04-30','12:30',13,'城西客运站','乾县客运站',3,3,40,40,22.50,2,2,'60分钟',1,'60公里',1.50,1.50,2.00,0,'610100CXO',0),(1427,'2022-04-30','12:50',13,'城西客运站','乾县客运站',3,3,40,40,22.50,2,2,'60分钟',1,'60公里',1.50,1.50,2.00,0,'610100CXO',0),(1428,'2022-04-30','13:00',13,'城西客运站','乾县客运站',3,3,40,40,22.50,2,2,'60分钟',1,'60公里',1.50,1.50,2.00,0,'610100CXO',0),(1429,'2022-04-30','13:10',13,'城西客运站','乾县客运站',3,3,40,40,22.50,2,2,'60分钟',1,'60公里',1.50,1.50,2.00,0,'610100CXO',0),(1430,'2022-04-30','13:20',13,'城西客运站','乾县客运站',3,3,40,40,22.50,2,2,'60分钟',1,'60公里',1.50,1.50,2.00,0,'610100CXO',0),(1431,'2022-04-30','13:30',13,'城西客运站','乾县客运站',3,3,40,40,22.50,2,2,'60分钟',1,'60公里',1.50,1.50,2.00,0,'610100CXO',0),(1432,'2022-04-30','13:40',13,'城西客运站','乾县客运站',3,3,40,40,22.50,2,2,'60分钟',1,'60公里',1.50,1.50,2.00,0,'610100CXO',0),(1433,'2022-04-30','13:50',13,'城西客运站','乾县客运站',3,3,40,40,22.50,2,2,'60分钟',1,'60公里',1.50,1.50,2.00,0,'610100CXO',0),(1434,'2022-04-30','14:00',13,'城西客运站','乾县客运站',3,3,40,40,22.50,2,2,'60分钟',1,'60公里',1.50,1.50,2.00,0,'610100CXO',0),(1435,'2022-04-30','14:10',13,'城西客运站','乾县客运站',3,3,40,40,22.50,2,2,'60分钟',1,'60公里',1.50,1.50,2.00,0,'610100CXO',0),(1436,'2022-04-30','14:20',13,'城西客运站','乾县客运站',3,3,40,40,22.50,2,2,'60分钟',1,'60公里',1.50,1.50,2.00,0,'610100CXO',0),(1437,'2022-04-30','14:30',13,'城西客运站','乾县客运站',3,3,40,40,22.50,2,2,'60分钟',1,'60公里',1.50,1.50,2.00,0,'610100CXO',0),(1438,'2022-04-30','14:40',13,'城西客运站','乾县客运站',3,3,40,40,22.50,2,2,'60分钟',1,'60公里',1.50,1.50,2.00,0,'610100CXO',0),(1439,'2022-04-30','14:50',13,'城西客运站','乾县客运站',3,3,40,40,22.50,2,2,'60分钟',1,'60公里',1.50,1.50,2.00,0,'610100CXO',0),(1440,'2022-04-30','15:00',13,'城西客运站','乾县客运站',3,3,40,40,22.50,2,2,'60分钟',1,'60公里',1.50,1.50,2.00,0,'610100CXO',0),(1441,'2022-04-30','15:10',13,'城西客运站','乾县客运站',3,3,40,40,22.50,2,2,'60分钟',1,'60公里',1.50,1.50,2.00,0,'610100CXO',0),(1442,'2022-04-30','15:20',13,'城西客运站','乾县客运站',3,3,40,40,22.50,2,2,'60分钟',1,'60公里',1.50,1.50,2.00,0,'610100CXO',0),(1443,'2022-04-30','15:30',13,'城西客运站','乾县客运站',3,3,40,40,22.50,2,2,'60分钟',1,'60公里',1.50,1.50,2.00,0,'610100CXO',0),(1444,'2022-04-30','15:40',13,'城西客运站','乾县客运站',3,3,40,40,22.50,2,2,'60分钟',1,'60公里',1.50,1.50,2.00,0,'610100CXO',0),(1445,'2022-04-30','15:50',13,'城西客运站','乾县客运站',3,3,40,40,22.50,2,2,'60分钟',1,'60公里',1.50,1.50,2.00,0,'610100CXO',0),(1446,'2022-04-30','16:00',13,'城西客运站','乾县客运站',3,3,40,40,22.50,2,2,'60分钟',1,'60公里',1.50,1.50,2.00,0,'610100CXO',0),(1447,'2022-04-30','16:10',13,'城西客运站','乾县客运站',3,3,40,40,22.50,2,2,'60分钟',1,'60公里',1.50,1.50,2.00,0,'610100CXO',0),(1448,'2022-04-30','16:20',13,'城西客运站','乾县客运站',3,3,40,40,22.50,2,2,'60分钟',1,'60公里',1.50,1.50,2.00,0,'610100CXO',0),(1449,'2022-04-30','16:30',13,'城西客运站','乾县客运站',3,3,40,40,22.50,2,2,'60分钟',1,'60公里',1.50,1.50,2.00,0,'610100CXO',0),(1450,'2022-04-30','16:40',13,'城西客运站','乾县客运站',3,3,40,40,22.50,2,2,'60分钟',1,'60公里',1.50,1.50,2.00,0,'610100CXO',0),(1451,'2022-04-30','16:50',13,'城西客运站','乾县客运站',3,3,40,40,22.50,2,2,'60分钟',1,'60公里',1.50,1.50,2.00,0,'610100CXO',0),(1452,'2022-04-30','17:00',13,'城西客运站','乾县客运站',3,3,40,40,22.50,2,2,'60分钟',1,'60公里',1.50,1.50,2.00,0,'610100CXO',0),(1453,'2022-04-30','17:10',13,'城西客运站','乾县客运站',3,3,40,40,22.50,2,2,'60分钟',1,'60公里',1.50,1.50,2.00,0,'610100CXO',0),(1454,'2022-04-30','17:20',13,'城西客运站','乾县客运站',3,3,40,40,22.50,2,2,'60分钟',1,'60公里',1.50,1.50,2.00,0,'610100CXO',0),(1455,'2022-04-30','17:30',13,'城西客运站','乾县客运站',3,3,40,40,22.50,2,2,'60分钟',1,'60公里',1.50,1.50,2.00,0,'610100CXO',0),(1456,'2022-04-30','17:40',13,'城西客运站','乾县客运站',3,3,40,40,22.50,2,2,'60分钟',1,'60公里',1.50,1.50,2.00,0,'610100CXO',0),(1457,'2022-04-30','17:50',13,'城西客运站','乾县客运站',3,3,40,40,22.50,2,2,'60分钟',1,'60公里',1.50,1.50,2.00,0,'610100CXO',0),(1458,'2022-04-30','16:00前',15,'城西客运站','永寿汽车站',3,3,9999,9999,31.00,1,1,'45分钟',1,'70公里',1.50,1.50,2.00,0,'610100CXO',0),(1459,'2022-04-30','12:25',15,'城西客运站','永寿汽车站',3,3,40,40,26.50,2,2,'65分钟',1,'80公里',1.50,1.50,2.00,0,'610100CXO',0),(1460,'2022-04-30','16:00前',17,'城西客运站','淳化汽车站',3,3,9999,9999,28.00,1,1,'60分钟',1,'75公里',1.50,1.50,2.00,0,'610100CXO',0),(1461,'2022-04-30','16:00前',19,'城西客运站','彬县汽车站',3,3,9999,9999,46.80,1,1,'120分钟',1,'180公里',1.50,2.00,2.00,0,'610100CXO',0);
/*!40000 ALTER TABLE `shuttle_shift` ENABLE KEYS */;
UNLOCK TABLES;

--
-- Table structure for table `station`
--

DROP TABLE IF EXISTS `station`;
/*!40101 SET @saved_cs_client     = @@character_set_client */;
/*!40101 SET character_set_client = utf8 */;
CREATE TABLE `station` (
  `station_id` int(11) NOT NULL AUTO_INCREMENT COMMENT '车站ID',
  `station_number` varchar(9) DEFAULT NULL COMMENT '车站编号',
  `region_id` int(11) DEFAULT '-1' COMMENT '隶属地区id',
  `station_name` varchar(30) DEFAULT '-1' COMMENT '车站名称',
  `station_english_name` varchar(30) DEFAULT '-1' COMMENT '车站英文名称',
  `station_address` varchar(60) DEFAULT '-1' COMMENT '车站详细地址',
  `longitude` decimal(9,6) NOT NULL COMMENT '经度坐标',
  `latitude` decimal(9,6) NOT NULL COMMENT '纬度坐标',
  `star` int(1) NOT NULL COMMENT '是否为热门',
  PRIMARY KEY (`station_id`)
) ENGINE=InnoDB AUTO_INCREMENT=28 DEFAULT CHARSET=utf8;
/*!40101 SET character_set_client = @saved_cs_client */;

--
-- Dumping data for table `station`
--

LOCK TABLES `station` WRITE;
/*!40000 ALTER TABLE `station` DISABLE KEYS */;
INSERT INTO `station` VALUES (1,'610100CXO',1,'城西客运站','chengxikeyunzhan','陕西省西安市莲湖区枣园东路92号',108.874252,34.273998,1),(2,'610100CNO',1,'城南客运站','chengnankeyunzhan','陕西省西安市雁塔区朱雀大街南段与南三环交汇处西南角',108.937325,34.184803,1),(3,'610100CBO',1,'城北客运站','chengbeikeyunzhan','陕西省西安市未央区北二环路西段9号',108.941414,34.310551,1),(4,'610100XAS',1,'西安市汽车站（水司站）','xianshiqichezhan','陕西省西安市莲湖区丰庆路13号',108.920738,34.251785,1),(5,'610100FZC',1,'纺织城客运站','fangzhichengkeyunzhan','陕西省西安市灞桥区长乐东路103号',109.069901,34.280251,0),(6,'610100SFW',1,'三府湾客运站','sanfuwankeyunzhan','陕西省西安市新城区长缨西路353号',108.976639,34.277946,1),(7,'610100XAC',1,'西安汽车站','xianqichezhan','陕西省西安市新城区解放路354号',108.961708,34.275326,0),(8,'610100GLO',4,'高陵客运站','gaolingkeyunzhan','陕西省西安市高陵区西韩街363号',109.095078,34.533341,1),(9,'610100CAO',2,'长安汽车站','changanqichezhan','陕西省西安市长安区南长安街195号',108.946434,34.149971,0),(10,'610100LTO',3,'临潼汽车站','lintongqichezhan','陕西省西安市临潼区人民东路61号',109.214835,34.375058,1),(11,'610100HYO',5,'鄠邑汽车站','huyiqichezhan','陕西省西安市鄠邑区人民路与丰京路交汇处西北角',108.623298,34.108680,0),(12,'610100ZZO',7,'周至汽车站','zhouzhiqichezhan','陕西省西安市周至县农商西街与太白南路交叉口东北100米',108.207603,34.158894,0),(13,'610100LTO',8,'蓝田汽车站','lantianqichezhan','陕西省西安市蓝田县向阳路西段西关村商业一街(汽车站向南100米)',109.312469,34.155479,0),(14,'610100XYB',9,'咸阳汽车北站','xianyangqichebeizhan','陕西省咸阳市秦都区西兰路',108.692232,34.355671,1),(15,'610100XPO',10,'兴平客运站','xingpingkeyunzhan','陕西省咸阳市兴平市S104(东环路南段)',108.497313,34.294543,1),(16,'610100WGO',11,'武功客运站','wugongkeyunzhan','陕西省咸阳市武功县育才东路与邰城路交叉口东北50米',108.212273,34.262760,0),(17,'610100YLO',12,'杨凌交通枢纽','yanglingjiaotongshuniu','陕西省咸阳市杨陵区有邰路(法禧家园西北侧约150米)',108.055672,34.253269,1),(18,'610100SYO',13,'三原客运站','sanyuankeyunzhan','陕西省咸阳市三原县宴友思大街东段',108.950218,34.613763,0),(19,'610100SYB',13,'三原城北客运站','sanyuanchengbeikeyunzhan','陕西省咸阳市三原县人民银行大街',108.940698,34.626831,1),(20,'610100JYO',14,'泾阳汽车站','jingyangqichezhan','陕西省咸阳市泾阳县泾干大街268号',108.834105,34.531922,1),(21,'610100LQO',15,'礼泉汽车站','liquanqichezhan','陕西省咸阳市礼泉县兴礼北路(近312国道)',108.429935,34.476797,0),(22,'610100QXO',16,'乾县客运站','qianxianqichezhan','陕西省咸阳市乾县东新街71号',108.248772,34.526791,0),(23,'610100CHO',17,'淳化汽车站','chunhuaqichezhan','陕西省咸阳市淳化县南新街7号',108.597415,34.781940,0),(24,'610100YSO',18,'永寿汽车站','yongshouqichezhan','陕西省咸阳市永寿县312国道丽晶假日酒店旁边',108.143580,34.688834,1),(25,'610100XYO',19,'旬邑汽车站','xunyiqichezhan','陕西省咸阳市旬邑县南大街',108.336576,35.108680,0),(26,'610100BXO',20,'彬县汽车站','binxianqichezhan','陕西省咸阳市彬州市城关镇公刘街',108.084492,35.040590,0),(27,'610100CWO',21,'长武汽车站','changwuqichezhan','陕西省咸阳市长武县长巨公路11号',107.789724,35.199402,0);
/*!40000 ALTER TABLE `station` ENABLE KEYS */;
UNLOCK TABLES;

--
-- Table structure for table `user`
--

DROP TABLE IF EXISTS `user`;
/*!40101 SET @saved_cs_client     = @@character_set_client */;
/*!40101 SET character_set_client = utf8 */;
CREATE TABLE `user` (
  `user_id` int(11) NOT NULL AUTO_INCREMENT COMMENT '用户ID',
  `phone_number` varchar(11) NOT NULL COMMENT '电话号码',
  `name` varchar(30) DEFAULT '1' COMMENT '真实姓名',
  `sex` int(1) DEFAULT '-1' COMMENT '性别 1男，2女',
  `card_type` int(1) DEFAULT '-1' COMMENT '证件类型: 1身份证,2军人证,3护照,4港澳居民来往内地通行证,5台湾居民来往内地通行证,6港澳台居民居住证',
  `card_number` varchar(20) DEFAULT '-1' COMMENT '证件号码',
  `email` varchar(20) DEFAULT '-1' COMMENT 'email',
  `old_password` varchar(16) NOT NULL COMMENT '旧密码',
  `password` varchar(16) NOT NULL COMMENT '现密码',
  `total_length` varchar(20) DEFAULT '-1' COMMENT '总出行里程',
  `total_duration` varchar(16) DEFAULT NULL COMMENT '总出行时长',
  `total_order_quantity` varchar(16) DEFAULT NULL COMMENT '总订单量',
  `total_regions_id` varchar(16) DEFAULT NULL COMMENT '用户去过的地区id集合',
  `perms` varchar(45) DEFAULT NULL,
  PRIMARY KEY (`user_id`),
  UNIQUE KEY `phone_number` (`phone_number`)
) ENGINE=InnoDB AUTO_INCREMENT=16 DEFAULT CHARSET=utf8;
/*!40101 SET character_set_client = @saved_cs_client */;

--
-- Dumping data for table `user`
--

LOCK TABLES `user` WRITE;
/*!40000 ALTER TABLE `user` DISABLE KEYS */;
INSERT INTO `user` VALUES (1,'18082509082','王星星',-1,1,'610429200112193324','','ef7273727193615f','ef7273727193615f','0公里','12','123','123','manager'),(2,'18082509081','高宁宇',1,6,'620212828882837191','-1','18082509082','yuanjiawei','0公里','12','123','123','user'),(3,'18082509012',NULL,0,0,NULL,NULL,'3b97a81003131e05','3b97a81003131e05',NULL,NULL,NULL,NULL,'user'),(4,'18012509012',NULL,0,0,NULL,NULL,'3b97a81003131e05','3b97a81003131e05',NULL,NULL,NULL,NULL,'user'),(5,'18012501212',NULL,0,0,NULL,NULL,'3b97a81003131e05','3b97a81003131e05',NULL,NULL,NULL,NULL,'user'),(6,'18112501212',NULL,0,0,NULL,NULL,'3b97a81003131e05','3b97a81003131e05',NULL,NULL,NULL,NULL,'user'),(7,'18082509086',NULL,0,0,NULL,NULL,'3b97a81003131e05','3b97a81003131e05',NULL,NULL,NULL,NULL,'user'),(9,'18191106120','O****',1,1,'12****4',NULL,'cb24fa390ba8d2be','cb24fa390ba8d2be',NULL,NULL,NULL,NULL,'user'),(10,'17629100892','韩璐',2,1,'6127290000002',NULL,'323b453885f5181f','323b453885f5181f',NULL,NULL,NULL,NULL,'user'),(11,'18082509011','1',-1,-1,'-1','-1','yuanjiawei','yuanjiawei','-1',NULL,NULL,NULL,'user'),(12,'18702928318',NULL,0,0,NULL,NULL,'0f7e0b930f37926c','0f7e0b930f37926c',NULL,NULL,NULL,NULL,'user'),(13,'18791039910',NULL,0,0,NULL,NULL,'fb411be97b3b0d48','fb411be97b3b0d48',NULL,NULL,NULL,NULL,'user'),(14,'18891816772','990',-1,1,'610429200112193224',NULL,'7412b5da7be0cf42','49ba59abbe56e057',NULL,NULL,NULL,NULL,'user'),(15,'15191068154',NULL,0,0,NULL,NULL,'49ba59abbe56e057','49ba59abbe56e057',NULL,NULL,NULL,NULL,'user');
/*!40000 ALTER TABLE `user` ENABLE KEYS */;
UNLOCK TABLES;

--
-- Dumping events for database 'coach_station'
--

--
-- Dumping routines for database 'coach_station'
--
/*!40103 SET TIME_ZONE=@OLD_TIME_ZONE */;

/*!40101 SET SQL_MODE=@OLD_SQL_MODE */;
/*!40014 SET FOREIGN_KEY_CHECKS=@OLD_FOREIGN_KEY_CHECKS */;
/*!40014 SET UNIQUE_CHECKS=@OLD_UNIQUE_CHECKS */;
/*!40101 SET CHARACTER_SET_CLIENT=@OLD_CHARACTER_SET_CLIENT */;
/*!40101 SET CHARACTER_SET_RESULTS=@OLD_CHARACTER_SET_RESULTS */;
/*!40101 SET COLLATION_CONNECTION=@OLD_COLLATION_CONNECTION */;
/*!40111 SET SQL_NOTES=@OLD_SQL_NOTES */;

-- Dump completed on 2022-04-15  8:12:49
